Indicator Category,Indicator Code,Indicator,Reporting Economy Code,Reporting Economy ISO3A Code,Reporting Economy,Partner Economy Code,Partner Economy ISO3A Code,Partner Economy,Product/Sector Classification Code,Product/Sector Classification,Product/Sector Code,Product/Sector,Period Code,Period,Frequency Code,Frequency,Unit Code,Unit,Year,Value Flag Code,Value Flag,Text Value,Value
MFN applied tariffs,TP_A_0030,Trade-weighted MFN applied tariff average - all products,004,AFG,Afghanistan,-,,-,-,-,-,-,A,Annual,A,Annual,PCT,Percent,2012,,,,8.313539013
MFN applied tariffs,TP_A_0030,Trade-weighted MFN applied tariff average - all products,004,AFG,Afghanistan,-,,-,-,-,-,-,A,Annual,A,Annual,PCT,Percent,2013,,,,6.806913464
MFN applied tariffs,TP_A_0030,Trade-weighted MFN applied tariff average - all products,004,AFG,Afghanistan,-,,-,-,-,-,-,A,Annual,A,Annual,PCT,Percent,2018,,,,5.733345369
MFN applied tariffs,TP_A_0030,Trade-weighted MFN applied tariff average - all products,004,AFG,Afghanistan,-,,-,-,-,-,-,A,Annual,A,Annual,PCT,Percent,2008,,,,8.053203893
MFN applied tariffs,TP_A_0030,Trade-weighted MFN applied tariff average - all products,008,ALB,Albania,-,,-,-,-,-,-,A,Annual,A,Annual,PCT,Percent,2006,,,,6.644176045
MFN applied tariffs,TP_A_0030,Trade-weighted MFN applied tariff average - all products,008,ALB,Albania,-,,-,-,-,-,-,A,Annual,A,Annual,PCT,Percent,2007,,,,6.275183369
MFN applied tariffs,TP_A_0030,Trade-weighted MFN applied tariff average - all products,008,ALB,Albania,-,,-,-,-,-,-,A,Annual,A,Annual,PCT,Percent,2008,,,,5.238321739
MFN applied tariffs,TP_A_0030,Trade-weighted MFN applied tariff average - all products,008,ALB,Albania,-,,-,-,-,-,-,A,Annual,A,Annual,PCT,Percent,2021,,,,3.59850067
MFN applied tariffs,TP_A_0030,Trade-weighted MFN applied tariff average - all products,008,ALB,Albania,-,,-,-,-,-,-,A,Annual,A,Annual,PCT,Percent,2022,,,,3.666424952
MFN applied tariffs,TP_A_0030,Trade-weighted MFN applied tariff average - all products,008,ALB,Albania,-,,-,-,-,-,-,A,Annual,A,Annual,PCT,Percent,2023,,,,3.330031974
MFN applied tariffs,TP_A_0030,Trade-weighted MFN applied tariff average - all products,008,ALB,Albania,-,,-,-,-,-,-,A,Annual,A,Annual,PCT,Percent,2024,,,,3.476688082
MFN applied tariffs,TP_A_0030,Trade-weighted MFN applied tariff average - all products,008,ALB,Albania,-,,-,-,-,-,-,A,Annual,A,Annual,PCT,Percent,2015,,,,3.576986507
MFN applied tariffs,TP_A_0030,Trade-weighted MFN applied tariff average - all products,008,ALB,Albania,-,,-,-,-,-,-,A,Annual,A,Annual,PCT,Percent,2016,,,,3.421328047
MFN applied tariffs,TP_A_0030,Trade-weighted MFN applied tariff average - all products,008,ALB,Albania,-,,-,-,-,-,-,A,Annual,A,Annual,PCT,Percent,2017,,,,3.32879508
MFN applied tariffs,TP_A_0030,Trade-weighted MFN applied tariff average - all products,008,ALB,Albania,-,,-,-,-,-,-,A,Annual,A,Annual,PCT,Percent,2018,,,,3.62177484
MFN applied tariffs,TP_A_0030,Trade-weighted MFN applied tariff average - all products,008,ALB,Albania,-,,-,-,-,-,-,A,Annual,A,Annual,PCT,Percent,2019,,,,3.552782289
MFN applied tariffs,TP_A_0030,Trade-weighted MFN applied tariff average - all products,008,ALB,Albania,-,,-,-,-,-,-,A,Annual,A,Annual,PCT,Percent,2020,,,,3.717866726
MFN applied tariffs,TP_A_0030,Trade-weighted MFN applied tariff average - all products,008,ALB,Albania,-,,-,-,-,-,-,A,Annual,A,Annual,PCT,Percent,2009,,,,5.097499859
MFN applied tariffs,TP_A_0030,Trade-weighted MFN applied tariff average - all products,008,ALB,Albania,-,,-,-,-,-,-,A,Annual,A,Annual,PCT,Percent,2010,,,,4.992655442
MFN applied tariffs,TP_A_0030,Trade-weighted MFN applied tariff average - all products,008,ALB,Albania,-,,-,-,-,-,-,A,Annual,A,Annual,PCT,Percent,2011,,,,4.988310613
MFN applied tariffs,TP_A_0030,Trade-weighted MFN applied tariff average - all products,008,ALB,Albania,-,,-,-,-,-,-,A,Annual,A,Annual,PCT,Percent,2012,,,,4.733944478
MFN applied tariffs,TP_A_0030,Trade-weighted MFN applied tariff average - all products,008,ALB,Albania,-,,-,-,-,-,-,A,Annual,A,Annual,PCT,Percent,2013,,,,3.807057122
MFN applied tariffs,TP_A_0030,Trade-weighted MFN applied tariff average - all products,008,ALB,Albania,-,,-,-,-,-,-,A,Annual,A,Annual,PCT,Percent,2014,,,,3.832860891
MFN applied tariffs,TP_A_0030,Trade-weighted MFN applied tariff average - all products,012,DZA,Algeria,-,,-,-,-,-,-,A,Annual,A,Annual,PCT,Percent,2006,,,,11.98873629
MFN applied tariffs,TP_A_0030,Trade-weighted MFN applied tariff average - all products,012,DZA,Algeria,-,,-,-,-,-,-,A,Annual,A,Annual,PCT,Percent,2007,,,,12.01493647
MFN applied tariffs,TP_A_0030,Trade-weighted MFN applied tariff average - all products,012,DZA,Algeria,-,,-,-,-,-,-,A,Annual,A,Annual,PCT,Percent,2008,,,,12.01977331
MFN applied tariffs,TP_A_0030,Trade-weighted MFN applied tariff average - all products,012,DZA,Algeria,-,,-,-,-,-,-,A,Annual,A,Annual,PCT,Percent,2009,,,,11.62400774
MFN applied tariffs,TP_A_0030,Trade-weighted MFN applied tariff average - all products,012,DZA,Algeria,-,,-,-,-,-,-,A,Annual,A,Annual,PCT,Percent,2010,,,,12.10077717
MFN applied tariffs,TP_A_0030,Trade-weighted MFN applied tariff average - all products,012,DZA,Algeria,-,,-,-,-,-,-,A,Annual,A,Annual,PCT,Percent,2014,,,,13.08168732
MFN applied tariffs,TP_A_0030,Trade-weighted MFN applied tariff average - all products,012,DZA,Algeria,-,,-,-,-,-,-,A,Annual,A,Annual,PCT,Percent,2015,,,,12.25602077
MFN applied tariffs,TP_A_0030,Trade-weighted MFN applied tariff average - all products,012,DZA,Algeria,-,,-,-,-,-,-,A,Annual,A,Annual,PCT,Percent,2016,,,,12.78275029
MFN applied tariffs,TP_A_0030,Trade-weighted MFN applied tariff average - all products,012,DZA,Algeria,-,,-,-,-,-,-,A,Annual,A,Annual,PCT,Percent,2017,,,,13.09346224
MFN applied tariffs,TP_A_0030,Trade-weighted MFN applied tariff average - all products,012,DZA,Algeria,-,,-,-,-,-,-,A,Annual,A,Annual,PCT,Percent,2018,,,,13.78423762
MFN applied tariffs,TP_A_0030,Trade-weighted MFN applied tariff average - all products,012,DZA,Algeria,-,,-,-,-,-,-,A,Annual,A,Annual,PCT,Percent,2019,,,,13.79816158
MFN applied tariffs,TP_A_0030,Trade-weighted MFN applied tariff average - all products,024,AGO,Angola,-,,-,-,-,-,-,A,Annual,A,Annual,PCT,Percent,2008,,,,7.963208051
MFN applied tariffs,TP_A_0030,Trade-weighted MFN applied tariff average - all products,024,AGO,Angola,-,,-,-,-,-,-,A,Annual,A,Annual,PCT,Percent,2016,,,,9.488070055
MFN applied tariffs,TP_A_0030,Trade-weighted MFN applied tariff average - all products,024,AGO,Angola,-,,-,-,-,-,-,A,Annual,A,Annual,PCT,Percent,2019,,,,7.471967123
MFN applied tariffs,TP_A_0030,Trade-weighted MFN applied tariff average - all products,024,AGO,Angola,-,,-,-,-,-,-,A,Annual,A,Annual,PCT,Percent,2021,,,,10.06630108
MFN applied tariffs,TP_A_0030,Trade-weighted MFN applied tariff average - all products,024,AGO,Angola,-,,-,-,-,-,-,A,Annual,A,Annual,PCT,Percent,2022,,,,8.151670463
MFN applied tariffs,TP_A_0030,Trade-weighted MFN applied tariff average - all products,024,AGO,Angola,-,,-,-,-,-,-,A,Annual,A,Annual,PCT,Percent,2023,,,,7.268895253
MFN applied tariffs,TP_A_0030,Trade-weighted MFN applied tariff average - all products,028,ATG,Antigua and Barbuda,-,,-,-,-,-,-,A,Annual,A,Annual,PCT,Percent,2007,,,,14.38234815
MFN applied tariffs,TP_A_0030,Trade-weighted MFN applied tariff average - all products,028,ATG,Antigua and Barbuda,-,,-,-,-,-,-,A,Annual,A,Annual,PCT,Percent,2008,,,,14.89609046
MFN applied tariffs,TP_A_0030,Trade-weighted MFN applied tariff average - all products,028,ATG,Antigua and Barbuda,-,,-,-,-,-,-,A,Annual,A,Annual,PCT,Percent,2009,,,,13.41888126
MFN applied tariffs,TP_A_0030,Trade-weighted MFN applied tariff average - all products,028,ATG,Antigua and Barbuda,-,,-,-,-,-,-,A,Annual,A,Annual,PCT,Percent,2019,,,,14.93858305
MFN applied tariffs,TP_A_0030,Trade-weighted MFN applied tariff average - all products,028,ATG,Antigua and Barbuda,-,,-,-,-,-,-,A,Annual,A,Annual,PCT,Percent,2021,,,,14.93858305
MFN applied tariffs,TP_A_0030,Trade-weighted MFN applied tariff average - all products,028,ATG,Antigua and Barbuda,-,,-,-,-,-,-,A,Annual,A,Annual,PCT,Percent,2022,,,,14.63884665
MFN applied tariffs,TP_A_0030,Trade-weighted MFN applied tariff average - all products,028,ATG,Antigua and Barbuda,-,,-,-,-,-,-,A,Annual,A,Annual,PCT,Percent,2013,,,,17.27860671
MFN applied tariffs,TP_A_0030,Trade-weighted MFN applied tariff average - all products,028,ATG,Antigua and Barbuda,-,,-,-,-,-,-,A,Annual,A,Annual,PCT,Percent,2014,,,,14.19155403
MFN applied tariffs,TP_A_0030,Trade-weighted MFN applied tariff average - all products,028,ATG,Antigua and Barbuda,-,,-,-,-,-,-,A,Annual,A,Annual,PCT,Percent,2015,,,,13.07873618
MFN applied tariffs,TP_A_0030,Trade-weighted MFN applied tariff average - all products,028,ATG,Antigua and Barbuda,-,,-,-,-,-,-,A,Annual,A,Annual,PCT,Percent,2016,,,,16.0059616
MFN applied tariffs,TP_A_0030,Trade-weighted MFN applied tariff average - all products,028,ATG,Antigua and Barbuda,-,,-,-,-,-,-,A,Annual,A,Annual,PCT,Percent,2017,,,,16.14980841
MFN applied tariffs,TP_A_0030,Trade-weighted MFN applied tariff average - all products,028,ATG,Antigua and Barbuda,-,,-,-,-,-,-,A,Annual,A,Annual,PCT,Percent,2018,,,,15.1868711
MFN applied tariffs,TP_A_0030,Trade-weighted MFN applied tariff average - all products,031,AZE,Azerbaijan,-,,-,-,-,-,-,A,Annual,A,Annual,PCT,Percent,2005,,,,5.645851776
MFN applied tariffs,TP_A_0030,Trade-weighted MFN applied tariff average - all products,031,AZE,Azerbaijan,-,,-,-,-,-,-,A,Annual,A,Annual,PCT,Percent,2007,,,,5.638445968
MFN applied tariffs,TP_A_0030,Trade-weighted MFN applied tariff average - all products,031,AZE,Azerbaijan,-,,-,-,-,-,-,A,Annual,A,Annual,PCT,Percent,2008,,,,5.54092674
MFN applied tariffs,TP_A_0030,Trade-weighted MFN applied tariff average - all products,031,AZE,Azerbaijan,-,,-,-,-,-,-,A,Annual,A,Annual,PCT,Percent,2019,,,,9.18719447
MFN applied tariffs,TP_A_0030,Trade-weighted MFN applied tariff average - all products,031,AZE,Azerbaijan,-,,-,-,-,-,-,A,Annual,A,Annual,PCT,Percent,2021,,,,8.203437293
MFN applied tariffs,TP_A_0030,Trade-weighted MFN applied tariff average - all products,031,AZE,Azerbaijan,-,,-,-,-,-,-,A,Annual,A,Annual,PCT,Percent,2022,,,,8.00014978
MFN applied tariffs,TP_A_0030,Trade-weighted MFN applied tariff average - all products,031,AZE,Azerbaijan,-,,-,-,-,-,-,A,Annual,A,Annual,PCT,Percent,2023,,,,7.563842663
MFN applied tariffs,TP_A_0030,Trade-weighted MFN applied tariff average - all products,031,AZE,Azerbaijan,-,,-,-,-,-,-,A,Annual,A,Annual,PCT,Percent,2024,,,,7.130279071
MFN applied tariffs,TP_A_0030,Trade-weighted MFN applied tariff average - all products,031,AZE,Azerbaijan,-,,-,-,-,-,-,A,Annual,A,Annual,PCT,Percent,2009,,,,5.924474775
MFN applied tariffs,TP_A_0030,Trade-weighted MFN applied tariff average - all products,031,AZE,Azerbaijan,-,,-,-,-,-,-,A,Annual,A,Annual,PCT,Percent,2011,,,,5.893531441
MFN applied tariffs,TP_A_0030,Trade-weighted MFN applied tariff average - all products,031,AZE,Azerbaijan,-,,-,-,-,-,-,A,Annual,A,Annual,PCT,Percent,2012,,,,6.388485131
MFN applied tariffs,TP_A_0030,Trade-weighted MFN applied tariff average - all products,031,AZE,Azerbaijan,-,,-,-,-,-,-,A,Annual,A,Annual,PCT,Percent,2013,,,,5.834643938
MFN applied tariffs,TP_A_0030,Trade-weighted MFN applied tariff average - all products,031,AZE,Azerbaijan,-,,-,-,-,-,-,A,Annual,A,Annual,PCT,Percent,2014,,,,6.906187203
MFN applied tariffs,TP_A_0030,Trade-weighted MFN applied tariff average - all products,031,AZE,Azerbaijan,-,,-,-,-,-,-,A,Annual,A,Annual,PCT,Percent,2015,,,,6.814822232
MFN applied tariffs,TP_A_0030,Trade-weighted MFN applied tariff average - all products,032,ARG,Argentina,-,,-,-,-,-,-,A,Annual,A,Annual,PCT,Percent,2006,,,,12.01329427
MFN applied tariffs,TP_A_0030,Trade-weighted MFN applied tariff average - all products,032,ARG,Argentina,-,,-,-,-,-,-,A,Annual,A,Annual,PCT,Percent,2019,,,,13.71230074
MFN applied tariffs,TP_A_0030,Trade-weighted MFN applied tariff average - all products,032,ARG,Argentina,-,,-,-,-,-,-,A,Annual,A,Annual,PCT,Percent,2020,,,,12.22914913
MFN applied tariffs,TP_A_0030,Trade-weighted MFN applied tariff average - all products,032,ARG,Argentina,-,,-,-,-,-,-,A,Annual,A,Annual,PCT,Percent,2021,,,,11.91142888
MFN applied tariffs,TP_A_0030,Trade-weighted MFN applied tariff average - all products,032,ARG,Argentina,-,,-,-,-,-,-,A,Annual,A,Annual,PCT,Percent,2022,,,,10.69689636
MFN applied tariffs,TP_A_0030,Trade-weighted MFN applied tariff average - all products,032,ARG,Argentina,-,,-,-,-,-,-,A,Annual,A,Annual,PCT,Percent,2023,,,,10.30651814
MFN applied tariffs,TP_A_0030,Trade-weighted MFN applied tariff average - all products,032,ARG,Argentina,-,,-,-,-,-,-,A,Annual,A,Annual,PCT,Percent,2024,,,,11.34252685
MFN applied tariffs,TP_A_0030,Trade-weighted MFN applied tariff average - all products,032,ARG,Argentina,-,,-,-,-,-,-,A,Annual,A,Annual,PCT,Percent,2013,,,,12.1199472
MFN applied tariffs,TP_A_0030,Trade-weighted MFN applied tariff average - all products,032,ARG,Argentina,-,,-,-,-,-,-,A,Annual,A,Annual,PCT,Percent,2014,,,,11.12905329
MFN applied tariffs,TP_A_0030,Trade-weighted MFN applied tariff average - all products,032,ARG,Argentina,-,,-,-,-,-,-,A,Annual,A,Annual,PCT,Percent,2015,,,,10.77616744
MFN applied tariffs,TP_A_0030,Trade-weighted MFN applied tariff average - all products,032,ARG,Argentina,-,,-,-,-,-,-,A,Annual,A,Annual,PCT,Percent,2016,,,,12.84914871
MFN applied tariffs,TP_A_0030,Trade-weighted MFN applied tariff average - all products,032,ARG,Argentina,-,,-,-,-,-,-,A,Annual,A,Annual,PCT,Percent,2017,,,,14.16000896
MFN applied tariffs,TP_A_0030,Trade-weighted MFN applied tariff average - all products,032,ARG,Argentina,-,,-,-,-,-,-,A,Annual,A,Annual,PCT,Percent,2018,,,,14.77694084
MFN applied tariffs,TP_A_0030,Trade-weighted MFN applied tariff average - all products,032,ARG,Argentina,-,,-,-,-,-,-,A,Annual,A,Annual,PCT,Percent,2007,,,,12.29448557
MFN applied tariffs,TP_A_0030,Trade-weighted MFN applied tariff average - all products,032,ARG,Argentina,-,,-,-,-,-,-,A,Annual,A,Annual,PCT,Percent,2008,,,,10.94137221
MFN applied tariffs,TP_A_0030,Trade-weighted MFN applied tariff average - all products,032,ARG,Argentina,-,,-,-,-,-,-,A,Annual,A,Annual,PCT,Percent,2009,,,,13.25590479
MFN applied tariffs,TP_A_0030,Trade-weighted MFN applied tariff average - all products,032,ARG,Argentina,-,,-,-,-,-,-,A,Annual,A,Annual,PCT,Percent,2010,,,,12.23822064
MFN applied tariffs,TP_A_0030,Trade-weighted MFN applied tariff average - all products,032,ARG,Argentina,-,,-,-,-,-,-,A,Annual,A,Annual,PCT,Percent,2011,,,,13.22038241
MFN applied tariffs,TP_A_0030,Trade-weighted MFN applied tariff average - all products,032,ARG,Argentina,-,,-,-,-,-,-,A,Annual,A,Annual,PCT,Percent,2012,,,,12.24334433
MFN applied tariffs,TP_A_0030,Trade-weighted MFN applied tariff average - all products,036,AUS,Australia,-,,-,-,-,-,-,A,Annual,A,Annual,PCT,Percent,2018,,,,4.295371251
MFN applied tariffs,TP_A_0030,Trade-weighted MFN applied tariff average - all products,036,AUS,Australia,-,,-,-,-,-,-,A,Annual,A,Annual,PCT,Percent,2019,,,,2.618702499
MFN applied tariffs,TP_A_0030,Trade-weighted MFN applied tariff average - all products,036,AUS,Australia,-,,-,-,-,-,-,A,Annual,A,Annual,PCT,Percent,2020,,,,2.49631234
MFN applied tariffs,TP_A_0030,Trade-weighted MFN applied tariff average - all products,036,AUS,Australia,-,,-,-,-,-,-,A,Annual,A,Annual,PCT,Percent,2021,,,,2.597883589
MFN applied tariffs,TP_A_0030,Trade-weighted MFN applied tariff average - all products,036,AUS,Australia,-,,-,-,-,-,-,A,Annual,A,Annual,PCT,Percent,2022,,,,2.627088116
MFN applied tariffs,TP_A_0030,Trade-weighted MFN applied tariff average - all products,036,AUS,Australia,-,,-,-,-,-,-,A,Annual,A,Annual,PCT,Percent,2023,,,,2.458136122
MFN applied tariffs,TP_A_0030,Trade-weighted MFN applied tariff average - all products,036,AUS,Australia,-,,-,-,-,-,-,A,Annual,A,Annual,PCT,Percent,2012,,,,2.468250954
MFN applied tariffs,TP_A_0030,Trade-weighted MFN applied tariff average - all products,036,AUS,Australia,-,,-,-,-,-,-,A,Annual,A,Annual,PCT,Percent,2013,,,,3.93948024
MFN applied tariffs,TP_A_0030,Trade-weighted MFN applied tariff average - all products,036,AUS,Australia,-,,-,-,-,-,-,A,Annual,A,Annual,PCT,Percent,2014,,,,4.107090217
MFN applied tariffs,TP_A_0030,Trade-weighted MFN applied tariff average - all products,036,AUS,Australia,-,,-,-,-,-,-,A,Annual,A,Annual,PCT,Percent,2015,,,,4.050654452
MFN applied tariffs,TP_A_0030,Trade-weighted MFN applied tariff average - all products,036,AUS,Australia,-,,-,-,-,-,-,A,Annual,A,Annual,PCT,Percent,2016,,,,3.95379008
MFN applied tariffs,TP_A_0030,Trade-weighted MFN applied tariff average - all products,036,AUS,Australia,-,,-,-,-,-,-,A,Annual,A,Annual,PCT,Percent,2017,,,,4.165087148
MFN applied tariffs,TP_A_0030,Trade-weighted MFN applied tariff average - all products,036,AUS,Australia,-,,-,-,-,-,-,A,Annual,A,Annual,PCT,Percent,2006,,,,6.506546492
MFN applied tariffs,TP_A_0030,Trade-weighted MFN applied tariff average - all products,036,AUS,Australia,-,,-,-,-,-,-,A,Annual,A,Annual,PCT,Percent,2007,,,,5.478412077
MFN applied tariffs,TP_A_0030,Trade-weighted MFN applied tariff average - all products,036,AUS,Australia,-,,-,-,-,-,-,A,Annual,A,Annual,PCT,Percent,2008,,,,5.320563814
MFN applied tariffs,TP_A_0030,Trade-weighted MFN applied tariff average - all products,036,AUS,Australia,-,,-,-,-,-,-,A,Annual,A,Annual,PCT,Percent,2009,,,,5.50013109
MFN applied tariffs,TP_A_0030,Trade-weighted MFN applied tariff average - all products,036,AUS,Australia,-,,-,-,-,-,-,A,Annual,A,Annual,PCT,Percent,2010,,,,3.928509619
MFN applied tariffs,TP_A_0030,Trade-weighted MFN applied tariff average - all products,036,AUS,Australia,-,,-,-,-,-,-,A,Annual,A,Annual,PCT,Percent,2011,,,,5.206509336
MFN applied tariffs,TP_A_0030,Trade-weighted MFN applied tariff average - all products,036,AUS,Australia,-,,-,-,-,-,-,A,Annual,A,Annual,PCT,Percent,2024,,,,2.563432765
MFN applied tariffs,TP_A_0030,Trade-weighted MFN applied tariff average - all products,044,BHS,Bahamas,-,,-,-,-,-,-,A,Annual,A,Annual,PCT,Percent,2007,,,,22.4886904
MFN applied tariffs,TP_A_0030,Trade-weighted MFN applied tariff average - all products,044,BHS,Bahamas,-,,-,-,-,-,-,A,Annual,A,Annual,PCT,Percent,2009,,,,22.77561681
MFN applied tariffs,TP_A_0030,Trade-weighted MFN applied tariff average - all products,044,BHS,Bahamas,-,,-,-,-,-,-,A,Annual,A,Annual,PCT,Percent,2010,,,,21.77495625
MFN applied tariffs,TP_A_0030,Trade-weighted MFN applied tariff average - all products,044,BHS,Bahamas,-,,-,-,-,-,-,A,Annual,A,Annual,PCT,Percent,2011,,,,19.4547155
MFN applied tariffs,TP_A_0030,Trade-weighted MFN applied tariff average - all products,044,BHS,Bahamas,-,,-,-,-,-,-,A,Annual,A,Annual,PCT,Percent,2013,,,,18.37700212
MFN applied tariffs,TP_A_0030,Trade-weighted MFN applied tariff average - all products,044,BHS,Bahamas,-,,-,-,-,-,-,A,Annual,A,Annual,PCT,Percent,2014,,,,20.80013106
MFN applied tariffs,TP_A_0030,Trade-weighted MFN applied tariff average - all products,044,BHS,Bahamas,-,,-,-,-,-,-,A,Annual,A,Annual,PCT,Percent,2015,,,,19.15127231
MFN applied tariffs,TP_A_0030,Trade-weighted MFN applied tariff average - all products,044,BHS,Bahamas,-,,-,-,-,-,-,A,Annual,A,Annual,PCT,Percent,2016,,,,19.35982703
MFN applied tariffs,TP_A_0030,Trade-weighted MFN applied tariff average - all products,044,BHS,Bahamas,-,,-,-,-,-,-,A,Annual,A,Annual,PCT,Percent,2018,,,,17.95938434
MFN applied tariffs,TP_A_0030,Trade-weighted MFN applied tariff average - all products,044,BHS,Bahamas,-,,-,-,-,-,-,A,Annual,A,Annual,PCT,Percent,2024,,,,12.79903185
MFN applied tariffs,TP_A_0030,Trade-weighted MFN applied tariff average - all products,048,BHR,"Bahrain, Kingdom of",-,,-,-,-,-,-,A,Annual,A,Annual,PCT,Percent,2006,,,,5.542146572
MFN applied tariffs,TP_A_0030,Trade-weighted MFN applied tariff average - all products,048,BHR,"Bahrain, Kingdom of",-,,-,-,-,-,-,A,Annual,A,Annual,PCT,Percent,2020,,,,5.986187715
MFN applied tariffs,TP_A_0030,Trade-weighted MFN applied tariff average - all products,048,BHR,"Bahrain, Kingdom of",-,,-,-,-,-,-,A,Annual,A,Annual,PCT,Percent,2021,,,,5.430587124
MFN applied tariffs,TP_A_0030,Trade-weighted MFN applied tariff average - all products,048,BHR,"Bahrain, Kingdom of",-,,-,-,-,-,-,A,Annual,A,Annual,PCT,Percent,2022,,,,4.887421269
MFN applied tariffs,TP_A_0030,Trade-weighted MFN applied tariff average - all products,048,BHR,"Bahrain, Kingdom of",-,,-,-,-,-,-,A,Annual,A,Annual,PCT,Percent,2023,,,,4.200640483
MFN applied tariffs,TP_A_0030,Trade-weighted MFN applied tariff average - all products,048,BHR,"Bahrain, Kingdom of",-,,-,-,-,-,-,A,Annual,A,Annual,PCT,Percent,2024,,,,4.09139368
MFN applied tariffs,TP_A_0030,Trade-weighted MFN applied tariff average - all products,048,BHR,"Bahrain, Kingdom of",-,,-,-,-,-,-,A,Annual,A,Annual,PCT,Percent,2014,,,,6.397277071
MFN applied tariffs,TP_A_0030,Trade-weighted MFN applied tariff average - all products,048,BHR,"Bahrain, Kingdom of",-,,-,-,-,-,-,A,Annual,A,Annual,PCT,Percent,2015,,,,5.345813428
MFN applied tariffs,TP_A_0030,Trade-weighted MFN applied tariff average - all products,048,BHR,"Bahrain, Kingdom of",-,,-,-,-,-,-,A,Annual,A,Annual,PCT,Percent,2016,,,,6.239621203
MFN applied tariffs,TP_A_0030,Trade-weighted MFN applied tariff average - all products,048,BHR,"Bahrain, Kingdom of",-,,-,-,-,-,-,A,Annual,A,Annual,PCT,Percent,2017,,,,6.451372632
MFN applied tariffs,TP_A_0030,Trade-weighted MFN applied tariff average - all products,048,BHR,"Bahrain, Kingdom of",-,,-,-,-,-,-,A,Annual,A,Annual,PCT,Percent,2018,,,,6.893181521
MFN applied tariffs,TP_A_0030,Trade-weighted MFN applied tariff average - all products,048,BHR,"Bahrain, Kingdom of",-,,-,-,-,-,-,A,Annual,A,Annual,PCT,Percent,2019,,,,5.705872092
MFN applied tariffs,TP_A_0030,Trade-weighted MFN applied tariff average - all products,048,BHR,"Bahrain, Kingdom of",-,,-,-,-,-,-,A,Annual,A,Annual,PCT,Percent,2007,,,,5.58615266
MFN applied tariffs,TP_A_0030,Trade-weighted MFN applied tariff average - all products,048,BHR,"Bahrain, Kingdom of",-,,-,-,-,-,-,A,Annual,A,Annual,PCT,Percent,2008,,,,5.829494297
MFN applied tariffs,TP_A_0030,Trade-weighted MFN applied tariff average - all products,048,BHR,"Bahrain, Kingdom of",-,,-,-,-,-,-,A,Annual,A,Annual,PCT,Percent,2009,,,,5.809873913
MFN applied tariffs,TP_A_0030,Trade-weighted MFN applied tariff average - all products,048,BHR,"Bahrain, Kingdom of",-,,-,-,-,-,-,A,Annual,A,Annual,PCT,Percent,2011,,,,5.838432412
MFN applied tariffs,TP_A_0030,Trade-weighted MFN applied tariff average - all products,048,BHR,"Bahrain, Kingdom of",-,,-,-,-,-,-,A,Annual,A,Annual,PCT,Percent,2012,,,,6.422418901
MFN applied tariffs,TP_A_0030,Trade-weighted MFN applied tariff average - all products,048,BHR,"Bahrain, Kingdom of",-,,-,-,-,-,-,A,Annual,A,Annual,PCT,Percent,2013,,,,5.491635052
MFN applied tariffs,TP_A_0030,Trade-weighted MFN applied tariff average - all products,050,BGD,Bangladesh,-,,-,-,-,-,-,A,Annual,A,Annual,PCT,Percent,2008,,,,9.228586118
MFN applied tariffs,TP_A_0030,Trade-weighted MFN applied tariff average - all products,050,BGD,Bangladesh,-,,-,-,-,-,-,A,Annual,A,Annual,PCT,Percent,2016,,,,10.64230979
MFN applied tariffs,TP_A_0030,Trade-weighted MFN applied tariff average - all products,051,ARM,Armenia,-,,-,-,-,-,-,A,Annual,A,Annual,PCT,Percent,2006,,,,3.26783178
MFN applied tariffs,TP_A_0030,Trade-weighted MFN applied tariff average - all products,051,ARM,Armenia,-,,-,-,-,-,-,A,Annual,A,Annual,PCT,Percent,2008,,,,3.795791793
MFN applied tariffs,TP_A_0030,Trade-weighted MFN applied tariff average - all products,051,ARM,Armenia,-,,-,-,-,-,-,A,Annual,A,Annual,PCT,Percent,2012,,,,3.628920909
MFN applied tariffs,TP_A_0030,Trade-weighted MFN applied tariff average - all products,051,ARM,Armenia,-,,-,-,-,-,-,A,Annual,A,Annual,PCT,Percent,2013,,,,3.383551019
MFN applied tariffs,TP_A_0030,Trade-weighted MFN applied tariff average - all products,051,ARM,Armenia,-,,-,-,-,-,-,A,Annual,A,Annual,PCT,Percent,2014,,,,2.966133995
MFN applied tariffs,TP_A_0030,Trade-weighted MFN applied tariff average - all products,051,ARM,Armenia,-,,-,-,-,-,-,A,Annual,A,Annual,PCT,Percent,2023,,,,6.463174286
MFN applied tariffs,TP_A_0030,Trade-weighted MFN applied tariff average - all products,051,ARM,Armenia,-,,-,-,-,-,-,A,Annual,A,Annual,PCT,Percent,2024,,,,7.501714554
MFN applied tariffs,TP_A_0030,Trade-weighted MFN applied tariff average - all products,051,ARM,Armenia,-,,-,-,-,-,-,A,Annual,A,Annual,PCT,Percent,2015,,,,5.237104274
MFN applied tariffs,TP_A_0030,Trade-weighted MFN applied tariff average - all products,051,ARM,Armenia,-,,-,-,-,-,-,A,Annual,A,Annual,PCT,Percent,2016,,,,4.626084926
MFN applied tariffs,TP_A_0030,Trade-weighted MFN applied tariff average - all products,051,ARM,Armenia,-,,-,-,-,-,-,A,Annual,A,Annual,PCT,Percent,2017,,,,4.275749104
MFN applied tariffs,TP_A_0030,Trade-weighted MFN applied tariff average - all products,051,ARM,Armenia,-,,-,-,-,-,-,A,Annual,A,Annual,PCT,Percent,2018,,,,6.19417447
MFN applied tariffs,TP_A_0030,Trade-weighted MFN applied tariff average - all products,051,ARM,Armenia,-,,-,-,-,-,-,A,Annual,A,Annual,PCT,Percent,2019,,,,5.739560595
MFN applied tariffs,TP_A_0030,Trade-weighted MFN applied tariff average - all products,051,ARM,Armenia,-,,-,-,-,-,-,A,Annual,A,Annual,PCT,Percent,2021,,,,5.71766684
MFN applied tariffs,TP_A_0030,Trade-weighted MFN applied tariff average - all products,052,BRB,Barbados,-,,-,-,-,-,-,A,Annual,A,Annual,PCT,Percent,2007,,,,19.67419693
MFN applied tariffs,TP_A_0030,Trade-weighted MFN applied tariff average - all products,052,BRB,Barbados,-,,-,-,-,-,-,A,Annual,A,Annual,PCT,Percent,2011,,,,14.70506621
MFN applied tariffs,TP_A_0030,Trade-weighted MFN applied tariff average - all products,052,BRB,Barbados,-,,-,-,-,-,-,A,Annual,A,Annual,PCT,Percent,2012,,,,13.13010441
MFN applied tariffs,TP_A_0030,Trade-weighted MFN applied tariff average - all products,052,BRB,Barbados,-,,-,-,-,-,-,A,Annual,A,Annual,PCT,Percent,2013,,,,14.20016667
MFN applied tariffs,TP_A_0030,Trade-weighted MFN applied tariff average - all products,052,BRB,Barbados,-,,-,-,-,-,-,A,Annual,A,Annual,PCT,Percent,2021,,,,13.71572026
MFN applied tariffs,TP_A_0030,Trade-weighted MFN applied tariff average - all products,052,BRB,Barbados,-,,-,-,-,-,-,A,Annual,A,Annual,PCT,Percent,2022,,,,22.09653629
MFN applied tariffs,TP_A_0030,Trade-weighted MFN applied tariff average - all products,060,BMU,Bermuda,-,,-,-,-,-,-,A,Annual,A,Annual,PCT,Percent,-,,,,24.29774188
MFN applied tariffs,TP_A_0030,Trade-weighted MFN applied tariff average - all products,064,BTN,Bhutan,-,,-,-,-,-,-,A,Annual,A,Annual,PCT,Percent,-,,,,23.73584892
MFN applied tariffs,TP_A_0030,Trade-weighted MFN applied tariff average - all products,068,BOL,"Bolivia, Plurinational State of",-,,-,-,-,-,-,A,Annual,A,Annual,PCT,Percent,2006,,,,8.526340704
MFN applied tariffs,TP_A_0030,Trade-weighted MFN applied tariff average - all products,068,BOL,"Bolivia, Plurinational State of",-,,-,-,-,-,-,A,Annual,A,Annual,PCT,Percent,2007,,,,8.09217758
MFN applied tariffs,TP_A_0030,Trade-weighted MFN applied tariff average - all products,068,BOL,"Bolivia, Plurinational State of",-,,-,-,-,-,-,A,Annual,A,Annual,PCT,Percent,2020,,,,9.604683537
MFN applied tariffs,TP_A_0030,Trade-weighted MFN applied tariff average - all products,068,BOL,"Bolivia, Plurinational State of",-,,-,-,-,-,-,A,Annual,A,Annual,PCT,Percent,2021,,,,9.953965078
MFN applied tariffs,TP_A_0030,Trade-weighted MFN applied tariff average - all products,068,BOL,"Bolivia, Plurinational State of",-,,-,-,-,-,-,A,Annual,A,Annual,PCT,Percent,2022,,,,9.66262985
MFN applied tariffs,TP_A_0030,Trade-weighted MFN applied tariff average - all products,068,BOL,"Bolivia, Plurinational State of",-,,-,-,-,-,-,A,Annual,A,Annual,PCT,Percent,2023,,,,9.68787543
MFN applied tariffs,TP_A_0030,Trade-weighted MFN applied tariff average - all products,068,BOL,"Bolivia, Plurinational State of",-,,-,-,-,-,-,A,Annual,A,Annual,PCT,Percent,2014,,,,8.469342843
MFN applied tariffs,TP_A_0030,Trade-weighted MFN applied tariff average - all products,068,BOL,"Bolivia, Plurinational State of",-,,-,-,-,-,-,A,Annual,A,Annual,PCT,Percent,2015,,,,8.587787394
MFN applied tariffs,TP_A_0030,Trade-weighted MFN applied tariff average - all products,068,BOL,"Bolivia, Plurinational State of",-,,-,-,-,-,-,A,Annual,A,Annual,PCT,Percent,2016,,,,8.96373483
MFN applied tariffs,TP_A_0030,Trade-weighted MFN applied tariff average - all products,068,BOL,"Bolivia, Plurinational State of",-,,-,-,-,-,-,A,Annual,A,Annual,PCT,Percent,2017,,,,9.388373993
MFN applied tariffs,TP_A_0030,Trade-weighted MFN applied tariff average - all products,068,BOL,"Bolivia, Plurinational State of",-,,-,-,-,-,-,A,Annual,A,Annual,PCT,Percent,2018,,,,9.381401329
MFN applied tariffs,TP_A_0030,Trade-weighted MFN applied tariff average - all products,068,BOL,"Bolivia, Plurinational State of",-,,-,-,-,-,-,A,Annual,A,Annual,PCT,Percent,2019,,,,9.158160255
MFN applied tariffs,TP_A_0030,Trade-weighted MFN applied tariff average - all products,068,BOL,"Bolivia, Plurinational State of",-,,-,-,-,-,-,A,Annual,A,Annual,PCT,Percent,2008,,,,8.32960201
MFN applied tariffs,TP_A_0030,Trade-weighted MFN applied tariff average - all products,068,BOL,"Bolivia, Plurinational State of",-,,-,-,-,-,-,A,Annual,A,Annual,PCT,Percent,2009,,,,8.517451214
MFN applied tariffs,TP_A_0030,Trade-weighted MFN applied tariff average - all products,068,BOL,"Bolivia, Plurinational State of",-,,-,-,-,-,-,A,Annual,A,Annual,PCT,Percent,2010,,,,8.772687361
MFN applied tariffs,TP_A_0030,Trade-weighted MFN applied tariff average - all products,068,BOL,"Bolivia, Plurinational State of",-,,-,-,-,-,-,A,Annual,A,Annual,PCT,Percent,2011,,,,8.707276501
MFN applied tariffs,TP_A_0030,Trade-weighted MFN applied tariff average - all products,068,BOL,"Bolivia, Plurinational State of",-,,-,-,-,-,-,A,Annual,A,Annual,PCT,Percent,2012,,,,8.734317709
MFN applied tariffs,TP_A_0030,Trade-weighted MFN applied tariff average - all products,068,BOL,"Bolivia, Plurinational State of",-,,-,-,-,-,-,A,Annual,A,Annual,PCT,Percent,2013,,,,8.933642008
MFN applied tariffs,TP_A_0030,Trade-weighted MFN applied tariff average - all products,070,BIH,Bosnia and Herzegovina,-,,-,-,-,-,-,A,Annual,A,Annual,PCT,Percent,2015,,,,7.603815351
MFN applied tariffs,TP_A_0030,Trade-weighted MFN applied tariff average - all products,070,BIH,Bosnia and Herzegovina,-,,-,-,-,-,-,A,Annual,A,Annual,PCT,Percent,2016,,,,7.872183458
MFN applied tariffs,TP_A_0030,Trade-weighted MFN applied tariff average - all products,070,BIH,Bosnia and Herzegovina,-,,-,-,-,-,-,A,Annual,A,Annual,PCT,Percent,2017,,,,7.876437762
MFN applied tariffs,TP_A_0030,Trade-weighted MFN applied tariff average - all products,070,BIH,Bosnia and Herzegovina,-,,-,-,-,-,-,A,Annual,A,Annual,PCT,Percent,2018,,,,7.931813333
MFN applied tariffs,TP_A_0030,Trade-weighted MFN applied tariff average - all products,070,BIH,Bosnia and Herzegovina,-,,-,-,-,-,-,A,Annual,A,Annual,PCT,Percent,2019,,,,8.143742543
MFN applied tariffs,TP_A_0030,Trade-weighted MFN applied tariff average - all products,070,BIH,Bosnia and Herzegovina,-,,-,-,-,-,-,A,Annual,A,Annual,PCT,Percent,2021,,,,8.454779999
MFN applied tariffs,TP_A_0030,Trade-weighted MFN applied tariff average - all products,070,BIH,Bosnia and Herzegovina,-,,-,-,-,-,-,A,Annual,A,Annual,PCT,Percent,2009,,,,8.129305314
MFN applied tariffs,TP_A_0030,Trade-weighted MFN applied tariff average - all products,070,BIH,Bosnia and Herzegovina,-,,-,-,-,-,-,A,Annual,A,Annual,PCT,Percent,2010,,,,8.176338103
MFN applied tariffs,TP_A_0030,Trade-weighted MFN applied tariff average - all products,070,BIH,Bosnia and Herzegovina,-,,-,-,-,-,-,A,Annual,A,Annual,PCT,Percent,2011,,,,7.817527524
MFN applied tariffs,TP_A_0030,Trade-weighted MFN applied tariff average - all products,070,BIH,Bosnia and Herzegovina,-,,-,-,-,-,-,A,Annual,A,Annual,PCT,Percent,2012,,,,7.380420609
MFN applied tariffs,TP_A_0030,Trade-weighted MFN applied tariff average - all products,070,BIH,Bosnia and Herzegovina,-,,-,-,-,-,-,A,Annual,A,Annual,PCT,Percent,2013,,,,7.405330544
MFN applied tariffs,TP_A_0030,Trade-weighted MFN applied tariff average - all products,070,BIH,Bosnia and Herzegovina,-,,-,-,-,-,-,A,Annual,A,Annual,PCT,Percent,2014,,,,7.920834765
MFN applied tariffs,TP_A_0030,Trade-weighted MFN applied tariff average - all products,070,BIH,Bosnia and Herzegovina,-,,-,-,-,-,-,A,Annual,A,Annual,PCT,Percent,2023,,,,7.461938586
MFN applied tariffs,TP_A_0030,Trade-weighted MFN applied tariff average - all products,070,BIH,Bosnia and Herzegovina,-,,-,-,-,-,-,A,Annual,A,Annual,PCT,Percent,2024,,,,8.028769218
MFN applied tariffs,TP_A_0030,Trade-weighted MFN applied tariff average - all products,070,BIH,Bosnia and Herzegovina,-,,-,-,-,-,-,A,Annual,A,Annual,PCT,Percent,2007,,,,8.316645451
MFN applied tariffs,TP_A_0030,Trade-weighted MFN applied tariff average - all products,070,BIH,Bosnia and Herzegovina,-,,-,-,-,-,-,A,Annual,A,Annual,PCT,Percent,2008,,,,8.510423218
MFN applied tariffs,TP_A_0030,Trade-weighted MFN applied tariff average - all products,072,BWA,Botswana,-,,-,-,-,-,-,A,Annual,A,Annual,PCT,Percent,2008,,,,8.055742216
MFN applied tariffs,TP_A_0030,Trade-weighted MFN applied tariff average - all products,072,BWA,Botswana,-,,-,-,-,-,-,A,Annual,A,Annual,PCT,Percent,2009,,,,7.450447353
MFN applied tariffs,TP_A_0030,Trade-weighted MFN applied tariff average - all products,072,BWA,Botswana,-,,-,-,-,-,-,A,Annual,A,Annual,PCT,Percent,2010,,,,7.651812726
MFN applied tariffs,TP_A_0030,Trade-weighted MFN applied tariff average - all products,072,BWA,Botswana,-,,-,-,-,-,-,A,Annual,A,Annual,PCT,Percent,2011,,,,7.642703928
MFN applied tariffs,TP_A_0030,Trade-weighted MFN applied tariff average - all products,072,BWA,Botswana,-,,-,-,-,-,-,A,Annual,A,Annual,PCT,Percent,2024,,,,6.514233639
MFN applied tariffs,TP_A_0030,Trade-weighted MFN applied tariff average - all products,072,BWA,Botswana,-,,-,-,-,-,-,A,Annual,A,Annual,PCT,Percent,2018,,,,6.289485586
MFN applied tariffs,TP_A_0030,Trade-weighted MFN applied tariff average - all products,072,BWA,Botswana,-,,-,-,-,-,-,A,Annual,A,Annual,PCT,Percent,2019,,,,6.25263603
MFN applied tariffs,TP_A_0030,Trade-weighted MFN applied tariff average - all products,072,BWA,Botswana,-,,-,-,-,-,-,A,Annual,A,Annual,PCT,Percent,2020,,,,6.37374162
MFN applied tariffs,TP_A_0030,Trade-weighted MFN applied tariff average - all products,072,BWA,Botswana,-,,-,-,-,-,-,A,Annual,A,Annual,PCT,Percent,2021,,,,5.745634389
MFN applied tariffs,TP_A_0030,Trade-weighted MFN applied tariff average - all products,072,BWA,Botswana,-,,-,-,-,-,-,A,Annual,A,Annual,PCT,Percent,2022,,,,5.55106762
MFN applied tariffs,TP_A_0030,Trade-weighted MFN applied tariff average - all products,072,BWA,Botswana,-,,-,-,-,-,-,A,Annual,A,Annual,PCT,Percent,2023,,,,5.625284815
MFN applied tariffs,TP_A_0030,Trade-weighted MFN applied tariff average - all products,072,BWA,Botswana,-,,-,-,-,-,-,A,Annual,A,Annual,PCT,Percent,2012,,,,7.04416288
MFN applied tariffs,TP_A_0030,Trade-weighted MFN applied tariff average - all products,072,BWA,Botswana,-,,-,-,-,-,-,A,Annual,A,Annual,PCT,Percent,2013,,,,6.62882095
MFN applied tariffs,TP_A_0030,Trade-weighted MFN applied tariff average - all products,072,BWA,Botswana,-,,-,-,-,-,-,A,Annual,A,Annual,PCT,Percent,2014,,,,5.890703998
MFN applied tariffs,TP_A_0030,Trade-weighted MFN applied tariff average - all products,072,BWA,Botswana,-,,-,-,-,-,-,A,Annual,A,Annual,PCT,Percent,2015,,,,5.281710119
MFN applied tariffs,TP_A_0030,Trade-weighted MFN applied tariff average - all products,072,BWA,Botswana,-,,-,-,-,-,-,A,Annual,A,Annual,PCT,Percent,2016,,,,4.871528123
MFN applied tariffs,TP_A_0030,Trade-weighted MFN applied tariff average - all products,072,BWA,Botswana,-,,-,-,-,-,-,A,Annual,A,Annual,PCT,Percent,2017,,,,5.694762528
MFN applied tariffs,TP_A_0030,Trade-weighted MFN applied tariff average - all products,076,BRA,Brazil,-,,-,-,-,-,-,A,Annual,A,Annual,PCT,Percent,2006,,,,8.169693504
MFN applied tariffs,TP_A_0030,Trade-weighted MFN applied tariff average - all products,076,BRA,Brazil,-,,-,-,-,-,-,A,Annual,A,Annual,PCT,Percent,2007,,,,8.665917063
MFN applied tariffs,TP_A_0030,Trade-weighted MFN applied tariff average - all products,076,BRA,Brazil,-,,-,-,-,-,-,A,Annual,A,Annual,PCT,Percent,2008,,,,8.562680665
MFN applied tariffs,TP_A_0030,Trade-weighted MFN applied tariff average - all products,076,BRA,Brazil,-,,-,-,-,-,-,A,Annual,A,Annual,PCT,Percent,2009,,,,8.801406757
MFN applied tariffs,TP_A_0030,Trade-weighted MFN applied tariff average - all products,076,BRA,Brazil,-,,-,-,-,-,-,A,Annual,A,Annual,PCT,Percent,2010,,,,10.00269159
MFN applied tariffs,TP_A_0030,Trade-weighted MFN applied tariff average - all products,076,BRA,Brazil,-,,-,-,-,-,-,A,Annual,A,Annual,PCT,Percent,2023,,,,6.74262404
MFN applied tariffs,TP_A_0030,Trade-weighted MFN applied tariff average - all products,076,BRA,Brazil,-,,-,-,-,-,-,A,Annual,A,Annual,PCT,Percent,2024,,,,8.012769092
MFN applied tariffs,TP_A_0030,Trade-weighted MFN applied tariff average - all products,076,BRA,Brazil,-,,-,-,-,-,-,A,Annual,A,Annual,PCT,Percent,2017,,,,10.29549383
MFN applied tariffs,TP_A_0030,Trade-weighted MFN applied tariff average - all products,076,BRA,Brazil,-,,-,-,-,-,-,A,Annual,A,Annual,PCT,Percent,2018,,,,10.01663977
MFN applied tariffs,TP_A_0030,Trade-weighted MFN applied tariff average - all products,076,BRA,Brazil,-,,-,-,-,-,-,A,Annual,A,Annual,PCT,Percent,2019,,,,10.1566184
MFN applied tariffs,TP_A_0030,Trade-weighted MFN applied tariff average - all products,076,BRA,Brazil,-,,-,-,-,-,-,A,Annual,A,Annual,PCT,Percent,2020,,,,10.01504306
MFN applied tariffs,TP_A_0030,Trade-weighted MFN applied tariff average - all products,076,BRA,Brazil,-,,-,-,-,-,-,A,Annual,A,Annual,PCT,Percent,2021,,,,9.96776241
MFN applied tariffs,TP_A_0030,Trade-weighted MFN applied tariff average - all products,076,BRA,Brazil,-,,-,-,-,-,-,A,Annual,A,Annual,PCT,Percent,2022,,,,9.131446311
MFN applied tariffs,TP_A_0030,Trade-weighted MFN applied tariff average - all products,076,BRA,Brazil,-,,-,-,-,-,-,A,Annual,A,Annual,PCT,Percent,2011,,,,10.16492469
MFN applied tariffs,TP_A_0030,Trade-weighted MFN applied tariff average - all products,076,BRA,Brazil,-,,-,-,-,-,-,A,Annual,A,Annual,PCT,Percent,2012,,,,10.21626513
MFN applied tariffs,TP_A_0030,Trade-weighted MFN applied tariff average - all products,076,BRA,Brazil,-,,-,-,-,-,-,A,Annual,A,Annual,PCT,Percent,2013,,,,9.98964533
MFN applied tariffs,TP_A_0030,Trade-weighted MFN applied tariff average - all products,076,BRA,Brazil,-,,-,-,-,-,-,A,Annual,A,Annual,PCT,Percent,2014,,,,10.07374098
MFN applied tariffs,TP_A_0030,Trade-weighted MFN applied tariff average - all products,076,BRA,Brazil,-,,-,-,-,-,-,A,Annual,A,Annual,PCT,Percent,2015,,,,9.898775424
MFN applied tariffs,TP_A_0030,Trade-weighted MFN applied tariff average - all products,076,BRA,Brazil,-,,-,-,-,-,-,A,Annual,A,Annual,PCT,Percent,2016,,,,10.38032587
MFN applied tariffs,TP_A_0030,Trade-weighted MFN applied tariff average - all products,084,BLZ,Belize,-,,-,-,-,-,-,A,Annual,A,Annual,PCT,Percent,-,,,,17.22514153
MFN applied tariffs,TP_A_0030,Trade-weighted MFN applied tariff average - all products,084,BLZ,Belize,-,,-,-,-,-,-,A,Annual,A,Annual,PCT,Percent,2007,,,,16.12621964
MFN applied tariffs,TP_A_0030,Trade-weighted MFN applied tariff average - all products,084,BLZ,Belize,-,,-,-,-,-,-,A,Annual,A,Annual,PCT,Percent,2008,,,,14.38438785
MFN applied tariffs,TP_A_0030,Trade-weighted MFN applied tariff average - all products,084,BLZ,Belize,-,,-,-,-,-,-,A,Annual,A,Annual,PCT,Percent,2009,,,,15.88330032
MFN applied tariffs,TP_A_0030,Trade-weighted MFN applied tariff average - all products,084,BLZ,Belize,-,,-,-,-,-,-,A,Annual,A,Annual,PCT,Percent,2024,,,,16.069696
MFN applied tariffs,TP_A_0030,Trade-weighted MFN applied tariff average - all products,084,BLZ,Belize,-,,-,-,-,-,-,A,Annual,A,Annual,PCT,Percent,2016,,,,19.15933945
MFN applied tariffs,TP_A_0030,Trade-weighted MFN applied tariff average - all products,084,BLZ,Belize,-,,-,-,-,-,-,A,Annual,A,Annual,PCT,Percent,2017,,,,19.01978038
MFN applied tariffs,TP_A_0030,Trade-weighted MFN applied tariff average - all products,084,BLZ,Belize,-,,-,-,-,-,-,A,Annual,A,Annual,PCT,Percent,2018,,,,17.81937885
MFN applied tariffs,TP_A_0030,Trade-weighted MFN applied tariff average - all products,084,BLZ,Belize,-,,-,-,-,-,-,A,Annual,A,Annual,PCT,Percent,2019,,,,17.53311681
MFN applied tariffs,TP_A_0030,Trade-weighted MFN applied tariff average - all products,084,BLZ,Belize,-,,-,-,-,-,-,A,Annual,A,Annual,PCT,Percent,2021,,,,17.35982201
MFN applied tariffs,TP_A_0030,Trade-weighted MFN applied tariff average - all products,084,BLZ,Belize,-,,-,-,-,-,-,A,Annual,A,Annual,PCT,Percent,2023,,,,16.65198243
MFN applied tariffs,TP_A_0030,Trade-weighted MFN applied tariff average - all products,084,BLZ,Belize,-,,-,-,-,-,-,A,Annual,A,Annual,PCT,Percent,2010,,,,13.64680763
MFN applied tariffs,TP_A_0030,Trade-weighted MFN applied tariff average - all products,084,BLZ,Belize,-,,-,-,-,-,-,A,Annual,A,Annual,PCT,Percent,2011,,,,15.4835694
MFN applied tariffs,TP_A_0030,Trade-weighted MFN applied tariff average - all products,084,BLZ,Belize,-,,-,-,-,-,-,A,Annual,A,Annual,PCT,Percent,2012,,,,15.2926565
MFN applied tariffs,TP_A_0030,Trade-weighted MFN applied tariff average - all products,084,BLZ,Belize,-,,-,-,-,-,-,A,Annual,A,Annual,PCT,Percent,2013,,,,14.63195716
MFN applied tariffs,TP_A_0030,Trade-weighted MFN applied tariff average - all products,084,BLZ,Belize,-,,-,-,-,-,-,A,Annual,A,Annual,PCT,Percent,2014,,,,15.24995716
MFN applied tariffs,TP_A_0030,Trade-weighted MFN applied tariff average - all products,084,BLZ,Belize,-,,-,-,-,-,-,A,Annual,A,Annual,PCT,Percent,2015,,,,13.36614801
MFN applied tariffs,TP_A_0030,Trade-weighted MFN applied tariff average - all products,090,SLB,Solomon Islands,-,,-,-,-,-,-,A,Annual,A,Annual,PCT,Percent,2019,,,,8.169869087
MFN applied tariffs,TP_A_0030,Trade-weighted MFN applied tariff average - all products,090,SLB,Solomon Islands,-,,-,-,-,-,-,A,Annual,A,Annual,PCT,Percent,2013,,,,7.496151833
MFN applied tariffs,TP_A_0030,Trade-weighted MFN applied tariff average - all products,090,SLB,Solomon Islands,-,,-,-,-,-,-,A,Annual,A,Annual,PCT,Percent,2015,,,,8.07113049
MFN applied tariffs,TP_A_0030,Trade-weighted MFN applied tariff average - all products,090,SLB,Solomon Islands,-,,-,-,-,-,-,A,Annual,A,Annual,PCT,Percent,2016,,,,29.57931754
MFN applied tariffs,TP_A_0030,Trade-weighted MFN applied tariff average - all products,090,SLB,Solomon Islands,-,,-,-,-,-,-,A,Annual,A,Annual,PCT,Percent,2017,,,,8.684513177
MFN applied tariffs,TP_A_0030,Trade-weighted MFN applied tariff average - all products,090,SLB,Solomon Islands,-,,-,-,-,-,-,A,Annual,A,Annual,PCT,Percent,2018,,,,15.6535494
MFN applied tariffs,TP_A_0030,Trade-weighted MFN applied tariff average - all products,096,BRN,Brunei Darussalam,-,,-,-,-,-,-,A,Annual,A,Annual,PCT,Percent,2007,,,,5.143639007
MFN applied tariffs,TP_A_0030,Trade-weighted MFN applied tariff average - all products,096,BRN,Brunei Darussalam,-,,-,-,-,-,-,A,Annual,A,Annual,PCT,Percent,2008,,,,5.143508939
MFN applied tariffs,TP_A_0030,Trade-weighted MFN applied tariff average - all products,096,BRN,Brunei Darussalam,-,,-,-,-,-,-,A,Annual,A,Annual,PCT,Percent,2011,,,,2.337606011
MFN applied tariffs,TP_A_0030,Trade-weighted MFN applied tariff average - all products,096,BRN,Brunei Darussalam,-,,-,-,-,-,-,A,Annual,A,Annual,PCT,Percent,2014,,,,1.185800671
MFN applied tariffs,TP_A_0030,Trade-weighted MFN applied tariff average - all products,096,BRN,Brunei Darussalam,-,,-,-,-,-,-,A,Annual,A,Annual,PCT,Percent,2016,,,,1.198396266
MFN applied tariffs,TP_A_0030,Trade-weighted MFN applied tariff average - all products,096,BRN,Brunei Darussalam,-,,-,-,-,-,-,A,Annual,A,Annual,PCT,Percent,2017,,,,1.216084038
MFN applied tariffs,TP_A_0030,Trade-weighted MFN applied tariff average - all products,096,BRN,Brunei Darussalam,-,,-,-,-,-,-,A,Annual,A,Annual,PCT,Percent,2018,,,,0.199295163092117
MFN applied tariffs,TP_A_0030,Trade-weighted MFN applied tariff average - all products,096,BRN,Brunei Darussalam,-,,-,-,-,-,-,A,Annual,A,Annual,PCT,Percent,2019,,,,0.227055991522425
MFN applied tariffs,TP_A_0030,Trade-weighted MFN applied tariff average - all products,096,BRN,Brunei Darussalam,-,,-,-,-,-,-,A,Annual,A,Annual,PCT,Percent,2021,,,,0.295968251250245
MFN applied tariffs,TP_A_0030,Trade-weighted MFN applied tariff average - all products,096,BRN,Brunei Darussalam,-,,-,-,-,-,-,A,Annual,A,Annual,PCT,Percent,2022,,,,0.145833954760233
MFN applied tariffs,TP_A_0030,Trade-weighted MFN applied tariff average - all products,096,BRN,Brunei Darussalam,-,,-,-,-,-,-,A,Annual,A,Annual,PCT,Percent,2023,,,,0.131753554428849
MFN applied tariffs,TP_A_0030,Trade-weighted MFN applied tariff average - all products,096,BRN,Brunei Darussalam,-,,-,-,-,-,-,A,Annual,A,Annual,PCT,Percent,2024,,,,0.213612457556863
MFN applied tariffs,TP_A_0030,Trade-weighted MFN applied tariff average - all products,100,BGR,Bulgaria,-,,-,-,-,-,-,A,Annual,A,Annual,PCT,Percent,2006,,,,9.557178487
MFN applied tariffs,TP_A_0030,Trade-weighted MFN applied tariff average - all products,104,MMR,Myanmar,-,,-,-,-,-,-,A,Annual,A,Annual,PCT,Percent,2012,,,,2.92839122
MFN applied tariffs,TP_A_0030,Trade-weighted MFN applied tariff average - all products,104,MMR,Myanmar,-,,-,-,-,-,-,A,Annual,A,Annual,PCT,Percent,2017,,,,4.862854951
MFN applied tariffs,TP_A_0030,Trade-weighted MFN applied tariff average - all products,104,MMR,Myanmar,-,,-,-,-,-,-,A,Annual,A,Annual,PCT,Percent,2018,,,,5.062170906
MFN applied tariffs,TP_A_0030,Trade-weighted MFN applied tariff average - all products,104,MMR,Myanmar,-,,-,-,-,-,-,A,Annual,A,Annual,PCT,Percent,2019,,,,4.99715588
MFN applied tariffs,TP_A_0030,Trade-weighted MFN applied tariff average - all products,104,MMR,Myanmar,-,,-,-,-,-,-,A,Annual,A,Annual,PCT,Percent,2020,,,,5.278713821
MFN applied tariffs,TP_A_0030,Trade-weighted MFN applied tariff average - all products,104,MMR,Myanmar,-,,-,-,-,-,-,A,Annual,A,Annual,PCT,Percent,2021,,,,5.258274233
MFN applied tariffs,TP_A_0030,Trade-weighted MFN applied tariff average - all products,104,MMR,Myanmar,-,,-,-,-,-,-,A,Annual,A,Annual,PCT,Percent,2022,,,,5.20157306
MFN applied tariffs,TP_A_0030,Trade-weighted MFN applied tariff average - all products,104,MMR,Myanmar,-,,-,-,-,-,-,A,Annual,A,Annual,PCT,Percent,2023,,,,5.740761469
MFN applied tariffs,TP_A_0030,Trade-weighted MFN applied tariff average - all products,104,MMR,Myanmar,-,,-,-,-,-,-,A,Annual,A,Annual,PCT,Percent,2024,,,,5.268290034
MFN applied tariffs,TP_A_0030,Trade-weighted MFN applied tariff average - all products,108,BDI,Burundi,-,,-,-,-,-,-,A,Annual,A,Annual,PCT,Percent,2007,,,,13.31730866
MFN applied tariffs,TP_A_0030,Trade-weighted MFN applied tariff average - all products,108,BDI,Burundi,-,,-,-,-,-,-,A,Annual,A,Annual,PCT,Percent,2016,,,,10.57177712
MFN applied tariffs,TP_A_0030,Trade-weighted MFN applied tariff average - all products,108,BDI,Burundi,-,,-,-,-,-,-,A,Annual,A,Annual,PCT,Percent,2017,,,,15.27036783
MFN applied tariffs,TP_A_0030,Trade-weighted MFN applied tariff average - all products,108,BDI,Burundi,-,,-,-,-,-,-,A,Annual,A,Annual,PCT,Percent,2018,,,,17.84355357
MFN applied tariffs,TP_A_0030,Trade-weighted MFN applied tariff average - all products,108,BDI,Burundi,-,,-,-,-,-,-,A,Annual,A,Annual,PCT,Percent,2019,,,,15.0934177
MFN applied tariffs,TP_A_0030,Trade-weighted MFN applied tariff average - all products,108,BDI,Burundi,-,,-,-,-,-,-,A,Annual,A,Annual,PCT,Percent,2020,,,,14.47977659
MFN applied tariffs,TP_A_0030,Trade-weighted MFN applied tariff average - all products,108,BDI,Burundi,-,,-,-,-,-,-,A,Annual,A,Annual,PCT,Percent,2021,,,,13.57444821
MFN applied tariffs,TP_A_0030,Trade-weighted MFN applied tariff average - all products,108,BDI,Burundi,-,,-,-,-,-,-,A,Annual,A,Annual,PCT,Percent,2008,,,,13.37852934
MFN applied tariffs,TP_A_0030,Trade-weighted MFN applied tariff average - all products,108,BDI,Burundi,-,,-,-,-,-,-,A,Annual,A,Annual,PCT,Percent,2010,,,,13.95793286
MFN applied tariffs,TP_A_0030,Trade-weighted MFN applied tariff average - all products,108,BDI,Burundi,-,,-,-,-,-,-,A,Annual,A,Annual,PCT,Percent,2011,,,,13.87652243
MFN applied tariffs,TP_A_0030,Trade-weighted MFN applied tariff average - all products,108,BDI,Burundi,-,,-,-,-,-,-,A,Annual,A,Annual,PCT,Percent,2012,,,,13.8830323
MFN applied tariffs,TP_A_0030,Trade-weighted MFN applied tariff average - all products,108,BDI,Burundi,-,,-,-,-,-,-,A,Annual,A,Annual,PCT,Percent,2014,,,,12.12666155
MFN applied tariffs,TP_A_0030,Trade-weighted MFN applied tariff average - all products,108,BDI,Burundi,-,,-,-,-,-,-,A,Annual,A,Annual,PCT,Percent,2015,,,,10.48216305
MFN applied tariffs,TP_A_0030,Trade-weighted MFN applied tariff average - all products,108,BDI,Burundi,-,,-,-,-,-,-,A,Annual,A,Annual,PCT,Percent,2022,,,,15.15173558
MFN applied tariffs,TP_A_0030,Trade-weighted MFN applied tariff average - all products,108,BDI,Burundi,-,,-,-,-,-,-,A,Annual,A,Annual,PCT,Percent,2023,,,,14.63119774
MFN applied tariffs,TP_A_0030,Trade-weighted MFN applied tariff average - all products,108,BDI,Burundi,-,,-,-,-,-,-,A,Annual,A,Annual,PCT,Percent,2024,,,,13.88715122
MFN applied tariffs,TP_A_0030,Trade-weighted MFN applied tariff average - all products,112,BLR,Belarus,-,,-,-,-,-,-,A,Annual,A,Annual,PCT,Percent,2007,,,,8.319015421
MFN applied tariffs,TP_A_0030,Trade-weighted MFN applied tariff average - all products,112,BLR,Belarus,-,,-,-,-,-,-,A,Annual,A,Annual,PCT,Percent,2008,,,,7.696974193
MFN applied tariffs,TP_A_0030,Trade-weighted MFN applied tariff average - all products,112,BLR,Belarus,-,,-,-,-,-,-,A,Annual,A,Annual,PCT,Percent,2009,,,,6.789760624
MFN applied tariffs,TP_A_0030,Trade-weighted MFN applied tariff average - all products,112,BLR,Belarus,-,,-,-,-,-,-,A,Annual,A,Annual,PCT,Percent,2016,,,,4.532260813
MFN applied tariffs,TP_A_0030,Trade-weighted MFN applied tariff average - all products,112,BLR,Belarus,-,,-,-,-,-,-,A,Annual,A,Annual,PCT,Percent,2017,,,,4.157577457
MFN applied tariffs,TP_A_0030,Trade-weighted MFN applied tariff average - all products,112,BLR,Belarus,-,,-,-,-,-,-,A,Annual,A,Annual,PCT,Percent,2018,,,,4.539856355
MFN applied tariffs,TP_A_0030,Trade-weighted MFN applied tariff average - all products,112,BLR,Belarus,-,,-,-,-,-,-,A,Annual,A,Annual,PCT,Percent,2019,,,,4.661062622
MFN applied tariffs,TP_A_0030,Trade-weighted MFN applied tariff average - all products,112,BLR,Belarus,-,,-,-,-,-,-,A,Annual,A,Annual,PCT,Percent,2021,,,,4.594003531
MFN applied tariffs,TP_A_0030,Trade-weighted MFN applied tariff average - all products,112,BLR,Belarus,-,,-,-,-,-,-,A,Annual,A,Annual,PCT,Percent,2023,,,,5.356040479
MFN applied tariffs,TP_A_0030,Trade-weighted MFN applied tariff average - all products,112,BLR,Belarus,-,,-,-,-,-,-,A,Annual,A,Annual,PCT,Percent,2010,,,,6.832781817
MFN applied tariffs,TP_A_0030,Trade-weighted MFN applied tariff average - all products,112,BLR,Belarus,-,,-,-,-,-,-,A,Annual,A,Annual,PCT,Percent,2011,,,,6.442371187
MFN applied tariffs,TP_A_0030,Trade-weighted MFN applied tariff average - all products,112,BLR,Belarus,-,,-,-,-,-,-,A,Annual,A,Annual,PCT,Percent,2012,,,,5.978342209
MFN applied tariffs,TP_A_0030,Trade-weighted MFN applied tariff average - all products,112,BLR,Belarus,-,,-,-,-,-,-,A,Annual,A,Annual,PCT,Percent,2013,,,,5.994781284
MFN applied tariffs,TP_A_0030,Trade-weighted MFN applied tariff average - all products,112,BLR,Belarus,-,,-,-,-,-,-,A,Annual,A,Annual,PCT,Percent,2014,,,,6.651632809
MFN applied tariffs,TP_A_0030,Trade-weighted MFN applied tariff average - all products,112,BLR,Belarus,-,,-,-,-,-,-,A,Annual,A,Annual,PCT,Percent,2015,,,,5.214388979
MFN applied tariffs,TP_A_0030,Trade-weighted MFN applied tariff average - all products,116,KHM,Cambodia,-,,-,-,-,-,-,A,Annual,A,Annual,PCT,Percent,2006,,,,10.9240415
MFN applied tariffs,TP_A_0030,Trade-weighted MFN applied tariff average - all products,116,KHM,Cambodia,-,,-,-,-,-,-,A,Annual,A,Annual,PCT,Percent,2011,,,,9.535477294
MFN applied tariffs,TP_A_0030,Trade-weighted MFN applied tariff average - all products,116,KHM,Cambodia,-,,-,-,-,-,-,A,Annual,A,Annual,PCT,Percent,2012,,,,8.93311411
MFN applied tariffs,TP_A_0030,Trade-weighted MFN applied tariff average - all products,116,KHM,Cambodia,-,,-,-,-,-,-,A,Annual,A,Annual,PCT,Percent,2014,,,,9.035178318
MFN applied tariffs,TP_A_0030,Trade-weighted MFN applied tariff average - all products,116,KHM,Cambodia,-,,-,-,-,-,-,A,Annual,A,Annual,PCT,Percent,2016,,,,9.337615811
MFN applied tariffs,TP_A_0030,Trade-weighted MFN applied tariff average - all products,116,KHM,Cambodia,-,,-,-,-,-,-,A,Annual,A,Annual,PCT,Percent,2017,,,,9.519531744
MFN applied tariffs,TP_A_0030,Trade-weighted MFN applied tariff average - all products,116,KHM,Cambodia,-,,-,-,-,-,-,A,Annual,A,Annual,PCT,Percent,2020,,,,10.08799989
MFN applied tariffs,TP_A_0030,Trade-weighted MFN applied tariff average - all products,116,KHM,Cambodia,-,,-,-,-,-,-,A,Annual,A,Annual,PCT,Percent,2021,,,,9.068833167
MFN applied tariffs,TP_A_0030,Trade-weighted MFN applied tariff average - all products,116,KHM,Cambodia,-,,-,-,-,-,-,A,Annual,A,Annual,PCT,Percent,2022,,,,7.066069665
MFN applied tariffs,TP_A_0030,Trade-weighted MFN applied tariff average - all products,116,KHM,Cambodia,-,,-,-,-,-,-,A,Annual,A,Annual,PCT,Percent,2023,,,,7.867137879
MFN applied tariffs,TP_A_0030,Trade-weighted MFN applied tariff average - all products,116,KHM,Cambodia,-,,-,-,-,-,-,A,Annual,A,Annual,PCT,Percent,2024,,,,8.627219637
MFN applied tariffs,TP_A_0030,Trade-weighted MFN applied tariff average - all products,120,CMR,Cameroon,-,,-,-,-,-,-,A,Annual,A,Annual,PCT,Percent,2005,,,,14.42224587
MFN applied tariffs,TP_A_0030,Trade-weighted MFN applied tariff average - all products,120,CMR,Cameroon,-,,-,-,-,-,-,A,Annual,A,Annual,PCT,Percent,2007,,,,13.21832637
MFN applied tariffs,TP_A_0030,Trade-weighted MFN applied tariff average - all products,120,CMR,Cameroon,-,,-,-,-,-,-,A,Annual,A,Annual,PCT,Percent,2008,,,,12.19998437
MFN applied tariffs,TP_A_0030,Trade-weighted MFN applied tariff average - all products,120,CMR,Cameroon,-,,-,-,-,-,-,A,Annual,A,Annual,PCT,Percent,2011,,,,13.4588383
MFN applied tariffs,TP_A_0030,Trade-weighted MFN applied tariff average - all products,120,CMR,Cameroon,-,,-,-,-,-,-,A,Annual,A,Annual,PCT,Percent,2012,,,,13.4588383
MFN applied tariffs,TP_A_0030,Trade-weighted MFN applied tariff average - all products,120,CMR,Cameroon,-,,-,-,-,-,-,A,Annual,A,Annual,PCT,Percent,2013,,,,13.28735409
MFN applied tariffs,TP_A_0030,Trade-weighted MFN applied tariff average - all products,120,CMR,Cameroon,-,,-,-,-,-,-,A,Annual,A,Annual,PCT,Percent,2014,,,,12.90470603
MFN applied tariffs,TP_A_0030,Trade-weighted MFN applied tariff average - all products,120,CMR,Cameroon,-,,-,-,-,-,-,A,Annual,A,Annual,PCT,Percent,2019,,,,14.88083681
MFN applied tariffs,TP_A_0030,Trade-weighted MFN applied tariff average - all products,120,CMR,Cameroon,-,,-,-,-,-,-,A,Annual,A,Annual,PCT,Percent,2023,,,,13.92922514
MFN applied tariffs,TP_A_0030,Trade-weighted MFN applied tariff average - all products,124,CAN,Canada,-,,-,-,-,-,-,A,Annual,A,Annual,PCT,Percent,2006,,,,3.599110646
MFN applied tariffs,TP_A_0030,Trade-weighted MFN applied tariff average - all products,124,CAN,Canada,-,,-,-,-,-,-,A,Annual,A,Annual,PCT,Percent,2007,,,,3.326423249
MFN applied tariffs,TP_A_0030,Trade-weighted MFN applied tariff average - all products,124,CAN,Canada,-,,-,-,-,-,-,A,Annual,A,Annual,PCT,Percent,2008,,,,3.399023268
MFN applied tariffs,TP_A_0030,Trade-weighted MFN applied tariff average - all products,124,CAN,Canada,-,,-,-,-,-,-,A,Annual,A,Annual,PCT,Percent,2009,,,,3.271411095
MFN applied tariffs,TP_A_0030,Trade-weighted MFN applied tariff average - all products,124,CAN,Canada,-,,-,-,-,-,-,A,Annual,A,Annual,PCT,Percent,2022,,,,3.200862191
MFN applied tariffs,TP_A_0030,Trade-weighted MFN applied tariff average - all products,124,CAN,Canada,-,,-,-,-,-,-,A,Annual,A,Annual,PCT,Percent,2023,,,,3.351551318
MFN applied tariffs,TP_A_0030,Trade-weighted MFN applied tariff average - all products,124,CAN,Canada,-,,-,-,-,-,-,A,Annual,A,Annual,PCT,Percent,2024,,,,3.443787681
MFN applied tariffs,TP_A_0030,Trade-weighted MFN applied tariff average - all products,124,CAN,Canada,-,,-,-,-,-,-,A,Annual,A,Annual,PCT,Percent,2016,,,,3.101471195
MFN applied tariffs,TP_A_0030,Trade-weighted MFN applied tariff average - all products,124,CAN,Canada,-,,-,-,-,-,-,A,Annual,A,Annual,PCT,Percent,2017,,,,3.393486773
MFN applied tariffs,TP_A_0030,Trade-weighted MFN applied tariff average - all products,124,CAN,Canada,-,,-,-,-,-,-,A,Annual,A,Annual,PCT,Percent,2018,,,,3.272793501
MFN applied tariffs,TP_A_0030,Trade-weighted MFN applied tariff average - all products,124,CAN,Canada,-,,-,-,-,-,-,A,Annual,A,Annual,PCT,Percent,2019,,,,3.148063936
MFN applied tariffs,TP_A_0030,Trade-weighted MFN applied tariff average - all products,124,CAN,Canada,-,,-,-,-,-,-,A,Annual,A,Annual,PCT,Percent,2020,,,,3.365318337
MFN applied tariffs,TP_A_0030,Trade-weighted MFN applied tariff average - all products,124,CAN,Canada,-,,-,-,-,-,-,A,Annual,A,Annual,PCT,Percent,2021,,,,3.332147268
MFN applied tariffs,TP_A_0030,Trade-weighted MFN applied tariff average - all products,124,CAN,Canada,-,,-,-,-,-,-,A,Annual,A,Annual,PCT,Percent,2010,,,,3.36979134
MFN applied tariffs,TP_A_0030,Trade-weighted MFN applied tariff average - all products,124,CAN,Canada,-,,-,-,-,-,-,A,Annual,A,Annual,PCT,Percent,2011,,,,3.115936456
MFN applied tariffs,TP_A_0030,Trade-weighted MFN applied tariff average - all products,124,CAN,Canada,-,,-,-,-,-,-,A,Annual,A,Annual,PCT,Percent,2012,,,,2.895891867
MFN applied tariffs,TP_A_0030,Trade-weighted MFN applied tariff average - all products,124,CAN,Canada,-,,-,-,-,-,-,A,Annual,A,Annual,PCT,Percent,2013,,,,2.976913796
MFN applied tariffs,TP_A_0030,Trade-weighted MFN applied tariff average - all products,124,CAN,Canada,-,,-,-,-,-,-,A,Annual,A,Annual,PCT,Percent,2014,,,,3.074167345
MFN applied tariffs,TP_A_0030,Trade-weighted MFN applied tariff average - all products,124,CAN,Canada,-,,-,-,-,-,-,A,Annual,A,Annual,PCT,Percent,2015,,,,3.196660907
MFN applied tariffs,TP_A_0030,Trade-weighted MFN applied tariff average - all products,132,CPV,Cabo Verde,-,,-,-,-,-,-,A,Annual,A,Annual,PCT,Percent,2015,,,,11.64768085
MFN applied tariffs,TP_A_0030,Trade-weighted MFN applied tariff average - all products,132,CPV,Cabo Verde,-,,-,-,-,-,-,A,Annual,A,Annual,PCT,Percent,2017,,,,11.34847034
MFN applied tariffs,TP_A_0030,Trade-weighted MFN applied tariff average - all products,132,CPV,Cabo Verde,-,,-,-,-,-,-,A,Annual,A,Annual,PCT,Percent,2019,,,,11.02750737
MFN applied tariffs,TP_A_0030,Trade-weighted MFN applied tariff average - all products,132,CPV,Cabo Verde,-,,-,-,-,-,-,A,Annual,A,Annual,PCT,Percent,2020,,,,11.98600259
MFN applied tariffs,TP_A_0030,Trade-weighted MFN applied tariff average - all products,132,CPV,Cabo Verde,-,,-,-,-,-,-,A,Annual,A,Annual,PCT,Percent,2021,,,,11.04953894
MFN applied tariffs,TP_A_0030,Trade-weighted MFN applied tariff average - all products,132,CPV,Cabo Verde,-,,-,-,-,-,-,A,Annual,A,Annual,PCT,Percent,2022,,,,11.83814042
MFN applied tariffs,TP_A_0030,Trade-weighted MFN applied tariff average - all products,132,CPV,Cabo Verde,-,,-,-,-,-,-,A,Annual,A,Annual,PCT,Percent,2009,,,,12.18279404
MFN applied tariffs,TP_A_0030,Trade-weighted MFN applied tariff average - all products,132,CPV,Cabo Verde,-,,-,-,-,-,-,A,Annual,A,Annual,PCT,Percent,2010,,,,12.18279404
MFN applied tariffs,TP_A_0030,Trade-weighted MFN applied tariff average - all products,132,CPV,Cabo Verde,-,,-,-,-,-,-,A,Annual,A,Annual,PCT,Percent,2011,,,,11.15328835
MFN applied tariffs,TP_A_0030,Trade-weighted MFN applied tariff average - all products,132,CPV,Cabo Verde,-,,-,-,-,-,-,A,Annual,A,Annual,PCT,Percent,2012,,,,10.40608263
MFN applied tariffs,TP_A_0030,Trade-weighted MFN applied tariff average - all products,132,CPV,Cabo Verde,-,,-,-,-,-,-,A,Annual,A,Annual,PCT,Percent,2013,,,,10.26011799
MFN applied tariffs,TP_A_0030,Trade-weighted MFN applied tariff average - all products,132,CPV,Cabo Verde,-,,-,-,-,-,-,A,Annual,A,Annual,PCT,Percent,2014,,,,11.03356874
MFN applied tariffs,TP_A_0030,Trade-weighted MFN applied tariff average - all products,132,CPV,Cabo Verde,-,,-,-,-,-,-,A,Annual,A,Annual,PCT,Percent,2005,,,,12.27919347
MFN applied tariffs,TP_A_0030,Trade-weighted MFN applied tariff average - all products,132,CPV,Cabo Verde,-,,-,-,-,-,-,A,Annual,A,Annual,PCT,Percent,2007,,,,12.96992066
MFN applied tariffs,TP_A_0030,Trade-weighted MFN applied tariff average - all products,132,CPV,Cabo Verde,-,,-,-,-,-,-,A,Annual,A,Annual,PCT,Percent,2008,,,,11.15411017
MFN applied tariffs,TP_A_0030,Trade-weighted MFN applied tariff average - all products,132,CPV,Cabo Verde,-,,-,-,-,-,-,A,Annual,A,Annual,PCT,Percent,2023,,,,11.50156476
MFN applied tariffs,TP_A_0030,Trade-weighted MFN applied tariff average - all products,132,CPV,Cabo Verde,-,,-,-,-,-,-,A,Annual,A,Annual,PCT,Percent,2024,,,,11.69083572
MFN applied tariffs,TP_A_0030,Trade-weighted MFN applied tariff average - all products,140,CAF,Central African Republic,-,,-,-,-,-,-,A,Annual,A,Annual,PCT,Percent,2005,,,,21.34936625
MFN applied tariffs,TP_A_0030,Trade-weighted MFN applied tariff average - all products,140,CAF,Central African Republic,-,,-,-,-,-,-,A,Annual,A,Annual,PCT,Percent,2007,,,,19.9117953
MFN applied tariffs,TP_A_0030,Trade-weighted MFN applied tariff average - all products,140,CAF,Central African Republic,-,,-,-,-,-,-,A,Annual,A,Annual,PCT,Percent,2009,,,,19.20478915
MFN applied tariffs,TP_A_0030,Trade-weighted MFN applied tariff average - all products,140,CAF,Central African Republic,-,,-,-,-,-,-,A,Annual,A,Annual,PCT,Percent,2011,,,,16.28764492
MFN applied tariffs,TP_A_0030,Trade-weighted MFN applied tariff average - all products,140,CAF,Central African Republic,-,,-,-,-,-,-,A,Annual,A,Annual,PCT,Percent,2013,,,,14.93303895
MFN applied tariffs,TP_A_0030,Trade-weighted MFN applied tariff average - all products,140,CAF,Central African Republic,-,,-,-,-,-,-,A,Annual,A,Annual,PCT,Percent,2015,,,,17.4500669
MFN applied tariffs,TP_A_0030,Trade-weighted MFN applied tariff average - all products,140,CAF,Central African Republic,-,,-,-,-,-,-,A,Annual,A,Annual,PCT,Percent,2016,,,,18.37949353
MFN applied tariffs,TP_A_0030,Trade-weighted MFN applied tariff average - all products,140,CAF,Central African Republic,-,,-,-,-,-,-,A,Annual,A,Annual,PCT,Percent,2017,,,,16.90122571
MFN applied tariffs,TP_A_0030,Trade-weighted MFN applied tariff average - all products,140,CAF,Central African Republic,-,,-,-,-,-,-,A,Annual,A,Annual,PCT,Percent,2022,,,,16.67729381
MFN applied tariffs,TP_A_0030,Trade-weighted MFN applied tariff average - all products,140,CAF,Central African Republic,-,,-,-,-,-,-,A,Annual,A,Annual,PCT,Percent,2023,,,,14.79931663
MFN applied tariffs,TP_A_0030,Trade-weighted MFN applied tariff average - all products,140,CAF,Central African Republic,-,,-,-,-,-,-,A,Annual,A,Annual,PCT,Percent,2024,,,,16.21239051
MFN applied tariffs,TP_A_0030,Trade-weighted MFN applied tariff average - all products,144,LKA,Sri Lanka,-,,-,-,-,-,-,A,Annual,A,Annual,PCT,Percent,2006,,,,7.421152466
MFN applied tariffs,TP_A_0030,Trade-weighted MFN applied tariff average - all products,144,LKA,Sri Lanka,-,,-,-,-,-,-,A,Annual,A,Annual,PCT,Percent,2007,,,,7.99644894
MFN applied tariffs,TP_A_0030,Trade-weighted MFN applied tariff average - all products,144,LKA,Sri Lanka,-,,-,-,-,-,-,A,Annual,A,Annual,PCT,Percent,2009,,,,7.805956447
MFN applied tariffs,TP_A_0030,Trade-weighted MFN applied tariff average - all products,144,LKA,Sri Lanka,-,,-,-,-,-,-,A,Annual,A,Annual,PCT,Percent,2010,,,,8.993993185
MFN applied tariffs,TP_A_0030,Trade-weighted MFN applied tariff average - all products,144,LKA,Sri Lanka,-,,-,-,-,-,-,A,Annual,A,Annual,PCT,Percent,2011,,,,9.3291858
MFN applied tariffs,TP_A_0030,Trade-weighted MFN applied tariff average - all products,144,LKA,Sri Lanka,-,,-,-,-,-,-,A,Annual,A,Annual,PCT,Percent,2012,,,,7.393307491
MFN applied tariffs,TP_A_0030,Trade-weighted MFN applied tariff average - all products,144,LKA,Sri Lanka,-,,-,-,-,-,-,A,Annual,A,Annual,PCT,Percent,2014,,,,7.789791967
MFN applied tariffs,TP_A_0030,Trade-weighted MFN applied tariff average - all products,144,LKA,Sri Lanka,-,,-,-,-,-,-,A,Annual,A,Annual,PCT,Percent,2015,,,,7.067363528
MFN applied tariffs,TP_A_0030,Trade-weighted MFN applied tariff average - all products,144,LKA,Sri Lanka,-,,-,-,-,-,-,A,Annual,A,Annual,PCT,Percent,2017,,,,7.023958387
MFN applied tariffs,TP_A_0030,Trade-weighted MFN applied tariff average - all products,144,LKA,Sri Lanka,-,,-,-,-,-,-,A,Annual,A,Annual,PCT,Percent,2018,,,,8.593588743
MFN applied tariffs,TP_A_0030,Trade-weighted MFN applied tariff average - all products,144,LKA,Sri Lanka,-,,-,-,-,-,-,A,Annual,A,Annual,PCT,Percent,2019,,,,18.97618148
MFN applied tariffs,TP_A_0030,Trade-weighted MFN applied tariff average - all products,144,LKA,Sri Lanka,-,,-,-,-,-,-,A,Annual,A,Annual,PCT,Percent,2021,,,,6.354704456
MFN applied tariffs,TP_A_0030,Trade-weighted MFN applied tariff average - all products,144,LKA,Sri Lanka,-,,-,-,-,-,-,A,Annual,A,Annual,PCT,Percent,2022,,,,5.355071734
MFN applied tariffs,TP_A_0030,Trade-weighted MFN applied tariff average - all products,144,LKA,Sri Lanka,-,,-,-,-,-,-,A,Annual,A,Annual,PCT,Percent,2023,,,,7.50497097
MFN applied tariffs,TP_A_0030,Trade-weighted MFN applied tariff average - all products,144,LKA,Sri Lanka,-,,-,-,-,-,-,A,Annual,A,Annual,PCT,Percent,2024,,,,7.181808259
MFN applied tariffs,TP_A_0030,Trade-weighted MFN applied tariff average - all products,148,TCD,Chad,-,,-,-,-,-,-,A,Annual,A,Annual,PCT,Percent,2013,,,,15.61339464
MFN applied tariffs,TP_A_0030,Trade-weighted MFN applied tariff average - all products,148,TCD,Chad,-,,-,-,-,-,-,A,Annual,A,Annual,PCT,Percent,2015,,,,15.61339464
MFN applied tariffs,TP_A_0030,Trade-weighted MFN applied tariff average - all products,148,TCD,Chad,-,,-,-,-,-,-,A,Annual,A,Annual,PCT,Percent,2016,,,,14.02968475
MFN applied tariffs,TP_A_0030,Trade-weighted MFN applied tariff average - all products,152,CHL,Chile,-,,-,-,-,-,-,A,Annual,A,Annual,PCT,Percent,2006,,,,5.987269444
MFN applied tariffs,TP_A_0030,Trade-weighted MFN applied tariff average - all products,152,CHL,Chile,-,,-,-,-,-,-,A,Annual,A,Annual,PCT,Percent,2007,,,,5.98397213
MFN applied tariffs,TP_A_0030,Trade-weighted MFN applied tariff average - all products,152,CHL,Chile,-,,-,-,-,-,-,A,Annual,A,Annual,PCT,Percent,2008,,,,5.979497002
MFN applied tariffs,TP_A_0030,Trade-weighted MFN applied tariff average - all products,152,CHL,Chile,-,,-,-,-,-,-,A,Annual,A,Annual,PCT,Percent,2009,,,,5.985275367
MFN applied tariffs,TP_A_0030,Trade-weighted MFN applied tariff average - all products,152,CHL,Chile,-,,-,-,-,-,-,A,Annual,A,Annual,PCT,Percent,2010,,,,5.99091517
MFN applied tariffs,TP_A_0030,Trade-weighted MFN applied tariff average - all products,152,CHL,Chile,-,,-,-,-,-,-,A,Annual,A,Annual,PCT,Percent,2017,,,,5.719822804
MFN applied tariffs,TP_A_0030,Trade-weighted MFN applied tariff average - all products,152,CHL,Chile,-,,-,-,-,-,-,A,Annual,A,Annual,PCT,Percent,2018,,,,5.841753566
MFN applied tariffs,TP_A_0030,Trade-weighted MFN applied tariff average - all products,152,CHL,Chile,-,,-,-,-,-,-,A,Annual,A,Annual,PCT,Percent,2019,,,,5.987956907
MFN applied tariffs,TP_A_0030,Trade-weighted MFN applied tariff average - all products,152,CHL,Chile,-,,-,-,-,-,-,A,Annual,A,Annual,PCT,Percent,2020,,,,5.984405427
MFN applied tariffs,TP_A_0030,Trade-weighted MFN applied tariff average - all products,152,CHL,Chile,-,,-,-,-,-,-,A,Annual,A,Annual,PCT,Percent,2021,,,,5.982523089
MFN applied tariffs,TP_A_0030,Trade-weighted MFN applied tariff average - all products,152,CHL,Chile,-,,-,-,-,-,-,A,Annual,A,Annual,PCT,Percent,2022,,,,5.989291926
MFN applied tariffs,TP_A_0030,Trade-weighted MFN applied tariff average - all products,152,CHL,Chile,-,,-,-,-,-,-,A,Annual,A,Annual,PCT,Percent,2011,,,,5.973613517
MFN applied tariffs,TP_A_0030,Trade-weighted MFN applied tariff average - all products,152,CHL,Chile,-,,-,-,-,-,-,A,Annual,A,Annual,PCT,Percent,2012,,,,5.985501585
MFN applied tariffs,TP_A_0030,Trade-weighted MFN applied tariff average - all products,152,CHL,Chile,-,,-,-,-,-,-,A,Annual,A,Annual,PCT,Percent,2013,,,,5.979994249
MFN applied tariffs,TP_A_0030,Trade-weighted MFN applied tariff average - all products,152,CHL,Chile,-,,-,-,-,-,-,A,Annual,A,Annual,PCT,Percent,2014,,,,5.893884659
MFN applied tariffs,TP_A_0030,Trade-weighted MFN applied tariff average - all products,152,CHL,Chile,-,,-,-,-,-,-,A,Annual,A,Annual,PCT,Percent,2015,,,,5.917866089
MFN applied tariffs,TP_A_0030,Trade-weighted MFN applied tariff average - all products,152,CHL,Chile,-,,-,-,-,-,-,A,Annual,A,Annual,PCT,Percent,2016,,,,5.899511173
MFN applied tariffs,TP_A_0030,Trade-weighted MFN applied tariff average - all products,152,CHL,Chile,-,,-,-,-,-,-,A,Annual,A,Annual,PCT,Percent,2023,,,,5.993288249
MFN applied tariffs,TP_A_0030,Trade-weighted MFN applied tariff average - all products,152,CHL,Chile,-,,-,-,-,-,-,A,Annual,A,Annual,PCT,Percent,2024,,,,5.982587344
MFN applied tariffs,TP_A_0030,Trade-weighted MFN applied tariff average - all products,156,CHN,China,-,,-,-,-,-,-,A,Annual,A,Annual,PCT,Percent,2006,,,,4.686086438
MFN applied tariffs,TP_A_0030,Trade-weighted MFN applied tariff average - all products,156,CHN,China,-,,-,-,-,-,-,A,Annual,A,Annual,PCT,Percent,2007,,,,5.022920037
MFN applied tariffs,TP_A_0030,Trade-weighted MFN applied tariff average - all products,156,CHN,China,-,,-,-,-,-,-,A,Annual,A,Annual,PCT,Percent,2008,,,,4.485032334
MFN applied tariffs,TP_A_0030,Trade-weighted MFN applied tariff average - all products,156,CHN,China,-,,-,-,-,-,-,A,Annual,A,Annual,PCT,Percent,2009,,,,4.327765896
MFN applied tariffs,TP_A_0030,Trade-weighted MFN applied tariff average - all products,156,CHN,China,-,,-,-,-,-,-,A,Annual,A,Annual,PCT,Percent,2023,,,,2.979747988
MFN applied tariffs,TP_A_0030,Trade-weighted MFN applied tariff average - all products,156,CHN,China,-,,-,-,-,-,-,A,Annual,A,Annual,PCT,Percent,2024,,,,3.315500934
MFN applied tariffs,TP_A_0030,Trade-weighted MFN applied tariff average - all products,156,CHN,China,-,,-,-,-,-,-,A,Annual,A,Annual,PCT,Percent,2017,,,,5.166768457
MFN applied tariffs,TP_A_0030,Trade-weighted MFN applied tariff average - all products,156,CHN,China,-,,-,-,-,-,-,A,Annual,A,Annual,PCT,Percent,2018,,,,4.808685734
MFN applied tariffs,TP_A_0030,Trade-weighted MFN applied tariff average - all products,156,CHN,China,-,,-,-,-,-,-,A,Annual,A,Annual,PCT,Percent,2019,,,,4.416518915
MFN applied tariffs,TP_A_0030,Trade-weighted MFN applied tariff average - all products,156,CHN,China,-,,-,-,-,-,-,A,Annual,A,Annual,PCT,Percent,2020,,,,3.439373455
MFN applied tariffs,TP_A_0030,Trade-weighted MFN applied tariff average - all products,156,CHN,China,-,,-,-,-,-,-,A,Annual,A,Annual,PCT,Percent,2021,,,,3.172476793
MFN applied tariffs,TP_A_0030,Trade-weighted MFN applied tariff average - all products,156,CHN,China,-,,-,-,-,-,-,A,Annual,A,Annual,PCT,Percent,2022,,,,3.228180371
MFN applied tariffs,TP_A_0030,Trade-weighted MFN applied tariff average - all products,156,CHN,China,-,,-,-,-,-,-,A,Annual,A,Annual,PCT,Percent,2010,,,,4.063108232
MFN applied tariffs,TP_A_0030,Trade-weighted MFN applied tariff average - all products,156,CHN,China,-,,-,-,-,-,-,A,Annual,A,Annual,PCT,Percent,2011,,,,4.075004084
MFN applied tariffs,TP_A_0030,Trade-weighted MFN applied tariff average - all products,156,CHN,China,-,,-,-,-,-,-,A,Annual,A,Annual,PCT,Percent,2013,,,,4.731776311
MFN applied tariffs,TP_A_0030,Trade-weighted MFN applied tariff average - all products,156,CHN,China,-,,-,-,-,-,-,A,Annual,A,Annual,PCT,Percent,2014,,,,4.619093611
MFN applied tariffs,TP_A_0030,Trade-weighted MFN applied tariff average - all products,156,CHN,China,-,,-,-,-,-,-,A,Annual,A,Annual,PCT,Percent,2015,,,,4.540687924
MFN applied tariffs,TP_A_0030,Trade-weighted MFN applied tariff average - all products,156,CHN,China,-,,-,-,-,-,-,A,Annual,A,Annual,PCT,Percent,2016,,,,4.401976543
MFN applied tariffs,TP_A_0030,Trade-weighted MFN applied tariff average - all products,158,CHT,Chinese Taipei,-,,-,-,-,-,-,A,Annual,A,Annual,PCT,Percent,2006,,,,2.424951667
MFN applied tariffs,TP_A_0030,Trade-weighted MFN applied tariff average - all products,158,CHT,Chinese Taipei,-,,-,-,-,-,-,A,Annual,A,Annual,PCT,Percent,2007,,,,2.08802308
MFN applied tariffs,TP_A_0030,Trade-weighted MFN applied tariff average - all products,158,CHT,Chinese Taipei,-,,-,-,-,-,-,A,Annual,A,Annual,PCT,Percent,2008,,,,1.785517005
MFN applied tariffs,TP_A_0030,Trade-weighted MFN applied tariff average - all products,158,CHT,Chinese Taipei,-,,-,-,-,-,-,A,Annual,A,Annual,PCT,Percent,2009,,,,1.859844148
MFN applied tariffs,TP_A_0030,Trade-weighted MFN applied tariff average - all products,158,CHT,Chinese Taipei,-,,-,-,-,-,-,A,Annual,A,Annual,PCT,Percent,2022,,,,1.782974942
MFN applied tariffs,TP_A_0030,Trade-weighted MFN applied tariff average - all products,158,CHT,Chinese Taipei,-,,-,-,-,-,-,A,Annual,A,Annual,PCT,Percent,2023,,,,1.698925052
MFN applied tariffs,TP_A_0030,Trade-weighted MFN applied tariff average - all products,158,CHT,Chinese Taipei,-,,-,-,-,-,-,A,Annual,A,Annual,PCT,Percent,2024,,,,1.952928411
MFN applied tariffs,TP_A_0030,Trade-weighted MFN applied tariff average - all products,158,CHT,Chinese Taipei,-,,-,-,-,-,-,A,Annual,A,Annual,PCT,Percent,2016,,,,2.213075414
MFN applied tariffs,TP_A_0030,Trade-weighted MFN applied tariff average - all products,158,CHT,Chinese Taipei,-,,-,-,-,-,-,A,Annual,A,Annual,PCT,Percent,2017,,,,2.209588111
MFN applied tariffs,TP_A_0030,Trade-weighted MFN applied tariff average - all products,158,CHT,Chinese Taipei,-,,-,-,-,-,-,A,Annual,A,Annual,PCT,Percent,2018,,,,2.043917253
MFN applied tariffs,TP_A_0030,Trade-weighted MFN applied tariff average - all products,158,CHT,Chinese Taipei,-,,-,-,-,-,-,A,Annual,A,Annual,PCT,Percent,2019,,,,2.04116471
MFN applied tariffs,TP_A_0030,Trade-weighted MFN applied tariff average - all products,158,CHT,Chinese Taipei,-,,-,-,-,-,-,A,Annual,A,Annual,PCT,Percent,2020,,,,2.002858354
MFN applied tariffs,TP_A_0030,Trade-weighted MFN applied tariff average - all products,158,CHT,Chinese Taipei,-,,-,-,-,-,-,A,Annual,A,Annual,PCT,Percent,2021,,,,2.053564628
MFN applied tariffs,TP_A_0030,Trade-weighted MFN applied tariff average - all products,158,CHT,Chinese Taipei,-,,-,-,-,-,-,A,Annual,A,Annual,PCT,Percent,2010,,,,2.13777663
MFN applied tariffs,TP_A_0030,Trade-weighted MFN applied tariff average - all products,158,CHT,Chinese Taipei,-,,-,-,-,-,-,A,Annual,A,Annual,PCT,Percent,2011,,,,2.075030608
MFN applied tariffs,TP_A_0030,Trade-weighted MFN applied tariff average - all products,158,CHT,Chinese Taipei,-,,-,-,-,-,-,A,Annual,A,Annual,PCT,Percent,2012,,,,1.800667257
MFN applied tariffs,TP_A_0030,Trade-weighted MFN applied tariff average - all products,158,CHT,Chinese Taipei,-,,-,-,-,-,-,A,Annual,A,Annual,PCT,Percent,2013,,,,1.827724001
MFN applied tariffs,TP_A_0030,Trade-weighted MFN applied tariff average - all products,158,CHT,Chinese Taipei,-,,-,-,-,-,-,A,Annual,A,Annual,PCT,Percent,2014,,,,1.887276908
MFN applied tariffs,TP_A_0030,Trade-weighted MFN applied tariff average - all products,158,CHT,Chinese Taipei,-,,-,-,-,-,-,A,Annual,A,Annual,PCT,Percent,2015,,,,1.982073465
MFN applied tariffs,TP_A_0030,Trade-weighted MFN applied tariff average - all products,170,COL,Colombia,-,,-,-,-,-,-,A,Annual,A,Annual,PCT,Percent,2006,,,,11.44522328
MFN applied tariffs,TP_A_0030,Trade-weighted MFN applied tariff average - all products,170,COL,Colombia,-,,-,-,-,-,-,A,Annual,A,Annual,PCT,Percent,2007,,,,11.78110056
MFN applied tariffs,TP_A_0030,Trade-weighted MFN applied tariff average - all products,170,COL,Colombia,-,,-,-,-,-,-,A,Annual,A,Annual,PCT,Percent,2008,,,,11.7454675
MFN applied tariffs,TP_A_0030,Trade-weighted MFN applied tariff average - all products,170,COL,Colombia,-,,-,-,-,-,-,A,Annual,A,Annual,PCT,Percent,2021,,,,7.052131152
MFN applied tariffs,TP_A_0030,Trade-weighted MFN applied tariff average - all products,170,COL,Colombia,-,,-,-,-,-,-,A,Annual,A,Annual,PCT,Percent,2022,,,,6.236695732
MFN applied tariffs,TP_A_0030,Trade-weighted MFN applied tariff average - all products,170,COL,Colombia,-,,-,-,-,-,-,A,Annual,A,Annual,PCT,Percent,2023,,,,6.365628339
MFN applied tariffs,TP_A_0030,Trade-weighted MFN applied tariff average - all products,170,COL,Colombia,-,,-,-,-,-,-,A,Annual,A,Annual,PCT,Percent,2024,,,,6.783337757
MFN applied tariffs,TP_A_0030,Trade-weighted MFN applied tariff average - all products,170,COL,Colombia,-,,-,-,-,-,-,A,Annual,A,Annual,PCT,Percent,2015,,,,6.603179682
MFN applied tariffs,TP_A_0030,Trade-weighted MFN applied tariff average - all products,170,COL,Colombia,-,,-,-,-,-,-,A,Annual,A,Annual,PCT,Percent,2016,,,,6.291502376
MFN applied tariffs,TP_A_0030,Trade-weighted MFN applied tariff average - all products,170,COL,Colombia,-,,-,-,-,-,-,A,Annual,A,Annual,PCT,Percent,2017,,,,7.276021619
MFN applied tariffs,TP_A_0030,Trade-weighted MFN applied tariff average - all products,170,COL,Colombia,-,,-,-,-,-,-,A,Annual,A,Annual,PCT,Percent,2018,,,,6.677611669
MFN applied tariffs,TP_A_0030,Trade-weighted MFN applied tariff average - all products,170,COL,Colombia,-,,-,-,-,-,-,A,Annual,A,Annual,PCT,Percent,2019,,,,6.505215623
MFN applied tariffs,TP_A_0030,Trade-weighted MFN applied tariff average - all products,170,COL,Colombia,-,,-,-,-,-,-,A,Annual,A,Annual,PCT,Percent,2020,,,,6.80848052
MFN applied tariffs,TP_A_0030,Trade-weighted MFN applied tariff average - all products,170,COL,Colombia,-,,-,-,-,-,-,A,Annual,A,Annual,PCT,Percent,2009,,,,11.3695747
MFN applied tariffs,TP_A_0030,Trade-weighted MFN applied tariff average - all products,170,COL,Colombia,-,,-,-,-,-,-,A,Annual,A,Annual,PCT,Percent,2010,,,,11.59259278
MFN applied tariffs,TP_A_0030,Trade-weighted MFN applied tariff average - all products,170,COL,Colombia,-,,-,-,-,-,-,A,Annual,A,Annual,PCT,Percent,2011,,,,7.938381994
MFN applied tariffs,TP_A_0030,Trade-weighted MFN applied tariff average - all products,170,COL,Colombia,-,,-,-,-,-,-,A,Annual,A,Annual,PCT,Percent,2012,,,,8.619780663
MFN applied tariffs,TP_A_0030,Trade-weighted MFN applied tariff average - all products,170,COL,Colombia,-,,-,-,-,-,-,A,Annual,A,Annual,PCT,Percent,2013,,,,9.232605035
MFN applied tariffs,TP_A_0030,Trade-weighted MFN applied tariff average - all products,170,COL,Colombia,-,,-,-,-,-,-,A,Annual,A,Annual,PCT,Percent,2014,,,,8.973169063
MFN applied tariffs,TP_A_0030,Trade-weighted MFN applied tariff average - all products,174,COM,Comoros,-,,-,-,-,-,-,A,Annual,A,Annual,PCT,Percent,2021,,,,5.206365771
MFN applied tariffs,TP_A_0030,Trade-weighted MFN applied tariff average - all products,174,COM,Comoros,-,,-,-,-,-,-,A,Annual,A,Annual,PCT,Percent,2022,,,,7.916919029
MFN applied tariffs,TP_A_0030,Trade-weighted MFN applied tariff average - all products,174,COM,Comoros,-,,-,-,-,-,-,A,Annual,A,Annual,PCT,Percent,2015,,,,6.858741984
MFN applied tariffs,TP_A_0030,Trade-weighted MFN applied tariff average - all products,174,COM,Comoros,-,,-,-,-,-,-,A,Annual,A,Annual,PCT,Percent,2019,,,,26.46769292
MFN applied tariffs,TP_A_0030,Trade-weighted MFN applied tariff average - all products,175,MYT,Mayotte,-,,-,-,-,-,-,A,Annual,A,Annual,PCT,Percent,-,,,,8.857314822
MFN applied tariffs,TP_A_0030,Trade-weighted MFN applied tariff average - all products,178,COG,Congo,-,,-,-,-,-,-,A,Annual,A,Annual,PCT,Percent,2011,,,,11.3269852
MFN applied tariffs,TP_A_0030,Trade-weighted MFN applied tariff average - all products,178,COG,Congo,-,,-,-,-,-,-,A,Annual,A,Annual,PCT,Percent,2013,,,,11.82232958
MFN applied tariffs,TP_A_0030,Trade-weighted MFN applied tariff average - all products,178,COG,Congo,-,,-,-,-,-,-,A,Annual,A,Annual,PCT,Percent,2014,,,,11.87085081
MFN applied tariffs,TP_A_0030,Trade-weighted MFN applied tariff average - all products,178,COG,Congo,-,,-,-,-,-,-,A,Annual,A,Annual,PCT,Percent,2015,,,,11.82413939
MFN applied tariffs,TP_A_0030,Trade-weighted MFN applied tariff average - all products,178,COG,Congo,-,,-,-,-,-,-,A,Annual,A,Annual,PCT,Percent,2022,,,,15.21924749
MFN applied tariffs,TP_A_0030,Trade-weighted MFN applied tariff average - all products,178,COG,Congo,-,,-,-,-,-,-,A,Annual,A,Annual,PCT,Percent,2023,,,,13.55493453
MFN applied tariffs,TP_A_0030,Trade-weighted MFN applied tariff average - all products,180,COD,Democratic Republic of the Congo,-,,-,-,-,-,-,A,Annual,A,Annual,PCT,Percent,2019,,,,8.530577088
MFN applied tariffs,TP_A_0030,Trade-weighted MFN applied tariff average - all products,180,COD,Democratic Republic of the Congo,-,,-,-,-,-,-,A,Annual,A,Annual,PCT,Percent,2020,,,,8.400030571
MFN applied tariffs,TP_A_0030,Trade-weighted MFN applied tariff average - all products,188,CRI,Costa Rica,-,,-,-,-,-,-,A,Annual,A,Annual,PCT,Percent,2005,,,,4.308157141
MFN applied tariffs,TP_A_0030,Trade-weighted MFN applied tariff average - all products,188,CRI,Costa Rica,-,,-,-,-,-,-,A,Annual,A,Annual,PCT,Percent,2020,,,,5.198657024
MFN applied tariffs,TP_A_0030,Trade-weighted MFN applied tariff average - all products,188,CRI,Costa Rica,-,,-,-,-,-,-,A,Annual,A,Annual,PCT,Percent,2021,,,,5.220934879
MFN applied tariffs,TP_A_0030,Trade-weighted MFN applied tariff average - all products,188,CRI,Costa Rica,-,,-,-,-,-,-,A,Annual,A,Annual,PCT,Percent,2022,,,,5.00105264
MFN applied tariffs,TP_A_0030,Trade-weighted MFN applied tariff average - all products,188,CRI,Costa Rica,-,,-,-,-,-,-,A,Annual,A,Annual,PCT,Percent,2023,,,,4.782856361
MFN applied tariffs,TP_A_0030,Trade-weighted MFN applied tariff average - all products,188,CRI,Costa Rica,-,,-,-,-,-,-,A,Annual,A,Annual,PCT,Percent,2024,,,,4.985267327
MFN applied tariffs,TP_A_0030,Trade-weighted MFN applied tariff average - all products,188,CRI,Costa Rica,-,,-,-,-,-,-,A,Annual,A,Annual,PCT,Percent,2013,,,,4.220907148
MFN applied tariffs,TP_A_0030,Trade-weighted MFN applied tariff average - all products,188,CRI,Costa Rica,-,,-,-,-,-,-,A,Annual,A,Annual,PCT,Percent,2014,,,,4.425255548
MFN applied tariffs,TP_A_0030,Trade-weighted MFN applied tariff average - all products,188,CRI,Costa Rica,-,,-,-,-,-,-,A,Annual,A,Annual,PCT,Percent,2016,,,,4.878116913
MFN applied tariffs,TP_A_0030,Trade-weighted MFN applied tariff average - all products,188,CRI,Costa Rica,-,,-,-,-,-,-,A,Annual,A,Annual,PCT,Percent,2017,,,,5.264909298
MFN applied tariffs,TP_A_0030,Trade-weighted MFN applied tariff average - all products,188,CRI,Costa Rica,-,,-,-,-,-,-,A,Annual,A,Annual,PCT,Percent,2018,,,,5.233596801
MFN applied tariffs,TP_A_0030,Trade-weighted MFN applied tariff average - all products,188,CRI,Costa Rica,-,,-,-,-,-,-,A,Annual,A,Annual,PCT,Percent,2019,,,,5.010982117
MFN applied tariffs,TP_A_0030,Trade-weighted MFN applied tariff average - all products,188,CRI,Costa Rica,-,,-,-,-,-,-,A,Annual,A,Annual,PCT,Percent,2007,,,,3.346404112
MFN applied tariffs,TP_A_0030,Trade-weighted MFN applied tariff average - all products,188,CRI,Costa Rica,-,,-,-,-,-,-,A,Annual,A,Annual,PCT,Percent,2008,,,,4.60291642
MFN applied tariffs,TP_A_0030,Trade-weighted MFN applied tariff average - all products,188,CRI,Costa Rica,-,,-,-,-,-,-,A,Annual,A,Annual,PCT,Percent,2009,,,,4.511321098
MFN applied tariffs,TP_A_0030,Trade-weighted MFN applied tariff average - all products,188,CRI,Costa Rica,-,,-,-,-,-,-,A,Annual,A,Annual,PCT,Percent,2010,,,,3.935027088
MFN applied tariffs,TP_A_0030,Trade-weighted MFN applied tariff average - all products,188,CRI,Costa Rica,-,,-,-,-,-,-,A,Annual,A,Annual,PCT,Percent,2011,,,,3.989032344
MFN applied tariffs,TP_A_0030,Trade-weighted MFN applied tariff average - all products,188,CRI,Costa Rica,-,,-,-,-,-,-,A,Annual,A,Annual,PCT,Percent,2012,,,,4.077834835
MFN applied tariffs,TP_A_0030,Trade-weighted MFN applied tariff average - all products,191,HRV,Croatia,-,,-,-,-,-,-,A,Annual,A,Annual,PCT,Percent,2006,,,,4.942522567
MFN applied tariffs,TP_A_0030,Trade-weighted MFN applied tariff average - all products,191,HRV,Croatia,-,,-,-,-,-,-,A,Annual,A,Annual,PCT,Percent,2007,,,,4.754732387
MFN applied tariffs,TP_A_0030,Trade-weighted MFN applied tariff average - all products,191,HRV,Croatia,-,,-,-,-,-,-,A,Annual,A,Annual,PCT,Percent,2008,,,,4.5481265
MFN applied tariffs,TP_A_0030,Trade-weighted MFN applied tariff average - all products,191,HRV,Croatia,-,,-,-,-,-,-,A,Annual,A,Annual,PCT,Percent,2009,,,,4.353059727
MFN applied tariffs,TP_A_0030,Trade-weighted MFN applied tariff average - all products,191,HRV,Croatia,-,,-,-,-,-,-,A,Annual,A,Annual,PCT,Percent,2010,,,,4.452196335
MFN applied tariffs,TP_A_0030,Trade-weighted MFN applied tariff average - all products,191,HRV,Croatia,-,,-,-,-,-,-,A,Annual,A,Annual,PCT,Percent,2011,,,,4.531896399
MFN applied tariffs,TP_A_0030,Trade-weighted MFN applied tariff average - all products,191,HRV,Croatia,-,,-,-,-,-,-,A,Annual,A,Annual,PCT,Percent,2012,,,,4.67974926
MFN applied tariffs,TP_A_0030,Trade-weighted MFN applied tariff average - all products,192,CUB,Cuba,-,,-,-,-,-,-,A,Annual,A,Annual,PCT,Percent,2019,,,,7.85340414
MFN applied tariffs,TP_A_0030,Trade-weighted MFN applied tariff average - all products,192,CUB,Cuba,-,,-,-,-,-,-,A,Annual,A,Annual,PCT,Percent,2020,,,,7.994532795
MFN applied tariffs,TP_A_0030,Trade-weighted MFN applied tariff average - all products,192,CUB,Cuba,-,,-,-,-,-,-,A,Annual,A,Annual,PCT,Percent,2021,,,,10.21909942
MFN applied tariffs,TP_A_0030,Trade-weighted MFN applied tariff average - all products,192,CUB,Cuba,-,,-,-,-,-,-,A,Annual,A,Annual,PCT,Percent,2022,,,,3.560852202
MFN applied tariffs,TP_A_0030,Trade-weighted MFN applied tariff average - all products,192,CUB,Cuba,-,,-,-,-,-,-,A,Annual,A,Annual,PCT,Percent,2023,,,,3.568669671
MFN applied tariffs,TP_A_0030,Trade-weighted MFN applied tariff average - all products,192,CUB,Cuba,-,,-,-,-,-,-,A,Annual,A,Annual,PCT,Percent,-,,,,3.543027305
MFN applied tariffs,TP_A_0030,Trade-weighted MFN applied tariff average - all products,192,CUB,Cuba,-,,-,-,-,-,-,A,Annual,A,Annual,PCT,Percent,2008,,,,10.01919292
MFN applied tariffs,TP_A_0030,Trade-weighted MFN applied tariff average - all products,192,CUB,Cuba,-,,-,-,-,-,-,A,Annual,A,Annual,PCT,Percent,2010,,,,7.064971915
MFN applied tariffs,TP_A_0030,Trade-weighted MFN applied tariff average - all products,192,CUB,Cuba,-,,-,-,-,-,-,A,Annual,A,Annual,PCT,Percent,2015,,,,6.300609053
MFN applied tariffs,TP_A_0030,Trade-weighted MFN applied tariff average - all products,192,CUB,Cuba,-,,-,-,-,-,-,A,Annual,A,Annual,PCT,Percent,2016,,,,6.379510739
MFN applied tariffs,TP_A_0030,Trade-weighted MFN applied tariff average - all products,192,CUB,Cuba,-,,-,-,-,-,-,A,Annual,A,Annual,PCT,Percent,2017,,,,8.096220351
MFN applied tariffs,TP_A_0030,Trade-weighted MFN applied tariff average - all products,204,BEN,Benin,-,,-,-,-,-,-,A,Annual,A,Annual,PCT,Percent,2006,,,,12.28161879
MFN applied tariffs,TP_A_0030,Trade-weighted MFN applied tariff average - all products,204,BEN,Benin,-,,-,-,-,-,-,A,Annual,A,Annual,PCT,Percent,2015,,,,11.05752675
MFN applied tariffs,TP_A_0030,Trade-weighted MFN applied tariff average - all products,204,BEN,Benin,-,,-,-,-,-,-,A,Annual,A,Annual,PCT,Percent,2016,,,,13.64288414
MFN applied tariffs,TP_A_0030,Trade-weighted MFN applied tariff average - all products,204,BEN,Benin,-,,-,-,-,-,-,A,Annual,A,Annual,PCT,Percent,2017,,,,12.97724748
MFN applied tariffs,TP_A_0030,Trade-weighted MFN applied tariff average - all products,204,BEN,Benin,-,,-,-,-,-,-,A,Annual,A,Annual,PCT,Percent,2018,,,,12.60679844
MFN applied tariffs,TP_A_0030,Trade-weighted MFN applied tariff average - all products,204,BEN,Benin,-,,-,-,-,-,-,A,Annual,A,Annual,PCT,Percent,2019,,,,12.32185257
MFN applied tariffs,TP_A_0030,Trade-weighted MFN applied tariff average - all products,204,BEN,Benin,-,,-,-,-,-,-,A,Annual,A,Annual,PCT,Percent,2020,,,,11.75847159
MFN applied tariffs,TP_A_0030,Trade-weighted MFN applied tariff average - all products,204,BEN,Benin,-,,-,-,-,-,-,A,Annual,A,Annual,PCT,Percent,2007,,,,12.30444793
MFN applied tariffs,TP_A_0030,Trade-weighted MFN applied tariff average - all products,204,BEN,Benin,-,,-,-,-,-,-,A,Annual,A,Annual,PCT,Percent,2008,,,,12.82461513
MFN applied tariffs,TP_A_0030,Trade-weighted MFN applied tariff average - all products,204,BEN,Benin,-,,-,-,-,-,-,A,Annual,A,Annual,PCT,Percent,2009,,,,11.99965629
MFN applied tariffs,TP_A_0030,Trade-weighted MFN applied tariff average - all products,204,BEN,Benin,-,,-,-,-,-,-,A,Annual,A,Annual,PCT,Percent,2012,,,,12.61169244
MFN applied tariffs,TP_A_0030,Trade-weighted MFN applied tariff average - all products,204,BEN,Benin,-,,-,-,-,-,-,A,Annual,A,Annual,PCT,Percent,2013,,,,12.29827198
MFN applied tariffs,TP_A_0030,Trade-weighted MFN applied tariff average - all products,204,BEN,Benin,-,,-,-,-,-,-,A,Annual,A,Annual,PCT,Percent,2014,,,,12.14099998
MFN applied tariffs,TP_A_0030,Trade-weighted MFN applied tariff average - all products,204,BEN,Benin,-,,-,-,-,-,-,A,Annual,A,Annual,PCT,Percent,2021,,,,12.09546046
MFN applied tariffs,TP_A_0030,Trade-weighted MFN applied tariff average - all products,204,BEN,Benin,-,,-,-,-,-,-,A,Annual,A,Annual,PCT,Percent,2022,,,,11.9506258
MFN applied tariffs,TP_A_0030,Trade-weighted MFN applied tariff average - all products,204,BEN,Benin,-,,-,-,-,-,-,A,Annual,A,Annual,PCT,Percent,2023,,,,10.98695705
MFN applied tariffs,TP_A_0030,Trade-weighted MFN applied tariff average - all products,204,BEN,Benin,-,,-,-,-,-,-,A,Annual,A,Annual,PCT,Percent,2024,,,,11.21964595
MFN applied tariffs,TP_A_0030,Trade-weighted MFN applied tariff average - all products,212,DMA,Dominica,-,,-,-,-,-,-,A,Annual,A,Annual,PCT,Percent,2007,,,,14.6041208
MFN applied tariffs,TP_A_0030,Trade-weighted MFN applied tariff average - all products,212,DMA,Dominica,-,,-,-,-,-,-,A,Annual,A,Annual,PCT,Percent,2011,,,,12.38863527
MFN applied tariffs,TP_A_0030,Trade-weighted MFN applied tariff average - all products,212,DMA,Dominica,-,,-,-,-,-,-,A,Annual,A,Annual,PCT,Percent,2012,,,,15.50698955
MFN applied tariffs,TP_A_0030,Trade-weighted MFN applied tariff average - all products,212,DMA,Dominica,-,,-,-,-,-,-,A,Annual,A,Annual,PCT,Percent,2013,,,,13.46172932
MFN applied tariffs,TP_A_0030,Trade-weighted MFN applied tariff average - all products,212,DMA,Dominica,-,,-,-,-,-,-,A,Annual,A,Annual,PCT,Percent,2014,,,,12.60480851
MFN applied tariffs,TP_A_0030,Trade-weighted MFN applied tariff average - all products,212,DMA,Dominica,-,,-,-,-,-,-,A,Annual,A,Annual,PCT,Percent,2015,,,,14.68954926
MFN applied tariffs,TP_A_0030,Trade-weighted MFN applied tariff average - all products,212,DMA,Dominica,-,,-,-,-,-,-,A,Annual,A,Annual,PCT,Percent,2020,,,,15.12712704
MFN applied tariffs,TP_A_0030,Trade-weighted MFN applied tariff average - all products,212,DMA,Dominica,-,,-,-,-,-,-,A,Annual,A,Annual,PCT,Percent,2023,,,,15.193458
MFN applied tariffs,TP_A_0030,Trade-weighted MFN applied tariff average - all products,212,DMA,Dominica,-,,-,-,-,-,-,A,Annual,A,Annual,PCT,Percent,2024,,,,15.8787173
MFN applied tariffs,TP_A_0030,Trade-weighted MFN applied tariff average - all products,214,DOM,Dominican Republic,-,,-,-,-,-,-,A,Annual,A,Annual,PCT,Percent,2008,,,,7.784781264
MFN applied tariffs,TP_A_0030,Trade-weighted MFN applied tariff average - all products,214,DOM,Dominican Republic,-,,-,-,-,-,-,A,Annual,A,Annual,PCT,Percent,2012,,,,6.167741498
MFN applied tariffs,TP_A_0030,Trade-weighted MFN applied tariff average - all products,214,DOM,Dominican Republic,-,,-,-,-,-,-,A,Annual,A,Annual,PCT,Percent,2013,,,,6.381162579
MFN applied tariffs,TP_A_0030,Trade-weighted MFN applied tariff average - all products,214,DOM,Dominican Republic,-,,-,-,-,-,-,A,Annual,A,Annual,PCT,Percent,2014,,,,6.541088496
MFN applied tariffs,TP_A_0030,Trade-weighted MFN applied tariff average - all products,214,DOM,Dominican Republic,-,,-,-,-,-,-,A,Annual,A,Annual,PCT,Percent,2015,,,,6.814979565
MFN applied tariffs,TP_A_0030,Trade-weighted MFN applied tariff average - all products,214,DOM,Dominican Republic,-,,-,-,-,-,-,A,Annual,A,Annual,PCT,Percent,2016,,,,7.621783193
MFN applied tariffs,TP_A_0030,Trade-weighted MFN applied tariff average - all products,214,DOM,Dominican Republic,-,,-,-,-,-,-,A,Annual,A,Annual,PCT,Percent,2017,,,,7.73009727
MFN applied tariffs,TP_A_0030,Trade-weighted MFN applied tariff average - all products,214,DOM,Dominican Republic,-,,-,-,-,-,-,A,Annual,A,Annual,PCT,Percent,2018,,,,8.398689439
MFN applied tariffs,TP_A_0030,Trade-weighted MFN applied tariff average - all products,214,DOM,Dominican Republic,-,,-,-,-,-,-,A,Annual,A,Annual,PCT,Percent,2019,,,,7.997053889
MFN applied tariffs,TP_A_0030,Trade-weighted MFN applied tariff average - all products,214,DOM,Dominican Republic,-,,-,-,-,-,-,A,Annual,A,Annual,PCT,Percent,2021,,,,9.008780965
MFN applied tariffs,TP_A_0030,Trade-weighted MFN applied tariff average - all products,214,DOM,Dominican Republic,-,,-,-,-,-,-,A,Annual,A,Annual,PCT,Percent,2022,,,,8.277014461
MFN applied tariffs,TP_A_0030,Trade-weighted MFN applied tariff average - all products,214,DOM,Dominican Republic,-,,-,-,-,-,-,A,Annual,A,Annual,PCT,Percent,2023,,,,8.078281757
MFN applied tariffs,TP_A_0030,Trade-weighted MFN applied tariff average - all products,214,DOM,Dominican Republic,-,,-,-,-,-,-,A,Annual,A,Annual,PCT,Percent,2024,,,,8.832923069
MFN applied tariffs,TP_A_0030,Trade-weighted MFN applied tariff average - all products,218,ECU,Ecuador,-,,-,-,-,-,-,A,Annual,A,Annual,PCT,Percent,2006,,,,10.04715864
MFN applied tariffs,TP_A_0030,Trade-weighted MFN applied tariff average - all products,218,ECU,Ecuador,-,,-,-,-,-,-,A,Annual,A,Annual,PCT,Percent,2007,,,,9.361691786
MFN applied tariffs,TP_A_0030,Trade-weighted MFN applied tariff average - all products,218,ECU,Ecuador,-,,-,-,-,-,-,A,Annual,A,Annual,PCT,Percent,2008,,,,9.430993637
MFN applied tariffs,TP_A_0030,Trade-weighted MFN applied tariff average - all products,218,ECU,Ecuador,-,,-,-,-,-,-,A,Annual,A,Annual,PCT,Percent,2009,,,,8.929185607
MFN applied tariffs,TP_A_0030,Trade-weighted MFN applied tariff average - all products,218,ECU,Ecuador,-,,-,-,-,-,-,A,Annual,A,Annual,PCT,Percent,2024,,,,6.831581889
MFN applied tariffs,TP_A_0030,Trade-weighted MFN applied tariff average - all products,218,ECU,Ecuador,-,,-,-,-,-,-,A,Annual,A,Annual,PCT,Percent,2017,,,,9.242951312
MFN applied tariffs,TP_A_0030,Trade-weighted MFN applied tariff average - all products,218,ECU,Ecuador,-,,-,-,-,-,-,A,Annual,A,Annual,PCT,Percent,2018,,,,10.0858549
MFN applied tariffs,TP_A_0030,Trade-weighted MFN applied tariff average - all products,218,ECU,Ecuador,-,,-,-,-,-,-,A,Annual,A,Annual,PCT,Percent,2019,,,,9.525555295
MFN applied tariffs,TP_A_0030,Trade-weighted MFN applied tariff average - all products,218,ECU,Ecuador,-,,-,-,-,-,-,A,Annual,A,Annual,PCT,Percent,2021,,,,7.188372136
MFN applied tariffs,TP_A_0030,Trade-weighted MFN applied tariff average - all products,218,ECU,Ecuador,-,,-,-,-,-,-,A,Annual,A,Annual,PCT,Percent,2022,,,,6.7574897
MFN applied tariffs,TP_A_0030,Trade-weighted MFN applied tariff average - all products,218,ECU,Ecuador,-,,-,-,-,-,-,A,Annual,A,Annual,PCT,Percent,2023,,,,6.438053155
MFN applied tariffs,TP_A_0030,Trade-weighted MFN applied tariff average - all products,218,ECU,Ecuador,-,,-,-,-,-,-,A,Annual,A,Annual,PCT,Percent,2010,,,,6.869160598
MFN applied tariffs,TP_A_0030,Trade-weighted MFN applied tariff average - all products,218,ECU,Ecuador,-,,-,-,-,-,-,A,Annual,A,Annual,PCT,Percent,2011,,,,6.779591159
MFN applied tariffs,TP_A_0030,Trade-weighted MFN applied tariff average - all products,218,ECU,Ecuador,-,,-,-,-,-,-,A,Annual,A,Annual,PCT,Percent,2012,,,,6.58400499
MFN applied tariffs,TP_A_0030,Trade-weighted MFN applied tariff average - all products,218,ECU,Ecuador,-,,-,-,-,-,-,A,Annual,A,Annual,PCT,Percent,2014,,,,6.376308729
MFN applied tariffs,TP_A_0030,Trade-weighted MFN applied tariff average - all products,218,ECU,Ecuador,-,,-,-,-,-,-,A,Annual,A,Annual,PCT,Percent,2015,,,,8.376409655
MFN applied tariffs,TP_A_0030,Trade-weighted MFN applied tariff average - all products,218,ECU,Ecuador,-,,-,-,-,-,-,A,Annual,A,Annual,PCT,Percent,2016,,,,9.403281472
MFN applied tariffs,TP_A_0030,Trade-weighted MFN applied tariff average - all products,222,SLV,El Salvador,-,,-,-,-,-,-,A,Annual,A,Annual,PCT,Percent,2005,,,,6.695168245
MFN applied tariffs,TP_A_0030,Trade-weighted MFN applied tariff average - all products,222,SLV,El Salvador,-,,-,-,-,-,-,A,Annual,A,Annual,PCT,Percent,2007,,,,7.285152997
MFN applied tariffs,TP_A_0030,Trade-weighted MFN applied tariff average - all products,222,SLV,El Salvador,-,,-,-,-,-,-,A,Annual,A,Annual,PCT,Percent,2008,,,,6.690937462
MFN applied tariffs,TP_A_0030,Trade-weighted MFN applied tariff average - all products,222,SLV,El Salvador,-,,-,-,-,-,-,A,Annual,A,Annual,PCT,Percent,2009,,,,6.852038808
MFN applied tariffs,TP_A_0030,Trade-weighted MFN applied tariff average - all products,222,SLV,El Salvador,-,,-,-,-,-,-,A,Annual,A,Annual,PCT,Percent,2010,,,,6.852038808
MFN applied tariffs,TP_A_0030,Trade-weighted MFN applied tariff average - all products,222,SLV,El Salvador,-,,-,-,-,-,-,A,Annual,A,Annual,PCT,Percent,2024,,,,6.835351614
MFN applied tariffs,TP_A_0030,Trade-weighted MFN applied tariff average - all products,222,SLV,El Salvador,-,,-,-,-,-,-,A,Annual,A,Annual,PCT,Percent,2018,,,,7.37058673
MFN applied tariffs,TP_A_0030,Trade-weighted MFN applied tariff average - all products,222,SLV,El Salvador,-,,-,-,-,-,-,A,Annual,A,Annual,PCT,Percent,2019,,,,7.07698137
MFN applied tariffs,TP_A_0030,Trade-weighted MFN applied tariff average - all products,222,SLV,El Salvador,-,,-,-,-,-,-,A,Annual,A,Annual,PCT,Percent,2020,,,,7.76588132
MFN applied tariffs,TP_A_0030,Trade-weighted MFN applied tariff average - all products,222,SLV,El Salvador,-,,-,-,-,-,-,A,Annual,A,Annual,PCT,Percent,2021,,,,8.237743799
MFN applied tariffs,TP_A_0030,Trade-weighted MFN applied tariff average - all products,222,SLV,El Salvador,-,,-,-,-,-,-,A,Annual,A,Annual,PCT,Percent,2022,,,,7.548361475
MFN applied tariffs,TP_A_0030,Trade-weighted MFN applied tariff average - all products,222,SLV,El Salvador,-,,-,-,-,-,-,A,Annual,A,Annual,PCT,Percent,2023,,,,7.284329179
MFN applied tariffs,TP_A_0030,Trade-weighted MFN applied tariff average - all products,222,SLV,El Salvador,-,,-,-,-,-,-,A,Annual,A,Annual,PCT,Percent,2011,,,,6.886486422
MFN applied tariffs,TP_A_0030,Trade-weighted MFN applied tariff average - all products,222,SLV,El Salvador,-,,-,-,-,-,-,A,Annual,A,Annual,PCT,Percent,2012,,,,6.601773334
MFN applied tariffs,TP_A_0030,Trade-weighted MFN applied tariff average - all products,222,SLV,El Salvador,-,,-,-,-,-,-,A,Annual,A,Annual,PCT,Percent,2013,,,,7.007560196
MFN applied tariffs,TP_A_0030,Trade-weighted MFN applied tariff average - all products,222,SLV,El Salvador,-,,-,-,-,-,-,A,Annual,A,Annual,PCT,Percent,2014,,,,6.833591815
MFN applied tariffs,TP_A_0030,Trade-weighted MFN applied tariff average - all products,222,SLV,El Salvador,-,,-,-,-,-,-,A,Annual,A,Annual,PCT,Percent,2015,,,,7.102211664
MFN applied tariffs,TP_A_0030,Trade-weighted MFN applied tariff average - all products,222,SLV,El Salvador,-,,-,-,-,-,-,A,Annual,A,Annual,PCT,Percent,2017,,,,7.70940411
MFN applied tariffs,TP_A_0030,Trade-weighted MFN applied tariff average - all products,231,ETH,Ethiopia,-,,-,-,-,-,-,A,Annual,A,Annual,PCT,Percent,2008,,,,11.02819233
MFN applied tariffs,TP_A_0030,Trade-weighted MFN applied tariff average - all products,231,ETH,Ethiopia,-,,-,-,-,-,-,A,Annual,A,Annual,PCT,Percent,2009,,,,11.37803386
MFN applied tariffs,TP_A_0030,Trade-weighted MFN applied tariff average - all products,231,ETH,Ethiopia,-,,-,-,-,-,-,A,Annual,A,Annual,PCT,Percent,2010,,,,10.39591919
MFN applied tariffs,TP_A_0030,Trade-weighted MFN applied tariff average - all products,231,ETH,Ethiopia,-,,-,-,-,-,-,A,Annual,A,Annual,PCT,Percent,2011,,,,10.39591919
MFN applied tariffs,TP_A_0030,Trade-weighted MFN applied tariff average - all products,231,ETH,Ethiopia,-,,-,-,-,-,-,A,Annual,A,Annual,PCT,Percent,2012,,,,9.943979025
MFN applied tariffs,TP_A_0030,Trade-weighted MFN applied tariff average - all products,231,ETH,Ethiopia,-,,-,-,-,-,-,A,Annual,A,Annual,PCT,Percent,2015,,,,11.06614145
MFN applied tariffs,TP_A_0030,Trade-weighted MFN applied tariff average - all products,231,ETH,Ethiopia,-,,-,-,-,-,-,A,Annual,A,Annual,PCT,Percent,2018,,,,11.75377699
MFN applied tariffs,TP_A_0030,Trade-weighted MFN applied tariff average - all products,231,ETH,Ethiopia,-,,-,-,-,-,-,A,Annual,A,Annual,PCT,Percent,2021,,,,11.29944076
MFN applied tariffs,TP_A_0030,Trade-weighted MFN applied tariff average - all products,242,FJI,Fiji,-,,-,-,-,-,-,A,Annual,A,Annual,PCT,Percent,2006,,,,14.20939996
MFN applied tariffs,TP_A_0030,Trade-weighted MFN applied tariff average - all products,242,FJI,Fiji,-,,-,-,-,-,-,A,Annual,A,Annual,PCT,Percent,2008,,,,15.64995239
MFN applied tariffs,TP_A_0030,Trade-weighted MFN applied tariff average - all products,242,FJI,Fiji,-,,-,-,-,-,-,A,Annual,A,Annual,PCT,Percent,2009,,,,88.31606852
MFN applied tariffs,TP_A_0030,Trade-weighted MFN applied tariff average - all products,242,FJI,Fiji,-,,-,-,-,-,-,A,Annual,A,Annual,PCT,Percent,2024,,,,9.166036429
MFN applied tariffs,TP_A_0030,Trade-weighted MFN applied tariff average - all products,242,FJI,Fiji,-,,-,-,-,-,-,A,Annual,A,Annual,PCT,Percent,2017,,,,15.7994888
MFN applied tariffs,TP_A_0030,Trade-weighted MFN applied tariff average - all products,242,FJI,Fiji,-,,-,-,-,-,-,A,Annual,A,Annual,PCT,Percent,2018,,,,15.36118431
MFN applied tariffs,TP_A_0030,Trade-weighted MFN applied tariff average - all products,242,FJI,Fiji,-,,-,-,-,-,-,A,Annual,A,Annual,PCT,Percent,2019,,,,14.89138884
MFN applied tariffs,TP_A_0030,Trade-weighted MFN applied tariff average - all products,242,FJI,Fiji,-,,-,-,-,-,-,A,Annual,A,Annual,PCT,Percent,2021,,,,13.0656602
MFN applied tariffs,TP_A_0030,Trade-weighted MFN applied tariff average - all products,242,FJI,Fiji,-,,-,-,-,-,-,A,Annual,A,Annual,PCT,Percent,2022,,,,10.29677812
MFN applied tariffs,TP_A_0030,Trade-weighted MFN applied tariff average - all products,242,FJI,Fiji,-,,-,-,-,-,-,A,Annual,A,Annual,PCT,Percent,2023,,,,10.03252168
MFN applied tariffs,TP_A_0030,Trade-weighted MFN applied tariff average - all products,242,FJI,Fiji,-,,-,-,-,-,-,A,Annual,A,Annual,PCT,Percent,2010,,,,15.42636639
MFN applied tariffs,TP_A_0030,Trade-weighted MFN applied tariff average - all products,242,FJI,Fiji,-,,-,-,-,-,-,A,Annual,A,Annual,PCT,Percent,2011,,,,13.90365927
MFN applied tariffs,TP_A_0030,Trade-weighted MFN applied tariff average - all products,242,FJI,Fiji,-,,-,-,-,-,-,A,Annual,A,Annual,PCT,Percent,2012,,,,27.64669381
MFN applied tariffs,TP_A_0030,Trade-weighted MFN applied tariff average - all products,242,FJI,Fiji,-,,-,-,-,-,-,A,Annual,A,Annual,PCT,Percent,2013,,,,14.49222379
MFN applied tariffs,TP_A_0030,Trade-weighted MFN applied tariff average - all products,242,FJI,Fiji,-,,-,-,-,-,-,A,Annual,A,Annual,PCT,Percent,2014,,,,13.38314467
MFN applied tariffs,TP_A_0030,Trade-weighted MFN applied tariff average - all products,242,FJI,Fiji,-,,-,-,-,-,-,A,Annual,A,Annual,PCT,Percent,2015,,,,15.57142871
MFN applied tariffs,TP_A_0030,Trade-weighted MFN applied tariff average - all products,258,PYF,French Polynesia,-,,-,-,-,-,-,A,Annual,A,Annual,PCT,Percent,-,,,,8.36311389
MFN applied tariffs,TP_A_0030,Trade-weighted MFN applied tariff average - all products,262,DJI,Djibouti,-,,-,-,-,-,-,A,Annual,A,Annual,PCT,Percent,2009,,,,17.2664112
MFN applied tariffs,TP_A_0030,Trade-weighted MFN applied tariff average - all products,262,DJI,Djibouti,-,,-,-,-,-,-,A,Annual,A,Annual,PCT,Percent,2011,,,,17.70364249
MFN applied tariffs,TP_A_0030,Trade-weighted MFN applied tariff average - all products,266,GAB,Gabon,-,,-,-,-,-,-,A,Annual,A,Annual,PCT,Percent,2005,,,,16.90799323
MFN applied tariffs,TP_A_0030,Trade-weighted MFN applied tariff average - all products,266,GAB,Gabon,-,,-,-,-,-,-,A,Annual,A,Annual,PCT,Percent,2007,,,,15.13350447
MFN applied tariffs,TP_A_0030,Trade-weighted MFN applied tariff average - all products,266,GAB,Gabon,-,,-,-,-,-,-,A,Annual,A,Annual,PCT,Percent,2008,,,,14.72850185
MFN applied tariffs,TP_A_0030,Trade-weighted MFN applied tariff average - all products,266,GAB,Gabon,-,,-,-,-,-,-,A,Annual,A,Annual,PCT,Percent,2009,,,,14.69428097
MFN applied tariffs,TP_A_0030,Trade-weighted MFN applied tariff average - all products,266,GAB,Gabon,-,,-,-,-,-,-,A,Annual,A,Annual,PCT,Percent,2011,,,,15.12996686
MFN applied tariffs,TP_A_0030,Trade-weighted MFN applied tariff average - all products,266,GAB,Gabon,-,,-,-,-,-,-,A,Annual,A,Annual,PCT,Percent,2013,,,,14.14782817
MFN applied tariffs,TP_A_0030,Trade-weighted MFN applied tariff average - all products,266,GAB,Gabon,-,,-,-,-,-,-,A,Annual,A,Annual,PCT,Percent,2014,,,,14.14782817
MFN applied tariffs,TP_A_0030,Trade-weighted MFN applied tariff average - all products,266,GAB,Gabon,-,,-,-,-,-,-,A,Annual,A,Annual,PCT,Percent,2023,,,,13.50501662
MFN applied tariffs,TP_A_0030,Trade-weighted MFN applied tariff average - all products,266,GAB,Gabon,-,,-,-,-,-,-,A,Annual,A,Annual,PCT,Percent,2024,,,,13.82016313
MFN applied tariffs,TP_A_0030,Trade-weighted MFN applied tariff average - all products,268,GEO,Georgia,-,,-,-,-,-,-,A,Annual,A,Annual,PCT,Percent,2007,,,,2.282147947
MFN applied tariffs,TP_A_0030,Trade-weighted MFN applied tariff average - all products,268,GEO,Georgia,-,,-,-,-,-,-,A,Annual,A,Annual,PCT,Percent,2008,,,,1.500553544
MFN applied tariffs,TP_A_0030,Trade-weighted MFN applied tariff average - all products,268,GEO,Georgia,-,,-,-,-,-,-,A,Annual,A,Annual,PCT,Percent,2009,,,,1.630620216
MFN applied tariffs,TP_A_0030,Trade-weighted MFN applied tariff average - all products,268,GEO,Georgia,-,,-,-,-,-,-,A,Annual,A,Annual,PCT,Percent,2010,,,,1.207719386
MFN applied tariffs,TP_A_0030,Trade-weighted MFN applied tariff average - all products,268,GEO,Georgia,-,,-,-,-,-,-,A,Annual,A,Annual,PCT,Percent,2011,,,,2.219856342
MFN applied tariffs,TP_A_0030,Trade-weighted MFN applied tariff average - all products,268,GEO,Georgia,-,,-,-,-,-,-,A,Annual,A,Annual,PCT,Percent,2024,,,,1.586815092
MFN applied tariffs,TP_A_0030,Trade-weighted MFN applied tariff average - all products,268,GEO,Georgia,-,,-,-,-,-,-,A,Annual,A,Annual,PCT,Percent,2018,,,,1.795621651
MFN applied tariffs,TP_A_0030,Trade-weighted MFN applied tariff average - all products,268,GEO,Georgia,-,,-,-,-,-,-,A,Annual,A,Annual,PCT,Percent,2019,,,,1.969329505
MFN applied tariffs,TP_A_0030,Trade-weighted MFN applied tariff average - all products,268,GEO,Georgia,-,,-,-,-,-,-,A,Annual,A,Annual,PCT,Percent,2020,,,,1.696492228
MFN applied tariffs,TP_A_0030,Trade-weighted MFN applied tariff average - all products,268,GEO,Georgia,-,,-,-,-,-,-,A,Annual,A,Annual,PCT,Percent,2021,,,,2.029684797
MFN applied tariffs,TP_A_0030,Trade-weighted MFN applied tariff average - all products,268,GEO,Georgia,-,,-,-,-,-,-,A,Annual,A,Annual,PCT,Percent,2022,,,,1.794348813
MFN applied tariffs,TP_A_0030,Trade-weighted MFN applied tariff average - all products,268,GEO,Georgia,-,,-,-,-,-,-,A,Annual,A,Annual,PCT,Percent,2023,,,,1.913838406
MFN applied tariffs,TP_A_0030,Trade-weighted MFN applied tariff average - all products,268,GEO,Georgia,-,,-,-,-,-,-,A,Annual,A,Annual,PCT,Percent,2012,,,,1.940472247
MFN applied tariffs,TP_A_0030,Trade-weighted MFN applied tariff average - all products,268,GEO,Georgia,-,,-,-,-,-,-,A,Annual,A,Annual,PCT,Percent,2013,,,,1.949880238
MFN applied tariffs,TP_A_0030,Trade-weighted MFN applied tariff average - all products,268,GEO,Georgia,-,,-,-,-,-,-,A,Annual,A,Annual,PCT,Percent,2014,,,,2.004717419
MFN applied tariffs,TP_A_0030,Trade-weighted MFN applied tariff average - all products,268,GEO,Georgia,-,,-,-,-,-,-,A,Annual,A,Annual,PCT,Percent,2015,,,,2.038027138
MFN applied tariffs,TP_A_0030,Trade-weighted MFN applied tariff average - all products,268,GEO,Georgia,-,,-,-,-,-,-,A,Annual,A,Annual,PCT,Percent,2016,,,,1.747919897
MFN applied tariffs,TP_A_0030,Trade-weighted MFN applied tariff average - all products,268,GEO,Georgia,-,,-,-,-,-,-,A,Annual,A,Annual,PCT,Percent,2017,,,,1.887535853
MFN applied tariffs,TP_A_0030,Trade-weighted MFN applied tariff average - all products,270,GMB,The Gambia,-,,-,-,-,-,-,A,Annual,A,Annual,PCT,Percent,2007,,,,14.96100435
MFN applied tariffs,TP_A_0030,Trade-weighted MFN applied tariff average - all products,270,GMB,The Gambia,-,,-,-,-,-,-,A,Annual,A,Annual,PCT,Percent,2008,,,,14.65275138
MFN applied tariffs,TP_A_0030,Trade-weighted MFN applied tariff average - all products,270,GMB,The Gambia,-,,-,-,-,-,-,A,Annual,A,Annual,PCT,Percent,2009,,,,14.53611681
MFN applied tariffs,TP_A_0030,Trade-weighted MFN applied tariff average - all products,270,GMB,The Gambia,-,,-,-,-,-,-,A,Annual,A,Annual,PCT,Percent,2010,,,,11.63697283
MFN applied tariffs,TP_A_0030,Trade-weighted MFN applied tariff average - all products,270,GMB,The Gambia,-,,-,-,-,-,-,A,Annual,A,Annual,PCT,Percent,2011,,,,12.9288982
MFN applied tariffs,TP_A_0030,Trade-weighted MFN applied tariff average - all products,270,GMB,The Gambia,-,,-,-,-,-,-,A,Annual,A,Annual,PCT,Percent,2021,,,,12.76152512
MFN applied tariffs,TP_A_0030,Trade-weighted MFN applied tariff average - all products,270,GMB,The Gambia,-,,-,-,-,-,-,A,Annual,A,Annual,PCT,Percent,2023,,,,11.62016429
MFN applied tariffs,TP_A_0030,Trade-weighted MFN applied tariff average - all products,270,GMB,The Gambia,-,,-,-,-,-,-,A,Annual,A,Annual,PCT,Percent,2024,,,,12.62764826
MFN applied tariffs,TP_A_0030,Trade-weighted MFN applied tariff average - all products,270,GMB,The Gambia,-,,-,-,-,-,-,A,Annual,A,Annual,PCT,Percent,2012,,,,12.50082304
MFN applied tariffs,TP_A_0030,Trade-weighted MFN applied tariff average - all products,270,GMB,The Gambia,-,,-,-,-,-,-,A,Annual,A,Annual,PCT,Percent,2013,,,,13.12969855
MFN applied tariffs,TP_A_0030,Trade-weighted MFN applied tariff average - all products,270,GMB,The Gambia,-,,-,-,-,-,-,A,Annual,A,Annual,PCT,Percent,2017,,,,14.24361689
MFN applied tariffs,TP_A_0030,Trade-weighted MFN applied tariff average - all products,270,GMB,The Gambia,-,,-,-,-,-,-,A,Annual,A,Annual,PCT,Percent,2018,,,,11.80006128
MFN applied tariffs,TP_A_0030,Trade-weighted MFN applied tariff average - all products,270,GMB,The Gambia,-,,-,-,-,-,-,A,Annual,A,Annual,PCT,Percent,2019,,,,11.6845188
MFN applied tariffs,TP_A_0030,Trade-weighted MFN applied tariff average - all products,270,GMB,The Gambia,-,,-,-,-,-,-,A,Annual,A,Annual,PCT,Percent,2020,,,,13.08567041
MFN applied tariffs,TP_A_0030,Trade-weighted MFN applied tariff average - all products,288,GHA,Ghana,-,,-,-,-,-,-,A,Annual,A,Annual,PCT,Percent,2007,,,,8.540554856
MFN applied tariffs,TP_A_0030,Trade-weighted MFN applied tariff average - all products,288,GHA,Ghana,-,,-,-,-,-,-,A,Annual,A,Annual,PCT,Percent,2008,,,,8.52521283
MFN applied tariffs,TP_A_0030,Trade-weighted MFN applied tariff average - all products,288,GHA,Ghana,-,,-,-,-,-,-,A,Annual,A,Annual,PCT,Percent,2009,,,,8.557985469
MFN applied tariffs,TP_A_0030,Trade-weighted MFN applied tariff average - all products,288,GHA,Ghana,-,,-,-,-,-,-,A,Annual,A,Annual,PCT,Percent,2021,,,,11.00160018
MFN applied tariffs,TP_A_0030,Trade-weighted MFN applied tariff average - all products,288,GHA,Ghana,-,,-,-,-,-,-,A,Annual,A,Annual,PCT,Percent,2023,,,,10.28023579
MFN applied tariffs,TP_A_0030,Trade-weighted MFN applied tariff average - all products,288,GHA,Ghana,-,,-,-,-,-,-,A,Annual,A,Annual,PCT,Percent,2024,,,,9.860563089
MFN applied tariffs,TP_A_0030,Trade-weighted MFN applied tariff average - all products,288,GHA,Ghana,-,,-,-,-,-,-,A,Annual,A,Annual,PCT,Percent,2010,,,,10.05868754
MFN applied tariffs,TP_A_0030,Trade-weighted MFN applied tariff average - all products,288,GHA,Ghana,-,,-,-,-,-,-,A,Annual,A,Annual,PCT,Percent,2013,,,,9.925528444
MFN applied tariffs,TP_A_0030,Trade-weighted MFN applied tariff average - all products,288,GHA,Ghana,-,,-,-,-,-,-,A,Annual,A,Annual,PCT,Percent,2017,,,,10.9056966
MFN applied tariffs,TP_A_0030,Trade-weighted MFN applied tariff average - all products,288,GHA,Ghana,-,,-,-,-,-,-,A,Annual,A,Annual,PCT,Percent,2018,,,,11.41846139
MFN applied tariffs,TP_A_0030,Trade-weighted MFN applied tariff average - all products,288,GHA,Ghana,-,,-,-,-,-,-,A,Annual,A,Annual,PCT,Percent,2019,,,,11.29291536
MFN applied tariffs,TP_A_0030,Trade-weighted MFN applied tariff average - all products,288,GHA,Ghana,-,,-,-,-,-,-,A,Annual,A,Annual,PCT,Percent,2020,,,,10.99564693
MFN applied tariffs,TP_A_0030,Trade-weighted MFN applied tariff average - all products,296,KIR,Kiribati,-,,-,-,-,-,-,A,Annual,A,Annual,PCT,Percent,2006,,,,32.3038549
MFN applied tariffs,TP_A_0030,Trade-weighted MFN applied tariff average - all products,296,KIR,Kiribati,-,,-,-,-,-,-,A,Annual,A,Annual,PCT,Percent,2021,,,,0
MFN applied tariffs,TP_A_0030,Trade-weighted MFN applied tariff average - all products,296,KIR,Kiribati,-,,-,-,-,-,-,A,Annual,A,Annual,PCT,Percent,2022,,,,0
MFN applied tariffs,TP_A_0030,Trade-weighted MFN applied tariff average - all products,296,KIR,Kiribati,-,,-,-,-,-,-,A,Annual,A,Annual,PCT,Percent,2023,,,,0.0228609743760743
MFN applied tariffs,TP_A_0030,Trade-weighted MFN applied tariff average - all products,308,GRD,Grenada,-,,-,-,-,-,-,A,Annual,A,Annual,PCT,Percent,2007,,,,11.75890454
MFN applied tariffs,TP_A_0030,Trade-weighted MFN applied tariff average - all products,308,GRD,Grenada,-,,-,-,-,-,-,A,Annual,A,Annual,PCT,Percent,2008,,,,12.7203966
MFN applied tariffs,TP_A_0030,Trade-weighted MFN applied tariff average - all products,308,GRD,Grenada,-,,-,-,-,-,-,A,Annual,A,Annual,PCT,Percent,2010,,,,12.26509692
MFN applied tariffs,TP_A_0030,Trade-weighted MFN applied tariff average - all products,308,GRD,Grenada,-,,-,-,-,-,-,A,Annual,A,Annual,PCT,Percent,2022,,,,12.89750892
MFN applied tariffs,TP_A_0030,Trade-weighted MFN applied tariff average - all products,308,GRD,Grenada,-,,-,-,-,-,-,A,Annual,A,Annual,PCT,Percent,2023,,,,13.21109888
MFN applied tariffs,TP_A_0030,Trade-weighted MFN applied tariff average - all products,308,GRD,Grenada,-,,-,-,-,-,-,A,Annual,A,Annual,PCT,Percent,2024,,,,13.27877133
MFN applied tariffs,TP_A_0030,Trade-weighted MFN applied tariff average - all products,320,GTM,Guatemala,-,,-,-,-,-,-,A,Annual,A,Annual,PCT,Percent,2005,,,,5.890588933
MFN applied tariffs,TP_A_0030,Trade-weighted MFN applied tariff average - all products,320,GTM,Guatemala,-,,-,-,-,-,-,A,Annual,A,Annual,PCT,Percent,2007,,,,5.539047594
MFN applied tariffs,TP_A_0030,Trade-weighted MFN applied tariff average - all products,320,GTM,Guatemala,-,,-,-,-,-,-,A,Annual,A,Annual,PCT,Percent,2008,,,,5.366289895
MFN applied tariffs,TP_A_0030,Trade-weighted MFN applied tariff average - all products,320,GTM,Guatemala,-,,-,-,-,-,-,A,Annual,A,Annual,PCT,Percent,2009,,,,5.158312088
MFN applied tariffs,TP_A_0030,Trade-weighted MFN applied tariff average - all products,320,GTM,Guatemala,-,,-,-,-,-,-,A,Annual,A,Annual,PCT,Percent,2010,,,,5.453160783
MFN applied tariffs,TP_A_0030,Trade-weighted MFN applied tariff average - all products,320,GTM,Guatemala,-,,-,-,-,-,-,A,Annual,A,Annual,PCT,Percent,2022,,,,4.973836836
MFN applied tariffs,TP_A_0030,Trade-weighted MFN applied tariff average - all products,320,GTM,Guatemala,-,,-,-,-,-,-,A,Annual,A,Annual,PCT,Percent,2023,,,,6.422803919
MFN applied tariffs,TP_A_0030,Trade-weighted MFN applied tariff average - all products,320,GTM,Guatemala,-,,-,-,-,-,-,A,Annual,A,Annual,PCT,Percent,2024,,,,5.166449383
MFN applied tariffs,TP_A_0030,Trade-weighted MFN applied tariff average - all products,320,GTM,Guatemala,-,,-,-,-,-,-,A,Annual,A,Annual,PCT,Percent,2011,,,,6.208840019
MFN applied tariffs,TP_A_0030,Trade-weighted MFN applied tariff average - all products,320,GTM,Guatemala,-,,-,-,-,-,-,A,Annual,A,Annual,PCT,Percent,2012,,,,5.93778523
MFN applied tariffs,TP_A_0030,Trade-weighted MFN applied tariff average - all products,320,GTM,Guatemala,-,,-,-,-,-,-,A,Annual,A,Annual,PCT,Percent,2013,,,,5.184930832
MFN applied tariffs,TP_A_0030,Trade-weighted MFN applied tariff average - all products,320,GTM,Guatemala,-,,-,-,-,-,-,A,Annual,A,Annual,PCT,Percent,2014,,,,5.167228817
MFN applied tariffs,TP_A_0030,Trade-weighted MFN applied tariff average - all products,320,GTM,Guatemala,-,,-,-,-,-,-,A,Annual,A,Annual,PCT,Percent,2015,,,,4.983340325
MFN applied tariffs,TP_A_0030,Trade-weighted MFN applied tariff average - all products,320,GTM,Guatemala,-,,-,-,-,-,-,A,Annual,A,Annual,PCT,Percent,2021,,,,5.179480916
MFN applied tariffs,TP_A_0030,Trade-weighted MFN applied tariff average - all products,324,GIN,Guinea,-,,-,-,-,-,-,A,Annual,A,Annual,PCT,Percent,2009,,,,11.90568165
MFN applied tariffs,TP_A_0030,Trade-weighted MFN applied tariff average - all products,324,GIN,Guinea,-,,-,-,-,-,-,A,Annual,A,Annual,PCT,Percent,2010,,,,11.79454033
MFN applied tariffs,TP_A_0030,Trade-weighted MFN applied tariff average - all products,324,GIN,Guinea,-,,-,-,-,-,-,A,Annual,A,Annual,PCT,Percent,2012,,,,11.32829538
MFN applied tariffs,TP_A_0030,Trade-weighted MFN applied tariff average - all products,324,GIN,Guinea,-,,-,-,-,-,-,A,Annual,A,Annual,PCT,Percent,2017,,,,10.85169331
MFN applied tariffs,TP_A_0030,Trade-weighted MFN applied tariff average - all products,324,GIN,Guinea,-,,-,-,-,-,-,A,Annual,A,Annual,PCT,Percent,2018,,,,9.305975818
MFN applied tariffs,TP_A_0030,Trade-weighted MFN applied tariff average - all products,324,GIN,Guinea,-,,-,-,-,-,-,A,Annual,A,Annual,PCT,Percent,2019,,,,9.305975818
MFN applied tariffs,TP_A_0030,Trade-weighted MFN applied tariff average - all products,324,GIN,Guinea,-,,-,-,-,-,-,A,Annual,A,Annual,PCT,Percent,2021,,,,11.62487033
MFN applied tariffs,TP_A_0030,Trade-weighted MFN applied tariff average - all products,328,GUY,Guyana,-,,-,-,-,-,-,A,Annual,A,Annual,PCT,Percent,2006,,,,11.76329003
MFN applied tariffs,TP_A_0030,Trade-weighted MFN applied tariff average - all products,328,GUY,Guyana,-,,-,-,-,-,-,A,Annual,A,Annual,PCT,Percent,2008,,,,10.7157456
MFN applied tariffs,TP_A_0030,Trade-weighted MFN applied tariff average - all products,328,GUY,Guyana,-,,-,-,-,-,-,A,Annual,A,Annual,PCT,Percent,2017,,,,12.42863741
MFN applied tariffs,TP_A_0030,Trade-weighted MFN applied tariff average - all products,328,GUY,Guyana,-,,-,-,-,-,-,A,Annual,A,Annual,PCT,Percent,2018,,,,11.62206488
MFN applied tariffs,TP_A_0030,Trade-weighted MFN applied tariff average - all products,328,GUY,Guyana,-,,-,-,-,-,-,A,Annual,A,Annual,PCT,Percent,2019,,,,5.323633264
MFN applied tariffs,TP_A_0030,Trade-weighted MFN applied tariff average - all products,328,GUY,Guyana,-,,-,-,-,-,-,A,Annual,A,Annual,PCT,Percent,2021,,,,12.53848879
MFN applied tariffs,TP_A_0030,Trade-weighted MFN applied tariff average - all products,328,GUY,Guyana,-,,-,-,-,-,-,A,Annual,A,Annual,PCT,Percent,2022,,,,7.763553335
MFN applied tariffs,TP_A_0030,Trade-weighted MFN applied tariff average - all products,328,GUY,Guyana,-,,-,-,-,-,-,A,Annual,A,Annual,PCT,Percent,2023,,,,10.40621653
MFN applied tariffs,TP_A_0030,Trade-weighted MFN applied tariff average - all products,328,GUY,Guyana,-,,-,-,-,-,-,A,Annual,A,Annual,PCT,Percent,2010,,,,10.7157456
MFN applied tariffs,TP_A_0030,Trade-weighted MFN applied tariff average - all products,328,GUY,Guyana,-,,-,-,-,-,-,A,Annual,A,Annual,PCT,Percent,2011,,,,9.953094068
MFN applied tariffs,TP_A_0030,Trade-weighted MFN applied tariff average - all products,328,GUY,Guyana,-,,-,-,-,-,-,A,Annual,A,Annual,PCT,Percent,2012,,,,10.0168422
MFN applied tariffs,TP_A_0030,Trade-weighted MFN applied tariff average - all products,328,GUY,Guyana,-,,-,-,-,-,-,A,Annual,A,Annual,PCT,Percent,2013,,,,11.98027722
MFN applied tariffs,TP_A_0030,Trade-weighted MFN applied tariff average - all products,328,GUY,Guyana,-,,-,-,-,-,-,A,Annual,A,Annual,PCT,Percent,2015,,,,11.60787279
MFN applied tariffs,TP_A_0030,Trade-weighted MFN applied tariff average - all products,328,GUY,Guyana,-,,-,-,-,-,-,A,Annual,A,Annual,PCT,Percent,2016,,,,7.985683629
MFN applied tariffs,TP_A_0030,Trade-weighted MFN applied tariff average - all products,332,HTI,Haiti,-,,-,-,-,-,-,A,Annual,A,Annual,PCT,Percent,2012,,,,6.582875322
MFN applied tariffs,TP_A_0030,Trade-weighted MFN applied tariff average - all products,332,HTI,Haiti,-,,-,-,-,-,-,A,Annual,A,Annual,PCT,Percent,2013,,,,8.415384537
MFN applied tariffs,TP_A_0030,Trade-weighted MFN applied tariff average - all products,332,HTI,Haiti,-,,-,-,-,-,-,A,Annual,A,Annual,PCT,Percent,2014,,,,8.415384537
MFN applied tariffs,TP_A_0030,Trade-weighted MFN applied tariff average - all products,332,HTI,Haiti,-,,-,-,-,-,-,A,Annual,A,Annual,PCT,Percent,2016,,,,7.326928431
MFN applied tariffs,TP_A_0030,Trade-weighted MFN applied tariff average - all products,340,HND,Honduras,-,,-,-,-,-,-,A,Annual,A,Annual,PCT,Percent,2007,,,,6.588225219
MFN applied tariffs,TP_A_0030,Trade-weighted MFN applied tariff average - all products,340,HND,Honduras,-,,-,-,-,-,-,A,Annual,A,Annual,PCT,Percent,2008,,,,6.19655928
MFN applied tariffs,TP_A_0030,Trade-weighted MFN applied tariff average - all products,340,HND,Honduras,-,,-,-,-,-,-,A,Annual,A,Annual,PCT,Percent,2024,,,,7.646272012
MFN applied tariffs,TP_A_0030,Trade-weighted MFN applied tariff average - all products,340,HND,Honduras,-,,-,-,-,-,-,A,Annual,A,Annual,PCT,Percent,2018,,,,6.874384444
MFN applied tariffs,TP_A_0030,Trade-weighted MFN applied tariff average - all products,340,HND,Honduras,-,,-,-,-,-,-,A,Annual,A,Annual,PCT,Percent,2019,,,,6.647205484
MFN applied tariffs,TP_A_0030,Trade-weighted MFN applied tariff average - all products,340,HND,Honduras,-,,-,-,-,-,-,A,Annual,A,Annual,PCT,Percent,2020,,,,6.738988578
MFN applied tariffs,TP_A_0030,Trade-weighted MFN applied tariff average - all products,340,HND,Honduras,-,,-,-,-,-,-,A,Annual,A,Annual,PCT,Percent,2021,,,,7.002292784
MFN applied tariffs,TP_A_0030,Trade-weighted MFN applied tariff average - all products,340,HND,Honduras,-,,-,-,-,-,-,A,Annual,A,Annual,PCT,Percent,2022,,,,7.275315373
MFN applied tariffs,TP_A_0030,Trade-weighted MFN applied tariff average - all products,340,HND,Honduras,-,,-,-,-,-,-,A,Annual,A,Annual,PCT,Percent,2023,,,,7.800661449
MFN applied tariffs,TP_A_0030,Trade-weighted MFN applied tariff average - all products,340,HND,Honduras,-,,-,-,-,-,-,A,Annual,A,Annual,PCT,Percent,2009,,,,6.463803875
MFN applied tariffs,TP_A_0030,Trade-weighted MFN applied tariff average - all products,340,HND,Honduras,-,,-,-,-,-,-,A,Annual,A,Annual,PCT,Percent,2011,,,,7.279141093
MFN applied tariffs,TP_A_0030,Trade-weighted MFN applied tariff average - all products,340,HND,Honduras,-,,-,-,-,-,-,A,Annual,A,Annual,PCT,Percent,2012,,,,6.203215742
MFN applied tariffs,TP_A_0030,Trade-weighted MFN applied tariff average - all products,340,HND,Honduras,-,,-,-,-,-,-,A,Annual,A,Annual,PCT,Percent,2013,,,,5.750036983
MFN applied tariffs,TP_A_0030,Trade-weighted MFN applied tariff average - all products,340,HND,Honduras,-,,-,-,-,-,-,A,Annual,A,Annual,PCT,Percent,2014,,,,5.788132549
MFN applied tariffs,TP_A_0030,Trade-weighted MFN applied tariff average - all products,340,HND,Honduras,-,,-,-,-,-,-,A,Annual,A,Annual,PCT,Percent,2015,,,,6.248287349
MFN applied tariffs,TP_A_0030,Trade-weighted MFN applied tariff average - all products,344,HKG,"Hong Kong, China",-,,-,-,-,-,-,A,Annual,A,Annual,PCT,Percent,2006,,,,0
MFN applied tariffs,TP_A_0030,Trade-weighted MFN applied tariff average - all products,344,HKG,"Hong Kong, China",-,,-,-,-,-,-,A,Annual,A,Annual,PCT,Percent,2007,,,,0
MFN applied tariffs,TP_A_0030,Trade-weighted MFN applied tariff average - all products,344,HKG,"Hong Kong, China",-,,-,-,-,-,-,A,Annual,A,Annual,PCT,Percent,2008,,,,0
MFN applied tariffs,TP_A_0030,Trade-weighted MFN applied tariff average - all products,344,HKG,"Hong Kong, China",-,,-,-,-,-,-,A,Annual,A,Annual,PCT,Percent,2009,,,,0
MFN applied tariffs,TP_A_0030,Trade-weighted MFN applied tariff average - all products,344,HKG,"Hong Kong, China",-,,-,-,-,-,-,A,Annual,A,Annual,PCT,Percent,2010,,,,0
MFN applied tariffs,TP_A_0030,Trade-weighted MFN applied tariff average - all products,344,HKG,"Hong Kong, China",-,,-,-,-,-,-,A,Annual,A,Annual,PCT,Percent,2023,,,,0
MFN applied tariffs,TP_A_0030,Trade-weighted MFN applied tariff average - all products,344,HKG,"Hong Kong, China",-,,-,-,-,-,-,A,Annual,A,Annual,PCT,Percent,2024,,,,0
MFN applied tariffs,TP_A_0030,Trade-weighted MFN applied tariff average - all products,344,HKG,"Hong Kong, China",-,,-,-,-,-,-,A,Annual,A,Annual,PCT,Percent,2017,,,,0
MFN applied tariffs,TP_A_0030,Trade-weighted MFN applied tariff average - all products,344,HKG,"Hong Kong, China",-,,-,-,-,-,-,A,Annual,A,Annual,PCT,Percent,2018,,,,0
MFN applied tariffs,TP_A_0030,Trade-weighted MFN applied tariff average - all products,344,HKG,"Hong Kong, China",-,,-,-,-,-,-,A,Annual,A,Annual,PCT,Percent,2019,,,,0
MFN applied tariffs,TP_A_0030,Trade-weighted MFN applied tariff average - all products,344,HKG,"Hong Kong, China",-,,-,-,-,-,-,A,Annual,A,Annual,PCT,Percent,2020,,,,0
MFN applied tariffs,TP_A_0030,Trade-weighted MFN applied tariff average - all products,344,HKG,"Hong Kong, China",-,,-,-,-,-,-,A,Annual,A,Annual,PCT,Percent,2021,,,,0
MFN applied tariffs,TP_A_0030,Trade-weighted MFN applied tariff average - all products,344,HKG,"Hong Kong, China",-,,-,-,-,-,-,A,Annual,A,Annual,PCT,Percent,2022,,,,0
MFN applied tariffs,TP_A_0030,Trade-weighted MFN applied tariff average - all products,344,HKG,"Hong Kong, China",-,,-,-,-,-,-,A,Annual,A,Annual,PCT,Percent,2011,,,,0
MFN applied tariffs,TP_A_0030,Trade-weighted MFN applied tariff average - all products,344,HKG,"Hong Kong, China",-,,-,-,-,-,-,A,Annual,A,Annual,PCT,Percent,2012,,,,0
MFN applied tariffs,TP_A_0030,Trade-weighted MFN applied tariff average - all products,344,HKG,"Hong Kong, China",-,,-,-,-,-,-,A,Annual,A,Annual,PCT,Percent,2013,,,,0
MFN applied tariffs,TP_A_0030,Trade-weighted MFN applied tariff average - all products,344,HKG,"Hong Kong, China",-,,-,-,-,-,-,A,Annual,A,Annual,PCT,Percent,2014,,,,0
MFN applied tariffs,TP_A_0030,Trade-weighted MFN applied tariff average - all products,344,HKG,"Hong Kong, China",-,,-,-,-,-,-,A,Annual,A,Annual,PCT,Percent,2015,,,,0
MFN applied tariffs,TP_A_0030,Trade-weighted MFN applied tariff average - all products,344,HKG,"Hong Kong, China",-,,-,-,-,-,-,A,Annual,A,Annual,PCT,Percent,2016,,,,0
MFN applied tariffs,TP_A_0030,Trade-weighted MFN applied tariff average - all products,352,ISL,Iceland,-,,-,-,-,-,-,A,Annual,A,Annual,PCT,Percent,2017,,,,1.835354177
MFN applied tariffs,TP_A_0030,Trade-weighted MFN applied tariff average - all products,352,ISL,Iceland,-,,-,-,-,-,-,A,Annual,A,Annual,PCT,Percent,2018,,,,2.177340122
MFN applied tariffs,TP_A_0030,Trade-weighted MFN applied tariff average - all products,352,ISL,Iceland,-,,-,-,-,-,-,A,Annual,A,Annual,PCT,Percent,2019,,,,1.991673319
MFN applied tariffs,TP_A_0030,Trade-weighted MFN applied tariff average - all products,352,ISL,Iceland,-,,-,-,-,-,-,A,Annual,A,Annual,PCT,Percent,2021,,,,2.339282192
MFN applied tariffs,TP_A_0030,Trade-weighted MFN applied tariff average - all products,352,ISL,Iceland,-,,-,-,-,-,-,A,Annual,A,Annual,PCT,Percent,2022,,,,2.134055438
MFN applied tariffs,TP_A_0030,Trade-weighted MFN applied tariff average - all products,352,ISL,Iceland,-,,-,-,-,-,-,A,Annual,A,Annual,PCT,Percent,2023,,,,2.290359335
MFN applied tariffs,TP_A_0030,Trade-weighted MFN applied tariff average - all products,352,ISL,Iceland,-,,-,-,-,-,-,A,Annual,A,Annual,PCT,Percent,2011,,,,2.83539018
MFN applied tariffs,TP_A_0030,Trade-weighted MFN applied tariff average - all products,352,ISL,Iceland,-,,-,-,-,-,-,A,Annual,A,Annual,PCT,Percent,2012,,,,2.496983369
MFN applied tariffs,TP_A_0030,Trade-weighted MFN applied tariff average - all products,352,ISL,Iceland,-,,-,-,-,-,-,A,Annual,A,Annual,PCT,Percent,2013,,,,2.718234302
MFN applied tariffs,TP_A_0030,Trade-weighted MFN applied tariff average - all products,352,ISL,Iceland,-,,-,-,-,-,-,A,Annual,A,Annual,PCT,Percent,2014,,,,2.905800617
MFN applied tariffs,TP_A_0030,Trade-weighted MFN applied tariff average - all products,352,ISL,Iceland,-,,-,-,-,-,-,A,Annual,A,Annual,PCT,Percent,2015,,,,2.972529361
MFN applied tariffs,TP_A_0030,Trade-weighted MFN applied tariff average - all products,352,ISL,Iceland,-,,-,-,-,-,-,A,Annual,A,Annual,PCT,Percent,2016,,,,2.692058894
MFN applied tariffs,TP_A_0030,Trade-weighted MFN applied tariff average - all products,352,ISL,Iceland,-,,-,-,-,-,-,A,Annual,A,Annual,PCT,Percent,2024,,,,2.628558265
MFN applied tariffs,TP_A_0030,Trade-weighted MFN applied tariff average - all products,352,ISL,Iceland,-,,-,-,-,-,-,A,Annual,A,Annual,PCT,Percent,2007,,,,3.119849332
MFN applied tariffs,TP_A_0030,Trade-weighted MFN applied tariff average - all products,352,ISL,Iceland,-,,-,-,-,-,-,A,Annual,A,Annual,PCT,Percent,2008,,,,2.909044147
MFN applied tariffs,TP_A_0030,Trade-weighted MFN applied tariff average - all products,352,ISL,Iceland,-,,-,-,-,-,-,A,Annual,A,Annual,PCT,Percent,2009,,,,2.953020993
MFN applied tariffs,TP_A_0030,Trade-weighted MFN applied tariff average - all products,352,ISL,Iceland,-,,-,-,-,-,-,A,Annual,A,Annual,PCT,Percent,2010,,,,2.968477071
MFN applied tariffs,TP_A_0030,Trade-weighted MFN applied tariff average - all products,356,IND,India,-,,-,-,-,-,-,A,Annual,A,Annual,PCT,Percent,2005,,,,14.70234384
MFN applied tariffs,TP_A_0030,Trade-weighted MFN applied tariff average - all products,356,IND,India,-,,-,-,-,-,-,A,Annual,A,Annual,PCT,Percent,2007,,,,7.95329836
MFN applied tariffs,TP_A_0030,Trade-weighted MFN applied tariff average - all products,356,IND,India,-,,-,-,-,-,-,A,Annual,A,Annual,PCT,Percent,2008,,,,9.274579714
MFN applied tariffs,TP_A_0030,Trade-weighted MFN applied tariff average - all products,356,IND,India,-,,-,-,-,-,-,A,Annual,A,Annual,PCT,Percent,2009,,,,6.939427368
MFN applied tariffs,TP_A_0030,Trade-weighted MFN applied tariff average - all products,356,IND,India,-,,-,-,-,-,-,A,Annual,A,Annual,PCT,Percent,2010,,,,7.194471993
MFN applied tariffs,TP_A_0030,Trade-weighted MFN applied tariff average - all products,356,IND,India,-,,-,-,-,-,-,A,Annual,A,Annual,PCT,Percent,2024,,,,12.00154481
MFN applied tariffs,TP_A_0030,Trade-weighted MFN applied tariff average - all products,356,IND,India,-,,-,-,-,-,-,A,Annual,A,Annual,PCT,Percent,2018,,,,11.71060895
MFN applied tariffs,TP_A_0030,Trade-weighted MFN applied tariff average - all products,356,IND,India,-,,-,-,-,-,-,A,Annual,A,Annual,PCT,Percent,2019,,,,10.2969029
MFN applied tariffs,TP_A_0030,Trade-weighted MFN applied tariff average - all products,356,IND,India,-,,-,-,-,-,-,A,Annual,A,Annual,PCT,Percent,2020,,,,7.018407345
MFN applied tariffs,TP_A_0030,Trade-weighted MFN applied tariff average - all products,356,IND,India,-,,-,-,-,-,-,A,Annual,A,Annual,PCT,Percent,2021,,,,12.56677533
MFN applied tariffs,TP_A_0030,Trade-weighted MFN applied tariff average - all products,356,IND,India,-,,-,-,-,-,-,A,Annual,A,Annual,PCT,Percent,2022,,,,11.36351632
MFN applied tariffs,TP_A_0030,Trade-weighted MFN applied tariff average - all products,356,IND,India,-,,-,-,-,-,-,A,Annual,A,Annual,PCT,Percent,2023,,,,11.9680896
MFN applied tariffs,TP_A_0030,Trade-weighted MFN applied tariff average - all products,356,IND,India,-,,-,-,-,-,-,A,Annual,A,Annual,PCT,Percent,2012,,,,7.689198644
MFN applied tariffs,TP_A_0030,Trade-weighted MFN applied tariff average - all products,356,IND,India,-,,-,-,-,-,-,A,Annual,A,Annual,PCT,Percent,2013,,,,6.974902664
MFN applied tariffs,TP_A_0030,Trade-weighted MFN applied tariff average - all products,356,IND,India,-,,-,-,-,-,-,A,Annual,A,Annual,PCT,Percent,2014,,,,6.208385633
MFN applied tariffs,TP_A_0030,Trade-weighted MFN applied tariff average - all products,356,IND,India,-,,-,-,-,-,-,A,Annual,A,Annual,PCT,Percent,2015,,,,7.022318125
MFN applied tariffs,TP_A_0030,Trade-weighted MFN applied tariff average - all products,356,IND,India,-,,-,-,-,-,-,A,Annual,A,Annual,PCT,Percent,2016,,,,7.590886956
MFN applied tariffs,TP_A_0030,Trade-weighted MFN applied tariff average - all products,356,IND,India,-,,-,-,-,-,-,A,Annual,A,Annual,PCT,Percent,2017,,,,7.539682481
MFN applied tariffs,TP_A_0030,Trade-weighted MFN applied tariff average - all products,360,IDN,Indonesia,-,,-,-,-,-,-,A,Annual,A,Annual,PCT,Percent,2006,,,,4.813557059
MFN applied tariffs,TP_A_0030,Trade-weighted MFN applied tariff average - all products,360,IDN,Indonesia,-,,-,-,-,-,-,A,Annual,A,Annual,PCT,Percent,2007,,,,3.947610125
MFN applied tariffs,TP_A_0030,Trade-weighted MFN applied tariff average - all products,360,IDN,Indonesia,-,,-,-,-,-,-,A,Annual,A,Annual,PCT,Percent,2009,,,,4.088154892
MFN applied tariffs,TP_A_0030,Trade-weighted MFN applied tariff average - all products,360,IDN,Indonesia,-,,-,-,-,-,-,A,Annual,A,Annual,PCT,Percent,2010,,,,2.44633261
MFN applied tariffs,TP_A_0030,Trade-weighted MFN applied tariff average - all products,360,IDN,Indonesia,-,,-,-,-,-,-,A,Annual,A,Annual,PCT,Percent,2011,,,,4.1419104
MFN applied tariffs,TP_A_0030,Trade-weighted MFN applied tariff average - all products,360,IDN,Indonesia,-,,-,-,-,-,-,A,Annual,A,Annual,PCT,Percent,2019,,,,5.665546659
MFN applied tariffs,TP_A_0030,Trade-weighted MFN applied tariff average - all products,360,IDN,Indonesia,-,,-,-,-,-,-,A,Annual,A,Annual,PCT,Percent,2021,,,,5.580163604
MFN applied tariffs,TP_A_0030,Trade-weighted MFN applied tariff average - all products,360,IDN,Indonesia,-,,-,-,-,-,-,A,Annual,A,Annual,PCT,Percent,2022,,,,5.206450794
MFN applied tariffs,TP_A_0030,Trade-weighted MFN applied tariff average - all products,360,IDN,Indonesia,-,,-,-,-,-,-,A,Annual,A,Annual,PCT,Percent,2023,,,,5.304030558
MFN applied tariffs,TP_A_0030,Trade-weighted MFN applied tariff average - all products,360,IDN,Indonesia,-,,-,-,-,-,-,A,Annual,A,Annual,PCT,Percent,2024,,,,5.677903751
MFN applied tariffs,TP_A_0030,Trade-weighted MFN applied tariff average - all products,360,IDN,Indonesia,-,,-,-,-,-,-,A,Annual,A,Annual,PCT,Percent,2012,,,,4.53076744
MFN applied tariffs,TP_A_0030,Trade-weighted MFN applied tariff average - all products,360,IDN,Indonesia,-,,-,-,-,-,-,A,Annual,A,Annual,PCT,Percent,2013,,,,4.679425884
MFN applied tariffs,TP_A_0030,Trade-weighted MFN applied tariff average - all products,360,IDN,Indonesia,-,,-,-,-,-,-,A,Annual,A,Annual,PCT,Percent,2014,,,,4.263826941
MFN applied tariffs,TP_A_0030,Trade-weighted MFN applied tariff average - all products,360,IDN,Indonesia,-,,-,-,-,-,-,A,Annual,A,Annual,PCT,Percent,2016,,,,6.830504344
MFN applied tariffs,TP_A_0030,Trade-weighted MFN applied tariff average - all products,360,IDN,Indonesia,-,,-,-,-,-,-,A,Annual,A,Annual,PCT,Percent,2017,,,,5.272545452
MFN applied tariffs,TP_A_0030,Trade-weighted MFN applied tariff average - all products,360,IDN,Indonesia,-,,-,-,-,-,-,A,Annual,A,Annual,PCT,Percent,2018,,,,5.404941859
MFN applied tariffs,TP_A_0030,Trade-weighted MFN applied tariff average - all products,364,IRN,Iran,-,,-,-,-,-,-,A,Annual,A,Annual,PCT,Percent,2007,,,,16.4864938
MFN applied tariffs,TP_A_0030,Trade-weighted MFN applied tariff average - all products,364,IRN,Iran,-,,-,-,-,-,-,A,Annual,A,Annual,PCT,Percent,2008,,,,13.79679764
MFN applied tariffs,TP_A_0030,Trade-weighted MFN applied tariff average - all products,364,IRN,Iran,-,,-,-,-,-,-,A,Annual,A,Annual,PCT,Percent,2011,,,,14.76000007
MFN applied tariffs,TP_A_0030,Trade-weighted MFN applied tariff average - all products,364,IRN,Iran,-,,-,-,-,-,-,A,Annual,A,Annual,PCT,Percent,2019,,,,12.89092201
MFN applied tariffs,TP_A_0030,Trade-weighted MFN applied tariff average - all products,376,ISR,Israel,-,,-,-,-,-,-,A,Annual,A,Annual,PCT,Percent,2006,,,,2.632171193
MFN applied tariffs,TP_A_0030,Trade-weighted MFN applied tariff average - all products,376,ISR,Israel,-,,-,-,-,-,-,A,Annual,A,Annual,PCT,Percent,2008,,,,2.83559072
MFN applied tariffs,TP_A_0030,Trade-weighted MFN applied tariff average - all products,376,ISR,Israel,-,,-,-,-,-,-,A,Annual,A,Annual,PCT,Percent,2009,,,,3.444807838
MFN applied tariffs,TP_A_0030,Trade-weighted MFN applied tariff average - all products,376,ISR,Israel,-,,-,-,-,-,-,A,Annual,A,Annual,PCT,Percent,2012,,,,2.594124216
MFN applied tariffs,TP_A_0030,Trade-weighted MFN applied tariff average - all products,376,ISR,Israel,-,,-,-,-,-,-,A,Annual,A,Annual,PCT,Percent,2013,,,,2.891592535
MFN applied tariffs,TP_A_0030,Trade-weighted MFN applied tariff average - all products,376,ISR,Israel,-,,-,-,-,-,-,A,Annual,A,Annual,PCT,Percent,2014,,,,2.844538642
MFN applied tariffs,TP_A_0030,Trade-weighted MFN applied tariff average - all products,376,ISR,Israel,-,,-,-,-,-,-,A,Annual,A,Annual,PCT,Percent,2015,,,,3.067622847
MFN applied tariffs,TP_A_0030,Trade-weighted MFN applied tariff average - all products,376,ISR,Israel,-,,-,-,-,-,-,A,Annual,A,Annual,PCT,Percent,2016,,,,3.219126155
MFN applied tariffs,TP_A_0030,Trade-weighted MFN applied tariff average - all products,376,ISR,Israel,-,,-,-,-,-,-,A,Annual,A,Annual,PCT,Percent,2017,,,,2.811825974
MFN applied tariffs,TP_A_0030,Trade-weighted MFN applied tariff average - all products,376,ISR,Israel,-,,-,-,-,-,-,A,Annual,A,Annual,PCT,Percent,2019,,,,2.943138509
MFN applied tariffs,TP_A_0030,Trade-weighted MFN applied tariff average - all products,376,ISR,Israel,-,,-,-,-,-,-,A,Annual,A,Annual,PCT,Percent,2020,,,,3.076756283
MFN applied tariffs,TP_A_0030,Trade-weighted MFN applied tariff average - all products,376,ISR,Israel,-,,-,-,-,-,-,A,Annual,A,Annual,PCT,Percent,2021,,,,3.682320559
MFN applied tariffs,TP_A_0030,Trade-weighted MFN applied tariff average - all products,376,ISR,Israel,-,,-,-,-,-,-,A,Annual,A,Annual,PCT,Percent,2022,,,,3.465635457
MFN applied tariffs,TP_A_0030,Trade-weighted MFN applied tariff average - all products,376,ISR,Israel,-,,-,-,-,-,-,A,Annual,A,Annual,PCT,Percent,2023,,,,3.564129846
MFN applied tariffs,TP_A_0030,Trade-weighted MFN applied tariff average - all products,384,CIV,C�te d'Ivoire,-,,-,-,-,-,-,A,Annual,A,Annual,PCT,Percent,2007,,,,7.298628346
MFN applied tariffs,TP_A_0030,Trade-weighted MFN applied tariff average - all products,384,CIV,C�te d'Ivoire,-,,-,-,-,-,-,A,Annual,A,Annual,PCT,Percent,2020,,,,8.21336298
MFN applied tariffs,TP_A_0030,Trade-weighted MFN applied tariff average - all products,384,CIV,C�te d'Ivoire,-,,-,-,-,-,-,A,Annual,A,Annual,PCT,Percent,2021,,,,8.272067395
MFN applied tariffs,TP_A_0030,Trade-weighted MFN applied tariff average - all products,384,CIV,C�te d'Ivoire,-,,-,-,-,-,-,A,Annual,A,Annual,PCT,Percent,2023,,,,9.992904917
MFN applied tariffs,TP_A_0030,Trade-weighted MFN applied tariff average - all products,384,CIV,C�te d'Ivoire,-,,-,-,-,-,-,A,Annual,A,Annual,PCT,Percent,2024,,,,7.780121836
MFN applied tariffs,TP_A_0030,Trade-weighted MFN applied tariff average - all products,384,CIV,C�te d'Ivoire,-,,-,-,-,-,-,A,Annual,A,Annual,PCT,Percent,2014,,,,6.483056376
MFN applied tariffs,TP_A_0030,Trade-weighted MFN applied tariff average - all products,384,CIV,C�te d'Ivoire,-,,-,-,-,-,-,A,Annual,A,Annual,PCT,Percent,2015,,,,7.235322296
MFN applied tariffs,TP_A_0030,Trade-weighted MFN applied tariff average - all products,384,CIV,C�te d'Ivoire,-,,-,-,-,-,-,A,Annual,A,Annual,PCT,Percent,2016,,,,8.313775046
MFN applied tariffs,TP_A_0030,Trade-weighted MFN applied tariff average - all products,384,CIV,C�te d'Ivoire,-,,-,-,-,-,-,A,Annual,A,Annual,PCT,Percent,2017,,,,8.106329152
MFN applied tariffs,TP_A_0030,Trade-weighted MFN applied tariff average - all products,384,CIV,C�te d'Ivoire,-,,-,-,-,-,-,A,Annual,A,Annual,PCT,Percent,2018,,,,8.612357433
MFN applied tariffs,TP_A_0030,Trade-weighted MFN applied tariff average - all products,384,CIV,C�te d'Ivoire,-,,-,-,-,-,-,A,Annual,A,Annual,PCT,Percent,2019,,,,8.137909161
MFN applied tariffs,TP_A_0030,Trade-weighted MFN applied tariff average - all products,384,CIV,C�te d'Ivoire,-,,-,-,-,-,-,A,Annual,A,Annual,PCT,Percent,2008,,,,7.524901162
MFN applied tariffs,TP_A_0030,Trade-weighted MFN applied tariff average - all products,384,CIV,C�te d'Ivoire,-,,-,-,-,-,-,A,Annual,A,Annual,PCT,Percent,2009,,,,6.567969982
MFN applied tariffs,TP_A_0030,Trade-weighted MFN applied tariff average - all products,384,CIV,C�te d'Ivoire,-,,-,-,-,-,-,A,Annual,A,Annual,PCT,Percent,2010,,,,7.5478526
MFN applied tariffs,TP_A_0030,Trade-weighted MFN applied tariff average - all products,384,CIV,C�te d'Ivoire,-,,-,-,-,-,-,A,Annual,A,Annual,PCT,Percent,2011,,,,7.505641983
MFN applied tariffs,TP_A_0030,Trade-weighted MFN applied tariff average - all products,384,CIV,C�te d'Ivoire,-,,-,-,-,-,-,A,Annual,A,Annual,PCT,Percent,2012,,,,7.146262095
MFN applied tariffs,TP_A_0030,Trade-weighted MFN applied tariff average - all products,384,CIV,C�te d'Ivoire,-,,-,-,-,-,-,A,Annual,A,Annual,PCT,Percent,2013,,,,7.140224152
MFN applied tariffs,TP_A_0030,Trade-weighted MFN applied tariff average - all products,388,JAM,Jamaica,-,,-,-,-,-,-,A,Annual,A,Annual,PCT,Percent,2006,,,,9.40105523
MFN applied tariffs,TP_A_0030,Trade-weighted MFN applied tariff average - all products,388,JAM,Jamaica,-,,-,-,-,-,-,A,Annual,A,Annual,PCT,Percent,2007,,,,9.302605968
MFN applied tariffs,TP_A_0030,Trade-weighted MFN applied tariff average - all products,388,JAM,Jamaica,-,,-,-,-,-,-,A,Annual,A,Annual,PCT,Percent,2016,,,,10.7383981
MFN applied tariffs,TP_A_0030,Trade-weighted MFN applied tariff average - all products,388,JAM,Jamaica,-,,-,-,-,-,-,A,Annual,A,Annual,PCT,Percent,2019,,,,10.42589213
MFN applied tariffs,TP_A_0030,Trade-weighted MFN applied tariff average - all products,388,JAM,Jamaica,-,,-,-,-,-,-,A,Annual,A,Annual,PCT,Percent,2021,,,,9.223813917
MFN applied tariffs,TP_A_0030,Trade-weighted MFN applied tariff average - all products,388,JAM,Jamaica,-,,-,-,-,-,-,A,Annual,A,Annual,PCT,Percent,2023,,,,9.148645302
MFN applied tariffs,TP_A_0030,Trade-weighted MFN applied tariff average - all products,388,JAM,Jamaica,-,,-,-,-,-,-,A,Annual,A,Annual,PCT,Percent,2024,,,,9.792794099
MFN applied tariffs,TP_A_0030,Trade-weighted MFN applied tariff average - all products,388,JAM,Jamaica,-,,-,-,-,-,-,A,Annual,A,Annual,PCT,Percent,2009,,,,8.544793977
MFN applied tariffs,TP_A_0030,Trade-weighted MFN applied tariff average - all products,388,JAM,Jamaica,-,,-,-,-,-,-,A,Annual,A,Annual,PCT,Percent,2010,,,,10.00504656
MFN applied tariffs,TP_A_0030,Trade-weighted MFN applied tariff average - all products,388,JAM,Jamaica,-,,-,-,-,-,-,A,Annual,A,Annual,PCT,Percent,2011,,,,10.20818007
MFN applied tariffs,TP_A_0030,Trade-weighted MFN applied tariff average - all products,388,JAM,Jamaica,-,,-,-,-,-,-,A,Annual,A,Annual,PCT,Percent,2013,,,,12.49509342
MFN applied tariffs,TP_A_0030,Trade-weighted MFN applied tariff average - all products,388,JAM,Jamaica,-,,-,-,-,-,-,A,Annual,A,Annual,PCT,Percent,2014,,,,12.04424604
MFN applied tariffs,TP_A_0030,Trade-weighted MFN applied tariff average - all products,388,JAM,Jamaica,-,,-,-,-,-,-,A,Annual,A,Annual,PCT,Percent,2015,,,,10.12919662
MFN applied tariffs,TP_A_0030,Trade-weighted MFN applied tariff average - all products,392,JPN,Japan,-,,-,-,-,-,-,A,Annual,A,Annual,PCT,Percent,2006,,,,4.51096663
MFN applied tariffs,TP_A_0030,Trade-weighted MFN applied tariff average - all products,392,JPN,Japan,-,,-,-,-,-,-,A,Annual,A,Annual,PCT,Percent,2019,,,,2.297141817
MFN applied tariffs,TP_A_0030,Trade-weighted MFN applied tariff average - all products,392,JPN,Japan,-,,-,-,-,-,-,A,Annual,A,Annual,PCT,Percent,2020,,,,2.272999427
MFN applied tariffs,TP_A_0030,Trade-weighted MFN applied tariff average - all products,392,JPN,Japan,-,,-,-,-,-,-,A,Annual,A,Annual,PCT,Percent,2021,,,,2.428811753
MFN applied tariffs,TP_A_0030,Trade-weighted MFN applied tariff average - all products,392,JPN,Japan,-,,-,-,-,-,-,A,Annual,A,Annual,PCT,Percent,2022,,,,2.092387022
MFN applied tariffs,TP_A_0030,Trade-weighted MFN applied tariff average - all products,392,JPN,Japan,-,,-,-,-,-,-,A,Annual,A,Annual,PCT,Percent,2023,,,,1.897672633
MFN applied tariffs,TP_A_0030,Trade-weighted MFN applied tariff average - all products,392,JPN,Japan,-,,-,-,-,-,-,A,Annual,A,Annual,PCT,Percent,2024,,,,1.939053114
MFN applied tariffs,TP_A_0030,Trade-weighted MFN applied tariff average - all products,392,JPN,Japan,-,,-,-,-,-,-,A,Annual,A,Annual,PCT,Percent,2013,,,,2.003795041
MFN applied tariffs,TP_A_0030,Trade-weighted MFN applied tariff average - all products,392,JPN,Japan,-,,-,-,-,-,-,A,Annual,A,Annual,PCT,Percent,2014,,,,2.111012379
MFN applied tariffs,TP_A_0030,Trade-weighted MFN applied tariff average - all products,392,JPN,Japan,-,,-,-,-,-,-,A,Annual,A,Annual,PCT,Percent,2015,,,,1.867030054
MFN applied tariffs,TP_A_0030,Trade-weighted MFN applied tariff average - all products,392,JPN,Japan,-,,-,-,-,-,-,A,Annual,A,Annual,PCT,Percent,2016,,,,2.067030163
MFN applied tariffs,TP_A_0030,Trade-weighted MFN applied tariff average - all products,392,JPN,Japan,-,,-,-,-,-,-,A,Annual,A,Annual,PCT,Percent,2017,,,,2.461210769
MFN applied tariffs,TP_A_0030,Trade-weighted MFN applied tariff average - all products,392,JPN,Japan,-,,-,-,-,-,-,A,Annual,A,Annual,PCT,Percent,2018,,,,2.394607917
MFN applied tariffs,TP_A_0030,Trade-weighted MFN applied tariff average - all products,392,JPN,Japan,-,,-,-,-,-,-,A,Annual,A,Annual,PCT,Percent,2007,,,,1.998621312
MFN applied tariffs,TP_A_0030,Trade-weighted MFN applied tariff average - all products,392,JPN,Japan,-,,-,-,-,-,-,A,Annual,A,Annual,PCT,Percent,2008,,,,2.245188379
MFN applied tariffs,TP_A_0030,Trade-weighted MFN applied tariff average - all products,392,JPN,Japan,-,,-,-,-,-,-,A,Annual,A,Annual,PCT,Percent,2009,,,,2.005033566
MFN applied tariffs,TP_A_0030,Trade-weighted MFN applied tariff average - all products,392,JPN,Japan,-,,-,-,-,-,-,A,Annual,A,Annual,PCT,Percent,2010,,,,2.683651598
MFN applied tariffs,TP_A_0030,Trade-weighted MFN applied tariff average - all products,392,JPN,Japan,-,,-,-,-,-,-,A,Annual,A,Annual,PCT,Percent,2011,,,,2.060523441
MFN applied tariffs,TP_A_0030,Trade-weighted MFN applied tariff average - all products,392,JPN,Japan,-,,-,-,-,-,-,A,Annual,A,Annual,PCT,Percent,2012,,,,2.219788114
MFN applied tariffs,TP_A_0030,Trade-weighted MFN applied tariff average - all products,398,KAZ,Kazakhstan,-,,-,-,-,-,-,A,Annual,A,Annual,PCT,Percent,2013,,,,9.230925003
MFN applied tariffs,TP_A_0030,Trade-weighted MFN applied tariff average - all products,398,KAZ,Kazakhstan,-,,-,-,-,-,-,A,Annual,A,Annual,PCT,Percent,2014,,,,9.507248822
MFN applied tariffs,TP_A_0030,Trade-weighted MFN applied tariff average - all products,398,KAZ,Kazakhstan,-,,-,-,-,-,-,A,Annual,A,Annual,PCT,Percent,2015,,,,8.450335052
MFN applied tariffs,TP_A_0030,Trade-weighted MFN applied tariff average - all products,398,KAZ,Kazakhstan,-,,-,-,-,-,-,A,Annual,A,Annual,PCT,Percent,2016,,,,7.339690732
MFN applied tariffs,TP_A_0030,Trade-weighted MFN applied tariff average - all products,398,KAZ,Kazakhstan,-,,-,-,-,-,-,A,Annual,A,Annual,PCT,Percent,2017,,,,5.890914607
MFN applied tariffs,TP_A_0030,Trade-weighted MFN applied tariff average - all products,398,KAZ,Kazakhstan,-,,-,-,-,-,-,A,Annual,A,Annual,PCT,Percent,2018,,,,5.694214722
MFN applied tariffs,TP_A_0030,Trade-weighted MFN applied tariff average - all products,398,KAZ,Kazakhstan,-,,-,-,-,-,-,A,Annual,A,Annual,PCT,Percent,2007,,,,6.15743928
MFN applied tariffs,TP_A_0030,Trade-weighted MFN applied tariff average - all products,398,KAZ,Kazakhstan,-,,-,-,-,-,-,A,Annual,A,Annual,PCT,Percent,2008,,,,5.201818355
MFN applied tariffs,TP_A_0030,Trade-weighted MFN applied tariff average - all products,398,KAZ,Kazakhstan,-,,-,-,-,-,-,A,Annual,A,Annual,PCT,Percent,2009,,,,4.981343423
MFN applied tariffs,TP_A_0030,Trade-weighted MFN applied tariff average - all products,398,KAZ,Kazakhstan,-,,-,-,-,-,-,A,Annual,A,Annual,PCT,Percent,2010,,,,9.277534155
MFN applied tariffs,TP_A_0030,Trade-weighted MFN applied tariff average - all products,398,KAZ,Kazakhstan,-,,-,-,-,-,-,A,Annual,A,Annual,PCT,Percent,2011,,,,9.448292911
MFN applied tariffs,TP_A_0030,Trade-weighted MFN applied tariff average - all products,398,KAZ,Kazakhstan,-,,-,-,-,-,-,A,Annual,A,Annual,PCT,Percent,2012,,,,9.375949818
MFN applied tariffs,TP_A_0030,Trade-weighted MFN applied tariff average - all products,398,KAZ,Kazakhstan,-,,-,-,-,-,-,A,Annual,A,Annual,PCT,Percent,2019,,,,4.751294663
MFN applied tariffs,TP_A_0030,Trade-weighted MFN applied tariff average - all products,398,KAZ,Kazakhstan,-,,-,-,-,-,-,A,Annual,A,Annual,PCT,Percent,2021,,,,5.144560973
MFN applied tariffs,TP_A_0030,Trade-weighted MFN applied tariff average - all products,398,KAZ,Kazakhstan,-,,-,-,-,-,-,A,Annual,A,Annual,PCT,Percent,2022,,,,5.173555384
MFN applied tariffs,TP_A_0030,Trade-weighted MFN applied tariff average - all products,398,KAZ,Kazakhstan,-,,-,-,-,-,-,A,Annual,A,Annual,PCT,Percent,2023,,,,5.905853473
MFN applied tariffs,TP_A_0030,Trade-weighted MFN applied tariff average - all products,398,KAZ,Kazakhstan,-,,-,-,-,-,-,A,Annual,A,Annual,PCT,Percent,2024,,,,5.326607449
MFN applied tariffs,TP_A_0030,Trade-weighted MFN applied tariff average - all products,400,JOR,Jordan,-,,-,-,-,-,-,A,Annual,A,Annual,PCT,Percent,2006,,,,8.675950276
MFN applied tariffs,TP_A_0030,Trade-weighted MFN applied tariff average - all products,400,JOR,Jordan,-,,-,-,-,-,-,A,Annual,A,Annual,PCT,Percent,2020,,,,9.308595169
MFN applied tariffs,TP_A_0030,Trade-weighted MFN applied tariff average - all products,400,JOR,Jordan,-,,-,-,-,-,-,A,Annual,A,Annual,PCT,Percent,2023,,,,3.849795509
MFN applied tariffs,TP_A_0030,Trade-weighted MFN applied tariff average - all products,400,JOR,Jordan,-,,-,-,-,-,-,A,Annual,A,Annual,PCT,Percent,2024,,,,3.991045947
MFN applied tariffs,TP_A_0030,Trade-weighted MFN applied tariff average - all products,400,JOR,Jordan,-,,-,-,-,-,-,A,Annual,A,Annual,PCT,Percent,2014,,,,8.14445806
MFN applied tariffs,TP_A_0030,Trade-weighted MFN applied tariff average - all products,400,JOR,Jordan,-,,-,-,-,-,-,A,Annual,A,Annual,PCT,Percent,2015,,,,8.789911921
MFN applied tariffs,TP_A_0030,Trade-weighted MFN applied tariff average - all products,400,JOR,Jordan,-,,-,-,-,-,-,A,Annual,A,Annual,PCT,Percent,2016,,,,8.117884002
MFN applied tariffs,TP_A_0030,Trade-weighted MFN applied tariff average - all products,400,JOR,Jordan,-,,-,-,-,-,-,A,Annual,A,Annual,PCT,Percent,2017,,,,8.512744538
MFN applied tariffs,TP_A_0030,Trade-weighted MFN applied tariff average - all products,400,JOR,Jordan,-,,-,-,-,-,-,A,Annual,A,Annual,PCT,Percent,2018,,,,9.519188281
MFN applied tariffs,TP_A_0030,Trade-weighted MFN applied tariff average - all products,400,JOR,Jordan,-,,-,-,-,-,-,A,Annual,A,Annual,PCT,Percent,2019,,,,9.50782591
MFN applied tariffs,TP_A_0030,Trade-weighted MFN applied tariff average - all products,400,JOR,Jordan,-,,-,-,-,-,-,A,Annual,A,Annual,PCT,Percent,2007,,,,9.702280417
MFN applied tariffs,TP_A_0030,Trade-weighted MFN applied tariff average - all products,400,JOR,Jordan,-,,-,-,-,-,-,A,Annual,A,Annual,PCT,Percent,2008,,,,8.815671814
MFN applied tariffs,TP_A_0030,Trade-weighted MFN applied tariff average - all products,400,JOR,Jordan,-,,-,-,-,-,-,A,Annual,A,Annual,PCT,Percent,2009,,,,8.480904308
MFN applied tariffs,TP_A_0030,Trade-weighted MFN applied tariff average - all products,400,JOR,Jordan,-,,-,-,-,-,-,A,Annual,A,Annual,PCT,Percent,2010,,,,8.572938672
MFN applied tariffs,TP_A_0030,Trade-weighted MFN applied tariff average - all products,400,JOR,Jordan,-,,-,-,-,-,-,A,Annual,A,Annual,PCT,Percent,2012,,,,9.963791838
MFN applied tariffs,TP_A_0030,Trade-weighted MFN applied tariff average - all products,400,JOR,Jordan,-,,-,-,-,-,-,A,Annual,A,Annual,PCT,Percent,2013,,,,8.339152505
MFN applied tariffs,TP_A_0030,Trade-weighted MFN applied tariff average - all products,404,KEN,Kenya,-,,-,-,-,-,-,A,Annual,A,Annual,PCT,Percent,2006,,,,6.19717892
MFN applied tariffs,TP_A_0030,Trade-weighted MFN applied tariff average - all products,404,KEN,Kenya,-,,-,-,-,-,-,A,Annual,A,Annual,PCT,Percent,2007,,,,6.377973024
MFN applied tariffs,TP_A_0030,Trade-weighted MFN applied tariff average - all products,404,KEN,Kenya,-,,-,-,-,-,-,A,Annual,A,Annual,PCT,Percent,2008,,,,7.520303031
MFN applied tariffs,TP_A_0030,Trade-weighted MFN applied tariff average - all products,404,KEN,Kenya,-,,-,-,-,-,-,A,Annual,A,Annual,PCT,Percent,2023,,,,11.69235504
MFN applied tariffs,TP_A_0030,Trade-weighted MFN applied tariff average - all products,404,KEN,Kenya,-,,-,-,-,-,-,A,Annual,A,Annual,PCT,Percent,2024,,,,13.95523123
MFN applied tariffs,TP_A_0030,Trade-weighted MFN applied tariff average - all products,404,KEN,Kenya,-,,-,-,-,-,-,A,Annual,A,Annual,PCT,Percent,2015,,,,7.637939211
MFN applied tariffs,TP_A_0030,Trade-weighted MFN applied tariff average - all products,404,KEN,Kenya,-,,-,-,-,-,-,A,Annual,A,Annual,PCT,Percent,2016,,,,7.780426406
MFN applied tariffs,TP_A_0030,Trade-weighted MFN applied tariff average - all products,404,KEN,Kenya,-,,-,-,-,-,-,A,Annual,A,Annual,PCT,Percent,2018,,,,13.76990464
MFN applied tariffs,TP_A_0030,Trade-weighted MFN applied tariff average - all products,404,KEN,Kenya,-,,-,-,-,-,-,A,Annual,A,Annual,PCT,Percent,2019,,,,11.40000695
MFN applied tariffs,TP_A_0030,Trade-weighted MFN applied tariff average - all products,404,KEN,Kenya,-,,-,-,-,-,-,A,Annual,A,Annual,PCT,Percent,2020,,,,12.03773165
MFN applied tariffs,TP_A_0030,Trade-weighted MFN applied tariff average - all products,404,KEN,Kenya,-,,-,-,-,-,-,A,Annual,A,Annual,PCT,Percent,2021,,,,11.36224442
MFN applied tariffs,TP_A_0030,Trade-weighted MFN applied tariff average - all products,404,KEN,Kenya,-,,-,-,-,-,-,A,Annual,A,Annual,PCT,Percent,2009,,,,8.00907737
MFN applied tariffs,TP_A_0030,Trade-weighted MFN applied tariff average - all products,404,KEN,Kenya,-,,-,-,-,-,-,A,Annual,A,Annual,PCT,Percent,2010,,,,10.85128867
MFN applied tariffs,TP_A_0030,Trade-weighted MFN applied tariff average - all products,404,KEN,Kenya,-,,-,-,-,-,-,A,Annual,A,Annual,PCT,Percent,2011,,,,10.09439938
MFN applied tariffs,TP_A_0030,Trade-weighted MFN applied tariff average - all products,404,KEN,Kenya,-,,-,-,-,-,-,A,Annual,A,Annual,PCT,Percent,2012,,,,9.503085359
MFN applied tariffs,TP_A_0030,Trade-weighted MFN applied tariff average - all products,404,KEN,Kenya,-,,-,-,-,-,-,A,Annual,A,Annual,PCT,Percent,2013,,,,7.490471054
MFN applied tariffs,TP_A_0030,Trade-weighted MFN applied tariff average - all products,404,KEN,Kenya,-,,-,-,-,-,-,A,Annual,A,Annual,PCT,Percent,2014,,,,7.106599034
MFN applied tariffs,TP_A_0030,Trade-weighted MFN applied tariff average - all products,410,KOR,"Korea, Republic of",-,,-,-,-,-,-,A,Annual,A,Annual,PCT,Percent,2006,,,,8.020741229
MFN applied tariffs,TP_A_0030,Trade-weighted MFN applied tariff average - all products,410,KOR,"Korea, Republic of",-,,-,-,-,-,-,A,Annual,A,Annual,PCT,Percent,2007,,,,7.030362303
MFN applied tariffs,TP_A_0030,Trade-weighted MFN applied tariff average - all products,410,KOR,"Korea, Republic of",-,,-,-,-,-,-,A,Annual,A,Annual,PCT,Percent,2008,,,,7.502048618
MFN applied tariffs,TP_A_0030,Trade-weighted MFN applied tariff average - all products,410,KOR,"Korea, Republic of",-,,-,-,-,-,-,A,Annual,A,Annual,PCT,Percent,2009,,,,8.269032442
MFN applied tariffs,TP_A_0030,Trade-weighted MFN applied tariff average - all products,410,KOR,"Korea, Republic of",-,,-,-,-,-,-,A,Annual,A,Annual,PCT,Percent,2022,,,,8.28079407
MFN applied tariffs,TP_A_0030,Trade-weighted MFN applied tariff average - all products,410,KOR,"Korea, Republic of",-,,-,-,-,-,-,A,Annual,A,Annual,PCT,Percent,2023,,,,8.430290274
MFN applied tariffs,TP_A_0030,Trade-weighted MFN applied tariff average - all products,410,KOR,"Korea, Republic of",-,,-,-,-,-,-,A,Annual,A,Annual,PCT,Percent,2024,,,,8.536130159
MFN applied tariffs,TP_A_0030,Trade-weighted MFN applied tariff average - all products,410,KOR,"Korea, Republic of",-,,-,-,-,-,-,A,Annual,A,Annual,PCT,Percent,2016,,,,6.920422723
MFN applied tariffs,TP_A_0030,Trade-weighted MFN applied tariff average - all products,410,KOR,"Korea, Republic of",-,,-,-,-,-,-,A,Annual,A,Annual,PCT,Percent,2017,,,,8.980737168
MFN applied tariffs,TP_A_0030,Trade-weighted MFN applied tariff average - all products,410,KOR,"Korea, Republic of",-,,-,-,-,-,-,A,Annual,A,Annual,PCT,Percent,2018,,,,8.073066652
MFN applied tariffs,TP_A_0030,Trade-weighted MFN applied tariff average - all products,410,KOR,"Korea, Republic of",-,,-,-,-,-,-,A,Annual,A,Annual,PCT,Percent,2019,,,,8.018412881
MFN applied tariffs,TP_A_0030,Trade-weighted MFN applied tariff average - all products,410,KOR,"Korea, Republic of",-,,-,-,-,-,-,A,Annual,A,Annual,PCT,Percent,2020,,,,8.452606466
MFN applied tariffs,TP_A_0030,Trade-weighted MFN applied tariff average - all products,410,KOR,"Korea, Republic of",-,,-,-,-,-,-,A,Annual,A,Annual,PCT,Percent,2021,,,,8.874818338
MFN applied tariffs,TP_A_0030,Trade-weighted MFN applied tariff average - all products,410,KOR,"Korea, Republic of",-,,-,-,-,-,-,A,Annual,A,Annual,PCT,Percent,2010,,,,7.929531836
MFN applied tariffs,TP_A_0030,Trade-weighted MFN applied tariff average - all products,410,KOR,"Korea, Republic of",-,,-,-,-,-,-,A,Annual,A,Annual,PCT,Percent,2011,,,,7.447091568
MFN applied tariffs,TP_A_0030,Trade-weighted MFN applied tariff average - all products,410,KOR,"Korea, Republic of",-,,-,-,-,-,-,A,Annual,A,Annual,PCT,Percent,2012,,,,6.811934081
MFN applied tariffs,TP_A_0030,Trade-weighted MFN applied tariff average - all products,410,KOR,"Korea, Republic of",-,,-,-,-,-,-,A,Annual,A,Annual,PCT,Percent,2013,,,,7.735767556
MFN applied tariffs,TP_A_0030,Trade-weighted MFN applied tariff average - all products,410,KOR,"Korea, Republic of",-,,-,-,-,-,-,A,Annual,A,Annual,PCT,Percent,2014,,,,8.047511537
MFN applied tariffs,TP_A_0030,Trade-weighted MFN applied tariff average - all products,410,KOR,"Korea, Republic of",-,,-,-,-,-,-,A,Annual,A,Annual,PCT,Percent,2015,,,,8.114569434
MFN applied tariffs,TP_A_0030,Trade-weighted MFN applied tariff average - all products,414,KWT,"Kuwait, the State of",-,,-,-,-,-,-,A,Annual,A,Annual,PCT,Percent,2021,,,,4.67643361
MFN applied tariffs,TP_A_0030,Trade-weighted MFN applied tariff average - all products,414,KWT,"Kuwait, the State of",-,,-,-,-,-,-,A,Annual,A,Annual,PCT,Percent,2023,,,,4.744748172
MFN applied tariffs,TP_A_0030,Trade-weighted MFN applied tariff average - all products,414,KWT,"Kuwait, the State of",-,,-,-,-,-,-,A,Annual,A,Annual,PCT,Percent,2024,,,,4.628132687
MFN applied tariffs,TP_A_0030,Trade-weighted MFN applied tariff average - all products,414,KWT,"Kuwait, the State of",-,,-,-,-,-,-,A,Annual,A,Annual,PCT,Percent,2014,,,,4.48426878
MFN applied tariffs,TP_A_0030,Trade-weighted MFN applied tariff average - all products,414,KWT,"Kuwait, the State of",-,,-,-,-,-,-,A,Annual,A,Annual,PCT,Percent,2015,,,,4.370416728
MFN applied tariffs,TP_A_0030,Trade-weighted MFN applied tariff average - all products,414,KWT,"Kuwait, the State of",-,,-,-,-,-,-,A,Annual,A,Annual,PCT,Percent,2016,,,,4.651412443
MFN applied tariffs,TP_A_0030,Trade-weighted MFN applied tariff average - all products,414,KWT,"Kuwait, the State of",-,,-,-,-,-,-,A,Annual,A,Annual,PCT,Percent,2017,,,,4.563536575
MFN applied tariffs,TP_A_0030,Trade-weighted MFN applied tariff average - all products,414,KWT,"Kuwait, the State of",-,,-,-,-,-,-,A,Annual,A,Annual,PCT,Percent,2018,,,,4.387557858
MFN applied tariffs,TP_A_0030,Trade-weighted MFN applied tariff average - all products,414,KWT,"Kuwait, the State of",-,,-,-,-,-,-,A,Annual,A,Annual,PCT,Percent,2019,,,,4.719443363
MFN applied tariffs,TP_A_0030,Trade-weighted MFN applied tariff average - all products,414,KWT,"Kuwait, the State of",-,,-,-,-,-,-,A,Annual,A,Annual,PCT,Percent,2009,,,,4.627531882
MFN applied tariffs,TP_A_0030,Trade-weighted MFN applied tariff average - all products,414,KWT,"Kuwait, the State of",-,,-,-,-,-,-,A,Annual,A,Annual,PCT,Percent,2011,,,,4.479944054
MFN applied tariffs,TP_A_0030,Trade-weighted MFN applied tariff average - all products,414,KWT,"Kuwait, the State of",-,,-,-,-,-,-,A,Annual,A,Annual,PCT,Percent,2013,,,,4.509589547
MFN applied tariffs,TP_A_0030,Trade-weighted MFN applied tariff average - all products,417,KGZ,Kyrgyz Republic,-,,-,-,-,-,-,A,Annual,A,Annual,PCT,Percent,2007,,,,3.925385984
MFN applied tariffs,TP_A_0030,Trade-weighted MFN applied tariff average - all products,417,KGZ,Kyrgyz Republic,-,,-,-,-,-,-,A,Annual,A,Annual,PCT,Percent,2008,,,,3.97254997
MFN applied tariffs,TP_A_0030,Trade-weighted MFN applied tariff average - all products,417,KGZ,Kyrgyz Republic,-,,-,-,-,-,-,A,Annual,A,Annual,PCT,Percent,2009,,,,3.844292399
MFN applied tariffs,TP_A_0030,Trade-weighted MFN applied tariff average - all products,417,KGZ,Kyrgyz Republic,-,,-,-,-,-,-,A,Annual,A,Annual,PCT,Percent,2022,,,,6.644151893
MFN applied tariffs,TP_A_0030,Trade-weighted MFN applied tariff average - all products,417,KGZ,Kyrgyz Republic,-,,-,-,-,-,-,A,Annual,A,Annual,PCT,Percent,2023,,,,5.658242352
MFN applied tariffs,TP_A_0030,Trade-weighted MFN applied tariff average - all products,417,KGZ,Kyrgyz Republic,-,,-,-,-,-,-,A,Annual,A,Annual,PCT,Percent,2024,,,,6.232703217
MFN applied tariffs,TP_A_0030,Trade-weighted MFN applied tariff average - all products,417,KGZ,Kyrgyz Republic,-,,-,-,-,-,-,A,Annual,A,Annual,PCT,Percent,2016,,,,7.72151587
MFN applied tariffs,TP_A_0030,Trade-weighted MFN applied tariff average - all products,417,KGZ,Kyrgyz Republic,-,,-,-,-,-,-,A,Annual,A,Annual,PCT,Percent,2017,,,,6.411027023
MFN applied tariffs,TP_A_0030,Trade-weighted MFN applied tariff average - all products,417,KGZ,Kyrgyz Republic,-,,-,-,-,-,-,A,Annual,A,Annual,PCT,Percent,2018,,,,6.512213184
MFN applied tariffs,TP_A_0030,Trade-weighted MFN applied tariff average - all products,417,KGZ,Kyrgyz Republic,-,,-,-,-,-,-,A,Annual,A,Annual,PCT,Percent,2019,,,,6.057632497
MFN applied tariffs,TP_A_0030,Trade-weighted MFN applied tariff average - all products,417,KGZ,Kyrgyz Republic,-,,-,-,-,-,-,A,Annual,A,Annual,PCT,Percent,2020,,,,5.873057482
MFN applied tariffs,TP_A_0030,Trade-weighted MFN applied tariff average - all products,417,KGZ,Kyrgyz Republic,-,,-,-,-,-,-,A,Annual,A,Annual,PCT,Percent,2021,,,,6.450942679
MFN applied tariffs,TP_A_0030,Trade-weighted MFN applied tariff average - all products,417,KGZ,Kyrgyz Republic,-,,-,-,-,-,-,A,Annual,A,Annual,PCT,Percent,2010,,,,4.753431639
MFN applied tariffs,TP_A_0030,Trade-weighted MFN applied tariff average - all products,417,KGZ,Kyrgyz Republic,-,,-,-,-,-,-,A,Annual,A,Annual,PCT,Percent,2011,,,,3.85164781
MFN applied tariffs,TP_A_0030,Trade-weighted MFN applied tariff average - all products,417,KGZ,Kyrgyz Republic,-,,-,-,-,-,-,A,Annual,A,Annual,PCT,Percent,2012,,,,3.773895774
MFN applied tariffs,TP_A_0030,Trade-weighted MFN applied tariff average - all products,417,KGZ,Kyrgyz Republic,-,,-,-,-,-,-,A,Annual,A,Annual,PCT,Percent,2013,,,,4.1301082
MFN applied tariffs,TP_A_0030,Trade-weighted MFN applied tariff average - all products,417,KGZ,Kyrgyz Republic,-,,-,-,-,-,-,A,Annual,A,Annual,PCT,Percent,2014,,,,3.886927588
MFN applied tariffs,TP_A_0030,Trade-weighted MFN applied tariff average - all products,417,KGZ,Kyrgyz Republic,-,,-,-,-,-,-,A,Annual,A,Annual,PCT,Percent,2015,,,,3.881188195
MFN applied tariffs,TP_A_0030,Trade-weighted MFN applied tariff average - all products,418,LAO,Lao People's Democratic Republic,-,,-,-,-,-,-,A,Annual,A,Annual,PCT,Percent,2017,,,,7.674604329
MFN applied tariffs,TP_A_0030,Trade-weighted MFN applied tariff average - all products,418,LAO,Lao People's Democratic Republic,-,,-,-,-,-,-,A,Annual,A,Annual,PCT,Percent,2018,,,,7.509395358
MFN applied tariffs,TP_A_0030,Trade-weighted MFN applied tariff average - all products,418,LAO,Lao People's Democratic Republic,-,,-,-,-,-,-,A,Annual,A,Annual,PCT,Percent,2019,,,,9.059930176
MFN applied tariffs,TP_A_0030,Trade-weighted MFN applied tariff average - all products,418,LAO,Lao People's Democratic Republic,-,,-,-,-,-,-,A,Annual,A,Annual,PCT,Percent,2021,,,,9.169125744
MFN applied tariffs,TP_A_0030,Trade-weighted MFN applied tariff average - all products,418,LAO,Lao People's Democratic Republic,-,,-,-,-,-,-,A,Annual,A,Annual,PCT,Percent,2022,,,,8.700815699
MFN applied tariffs,TP_A_0030,Trade-weighted MFN applied tariff average - all products,418,LAO,Lao People's Democratic Republic,-,,-,-,-,-,-,A,Annual,A,Annual,PCT,Percent,2023,,,,8.341561587
MFN applied tariffs,TP_A_0030,Trade-weighted MFN applied tariff average - all products,418,LAO,Lao People's Democratic Republic,-,,-,-,-,-,-,A,Annual,A,Annual,PCT,Percent,2024,,,,8.048438435
MFN applied tariffs,TP_A_0030,Trade-weighted MFN applied tariff average - all products,422,LBN,Lebanese Republic,-,,-,-,-,-,-,A,Annual,A,Annual,PCT,Percent,-,,,,6.225083532
MFN applied tariffs,TP_A_0030,Trade-weighted MFN applied tariff average - all products,422,LBN,Lebanese Republic,-,,-,-,-,-,-,A,Annual,A,Annual,PCT,Percent,2010,,,,7.102576709
MFN applied tariffs,TP_A_0030,Trade-weighted MFN applied tariff average - all products,422,LBN,Lebanese Republic,-,,-,-,-,-,-,A,Annual,A,Annual,PCT,Percent,2022,,,,4.318556664
MFN applied tariffs,TP_A_0030,Trade-weighted MFN applied tariff average - all products,422,LBN,Lebanese Republic,-,,-,-,-,-,-,A,Annual,A,Annual,PCT,Percent,2023,,,,7.245468501
MFN applied tariffs,TP_A_0030,Trade-weighted MFN applied tariff average - all products,422,LBN,Lebanese Republic,-,,-,-,-,-,-,A,Annual,A,Annual,PCT,Percent,2014,,,,4.985685038
MFN applied tariffs,TP_A_0030,Trade-weighted MFN applied tariff average - all products,422,LBN,Lebanese Republic,-,,-,-,-,-,-,A,Annual,A,Annual,PCT,Percent,2015,,,,5.034399453
MFN applied tariffs,TP_A_0030,Trade-weighted MFN applied tariff average - all products,422,LBN,Lebanese Republic,-,,-,-,-,-,-,A,Annual,A,Annual,PCT,Percent,2016,,,,5.022430736
MFN applied tariffs,TP_A_0030,Trade-weighted MFN applied tariff average - all products,422,LBN,Lebanese Republic,-,,-,-,-,-,-,A,Annual,A,Annual,PCT,Percent,2018,,,,5.546134308
MFN applied tariffs,TP_A_0030,Trade-weighted MFN applied tariff average - all products,422,LBN,Lebanese Republic,-,,-,-,-,-,-,A,Annual,A,Annual,PCT,Percent,2019,,,,5.403449191
MFN applied tariffs,TP_A_0030,Trade-weighted MFN applied tariff average - all products,422,LBN,Lebanese Republic,-,,-,-,-,-,-,A,Annual,A,Annual,PCT,Percent,2020,,,,4.33950888
MFN applied tariffs,TP_A_0030,Trade-weighted MFN applied tariff average - all products,426,LSO,Lesotho,-,,-,-,-,-,-,A,Annual,A,Annual,PCT,Percent,2014,,,,11.5336281
MFN applied tariffs,TP_A_0030,Trade-weighted MFN applied tariff average - all products,426,LSO,Lesotho,-,,-,-,-,-,-,A,Annual,A,Annual,PCT,Percent,2015,,,,12.33943222
MFN applied tariffs,TP_A_0030,Trade-weighted MFN applied tariff average - all products,426,LSO,Lesotho,-,,-,-,-,-,-,A,Annual,A,Annual,PCT,Percent,2016,,,,11.57963779
MFN applied tariffs,TP_A_0030,Trade-weighted MFN applied tariff average - all products,426,LSO,Lesotho,-,,-,-,-,-,-,A,Annual,A,Annual,PCT,Percent,2017,,,,12.02063336
MFN applied tariffs,TP_A_0030,Trade-weighted MFN applied tariff average - all products,426,LSO,Lesotho,-,,-,-,-,-,-,A,Annual,A,Annual,PCT,Percent,2018,,,,11.45679765
MFN applied tariffs,TP_A_0030,Trade-weighted MFN applied tariff average - all products,426,LSO,Lesotho,-,,-,-,-,-,-,A,Annual,A,Annual,PCT,Percent,2019,,,,11.35620395
MFN applied tariffs,TP_A_0030,Trade-weighted MFN applied tariff average - all products,426,LSO,Lesotho,-,,-,-,-,-,-,A,Annual,A,Annual,PCT,Percent,2021,,,,11.86971278
MFN applied tariffs,TP_A_0030,Trade-weighted MFN applied tariff average - all products,426,LSO,Lesotho,-,,-,-,-,-,-,A,Annual,A,Annual,PCT,Percent,2023,,,,10.58631105
MFN applied tariffs,TP_A_0030,Trade-weighted MFN applied tariff average - all products,426,LSO,Lesotho,-,,-,-,-,-,-,A,Annual,A,Annual,PCT,Percent,2024,,,,9.755408867
MFN applied tariffs,TP_A_0030,Trade-weighted MFN applied tariff average - all products,430,LBR,Liberia,-,,-,-,-,-,-,A,Annual,A,Annual,PCT,Percent,2023,,,,11.51230888
MFN applied tariffs,TP_A_0030,Trade-weighted MFN applied tariff average - all products,430,LBR,Liberia,-,,-,-,-,-,-,A,Annual,A,Annual,PCT,Percent,2024,,,,11.28197505
MFN applied tariffs,TP_A_0030,Trade-weighted MFN applied tariff average - all products,446,MAC,"Macao, China",-,,-,-,-,-,-,A,Annual,A,Annual,PCT,Percent,2006,,,,0
MFN applied tariffs,TP_A_0030,Trade-weighted MFN applied tariff average - all products,446,MAC,"Macao, China",-,,-,-,-,-,-,A,Annual,A,Annual,PCT,Percent,2007,,,,0
MFN applied tariffs,TP_A_0030,Trade-weighted MFN applied tariff average - all products,446,MAC,"Macao, China",-,,-,-,-,-,-,A,Annual,A,Annual,PCT,Percent,2008,,,,0
MFN applied tariffs,TP_A_0030,Trade-weighted MFN applied tariff average - all products,446,MAC,"Macao, China",-,,-,-,-,-,-,A,Annual,A,Annual,PCT,Percent,2009,,,,0
MFN applied tariffs,TP_A_0030,Trade-weighted MFN applied tariff average - all products,446,MAC,"Macao, China",-,,-,-,-,-,-,A,Annual,A,Annual,PCT,Percent,2010,,,,0
MFN applied tariffs,TP_A_0030,Trade-weighted MFN applied tariff average - all products,446,MAC,"Macao, China",-,,-,-,-,-,-,A,Annual,A,Annual,PCT,Percent,2023,,,,0
MFN applied tariffs,TP_A_0030,Trade-weighted MFN applied tariff average - all products,446,MAC,"Macao, China",-,,-,-,-,-,-,A,Annual,A,Annual,PCT,Percent,2024,,,,0
MFN applied tariffs,TP_A_0030,Trade-weighted MFN applied tariff average - all products,446,MAC,"Macao, China",-,,-,-,-,-,-,A,Annual,A,Annual,PCT,Percent,2017,,,,0
MFN applied tariffs,TP_A_0030,Trade-weighted MFN applied tariff average - all products,446,MAC,"Macao, China",-,,-,-,-,-,-,A,Annual,A,Annual,PCT,Percent,2018,,,,0
MFN applied tariffs,TP_A_0030,Trade-weighted MFN applied tariff average - all products,446,MAC,"Macao, China",-,,-,-,-,-,-,A,Annual,A,Annual,PCT,Percent,2019,,,,0
MFN applied tariffs,TP_A_0030,Trade-weighted MFN applied tariff average - all products,446,MAC,"Macao, China",-,,-,-,-,-,-,A,Annual,A,Annual,PCT,Percent,2020,,,,0
MFN applied tariffs,TP_A_0030,Trade-weighted MFN applied tariff average - all products,446,MAC,"Macao, China",-,,-,-,-,-,-,A,Annual,A,Annual,PCT,Percent,2021,,,,0
MFN applied tariffs,TP_A_0030,Trade-weighted MFN applied tariff average - all products,446,MAC,"Macao, China",-,,-,-,-,-,-,A,Annual,A,Annual,PCT,Percent,2022,,,,0
MFN applied tariffs,TP_A_0030,Trade-weighted MFN applied tariff average - all products,446,MAC,"Macao, China",-,,-,-,-,-,-,A,Annual,A,Annual,PCT,Percent,2011,,,,0
MFN applied tariffs,TP_A_0030,Trade-weighted MFN applied tariff average - all products,446,MAC,"Macao, China",-,,-,-,-,-,-,A,Annual,A,Annual,PCT,Percent,2012,,,,0
MFN applied tariffs,TP_A_0030,Trade-weighted MFN applied tariff average - all products,446,MAC,"Macao, China",-,,-,-,-,-,-,A,Annual,A,Annual,PCT,Percent,2013,,,,0
MFN applied tariffs,TP_A_0030,Trade-weighted MFN applied tariff average - all products,446,MAC,"Macao, China",-,,-,-,-,-,-,A,Annual,A,Annual,PCT,Percent,2014,,,,0
MFN applied tariffs,TP_A_0030,Trade-weighted MFN applied tariff average - all products,446,MAC,"Macao, China",-,,-,-,-,-,-,A,Annual,A,Annual,PCT,Percent,2015,,,,0
MFN applied tariffs,TP_A_0030,Trade-weighted MFN applied tariff average - all products,446,MAC,"Macao, China",-,,-,-,-,-,-,A,Annual,A,Annual,PCT,Percent,2016,,,,0
MFN applied tariffs,TP_A_0030,Trade-weighted MFN applied tariff average - all products,450,MDG,Madagascar,-,,-,-,-,-,-,A,Annual,A,Annual,PCT,Percent,2006,,,,9.333848904
MFN applied tariffs,TP_A_0030,Trade-weighted MFN applied tariff average - all products,450,MDG,Madagascar,-,,-,-,-,-,-,A,Annual,A,Annual,PCT,Percent,2007,,,,9.575435071
MFN applied tariffs,TP_A_0030,Trade-weighted MFN applied tariff average - all products,450,MDG,Madagascar,-,,-,-,-,-,-,A,Annual,A,Annual,PCT,Percent,2008,,,,8.729251138
MFN applied tariffs,TP_A_0030,Trade-weighted MFN applied tariff average - all products,450,MDG,Madagascar,-,,-,-,-,-,-,A,Annual,A,Annual,PCT,Percent,2009,,,,9.312950927
MFN applied tariffs,TP_A_0030,Trade-weighted MFN applied tariff average - all products,450,MDG,Madagascar,-,,-,-,-,-,-,A,Annual,A,Annual,PCT,Percent,2023,,,,8.118208558
MFN applied tariffs,TP_A_0030,Trade-weighted MFN applied tariff average - all products,450,MDG,Madagascar,-,,-,-,-,-,-,A,Annual,A,Annual,PCT,Percent,2024,,,,8.686938799
MFN applied tariffs,TP_A_0030,Trade-weighted MFN applied tariff average - all products,450,MDG,Madagascar,-,,-,-,-,-,-,A,Annual,A,Annual,PCT,Percent,2016,,,,7.662723923
MFN applied tariffs,TP_A_0030,Trade-weighted MFN applied tariff average - all products,450,MDG,Madagascar,-,,-,-,-,-,-,A,Annual,A,Annual,PCT,Percent,2017,,,,8.73054799
MFN applied tariffs,TP_A_0030,Trade-weighted MFN applied tariff average - all products,450,MDG,Madagascar,-,,-,-,-,-,-,A,Annual,A,Annual,PCT,Percent,2018,,,,8.661114189
MFN applied tariffs,TP_A_0030,Trade-weighted MFN applied tariff average - all products,450,MDG,Madagascar,-,,-,-,-,-,-,A,Annual,A,Annual,PCT,Percent,2019,,,,10.08394105
MFN applied tariffs,TP_A_0030,Trade-weighted MFN applied tariff average - all products,450,MDG,Madagascar,-,,-,-,-,-,-,A,Annual,A,Annual,PCT,Percent,2021,,,,9.574539635
MFN applied tariffs,TP_A_0030,Trade-weighted MFN applied tariff average - all products,450,MDG,Madagascar,-,,-,-,-,-,-,A,Annual,A,Annual,PCT,Percent,2022,,,,8.31628251
MFN applied tariffs,TP_A_0030,Trade-weighted MFN applied tariff average - all products,450,MDG,Madagascar,-,,-,-,-,-,-,A,Annual,A,Annual,PCT,Percent,2010,,,,8.751748328
MFN applied tariffs,TP_A_0030,Trade-weighted MFN applied tariff average - all products,450,MDG,Madagascar,-,,-,-,-,-,-,A,Annual,A,Annual,PCT,Percent,2011,,,,8.698403254
MFN applied tariffs,TP_A_0030,Trade-weighted MFN applied tariff average - all products,450,MDG,Madagascar,-,,-,-,-,-,-,A,Annual,A,Annual,PCT,Percent,2012,,,,7.709763249
MFN applied tariffs,TP_A_0030,Trade-weighted MFN applied tariff average - all products,450,MDG,Madagascar,-,,-,-,-,-,-,A,Annual,A,Annual,PCT,Percent,2013,,,,8.14233728
MFN applied tariffs,TP_A_0030,Trade-weighted MFN applied tariff average - all products,450,MDG,Madagascar,-,,-,-,-,-,-,A,Annual,A,Annual,PCT,Percent,2014,,,,6.58340421
MFN applied tariffs,TP_A_0030,Trade-weighted MFN applied tariff average - all products,450,MDG,Madagascar,-,,-,-,-,-,-,A,Annual,A,Annual,PCT,Percent,2015,,,,9.191403938
MFN applied tariffs,TP_A_0030,Trade-weighted MFN applied tariff average - all products,454,MWI,Malawi,-,,-,-,-,-,-,A,Annual,A,Annual,PCT,Percent,2017,,,,8.46943502
MFN applied tariffs,TP_A_0030,Trade-weighted MFN applied tariff average - all products,454,MWI,Malawi,-,,-,-,-,-,-,A,Annual,A,Annual,PCT,Percent,2019,,,,8.807823377
MFN applied tariffs,TP_A_0030,Trade-weighted MFN applied tariff average - all products,454,MWI,Malawi,-,,-,-,-,-,-,A,Annual,A,Annual,PCT,Percent,2021,,,,9.709782116
MFN applied tariffs,TP_A_0030,Trade-weighted MFN applied tariff average - all products,454,MWI,Malawi,-,,-,-,-,-,-,A,Annual,A,Annual,PCT,Percent,2022,,,,8.103313296
MFN applied tariffs,TP_A_0030,Trade-weighted MFN applied tariff average - all products,454,MWI,Malawi,-,,-,-,-,-,-,A,Annual,A,Annual,PCT,Percent,2023,,,,8.193349129
MFN applied tariffs,TP_A_0030,Trade-weighted MFN applied tariff average - all products,454,MWI,Malawi,-,,-,-,-,-,-,A,Annual,A,Annual,PCT,Percent,2011,,,,9.492026745
MFN applied tariffs,TP_A_0030,Trade-weighted MFN applied tariff average - all products,454,MWI,Malawi,-,,-,-,-,-,-,A,Annual,A,Annual,PCT,Percent,2012,,,,8.40678217
MFN applied tariffs,TP_A_0030,Trade-weighted MFN applied tariff average - all products,454,MWI,Malawi,-,,-,-,-,-,-,A,Annual,A,Annual,PCT,Percent,2013,,,,7.808449272
MFN applied tariffs,TP_A_0030,Trade-weighted MFN applied tariff average - all products,454,MWI,Malawi,-,,-,-,-,-,-,A,Annual,A,Annual,PCT,Percent,2014,,,,8.265118103
MFN applied tariffs,TP_A_0030,Trade-weighted MFN applied tariff average - all products,454,MWI,Malawi,-,,-,-,-,-,-,A,Annual,A,Annual,PCT,Percent,2015,,,,7.851425292
MFN applied tariffs,TP_A_0030,Trade-weighted MFN applied tariff average - all products,454,MWI,Malawi,-,,-,-,-,-,-,A,Annual,A,Annual,PCT,Percent,2016,,,,7.994218431
MFN applied tariffs,TP_A_0030,Trade-weighted MFN applied tariff average - all products,454,MWI,Malawi,-,,-,-,-,-,-,A,Annual,A,Annual,PCT,Percent,2006,,,,13.39894714
MFN applied tariffs,TP_A_0030,Trade-weighted MFN applied tariff average - all products,454,MWI,Malawi,-,,-,-,-,-,-,A,Annual,A,Annual,PCT,Percent,2008,,,,9.827207336
MFN applied tariffs,TP_A_0030,Trade-weighted MFN applied tariff average - all products,454,MWI,Malawi,-,,-,-,-,-,-,A,Annual,A,Annual,PCT,Percent,2009,,,,9.18284994
MFN applied tariffs,TP_A_0030,Trade-weighted MFN applied tariff average - all products,454,MWI,Malawi,-,,-,-,-,-,-,A,Annual,A,Annual,PCT,Percent,2010,,,,9.325818738
MFN applied tariffs,TP_A_0030,Trade-weighted MFN applied tariff average - all products,458,MYS,Malaysia,-,,-,-,-,-,-,A,Annual,A,Annual,PCT,Percent,2006,,,,4.620277475
MFN applied tariffs,TP_A_0030,Trade-weighted MFN applied tariff average - all products,458,MYS,Malaysia,-,,-,-,-,-,-,A,Annual,A,Annual,PCT,Percent,2022,,,,3.505251256
MFN applied tariffs,TP_A_0030,Trade-weighted MFN applied tariff average - all products,458,MYS,Malaysia,-,,-,-,-,-,-,A,Annual,A,Annual,PCT,Percent,2023,,,,3.281597066
MFN applied tariffs,TP_A_0030,Trade-weighted MFN applied tariff average - all products,458,MYS,Malaysia,-,,-,-,-,-,-,A,Annual,A,Annual,PCT,Percent,2024,,,,3.468654614
MFN applied tariffs,TP_A_0030,Trade-weighted MFN applied tariff average - all products,458,MYS,Malaysia,-,,-,-,-,-,-,A,Annual,A,Annual,PCT,Percent,2014,,,,4.324304832
MFN applied tariffs,TP_A_0030,Trade-weighted MFN applied tariff average - all products,458,MYS,Malaysia,-,,-,-,-,-,-,A,Annual,A,Annual,PCT,Percent,2016,,,,4.273604222
MFN applied tariffs,TP_A_0030,Trade-weighted MFN applied tariff average - all products,458,MYS,Malaysia,-,,-,-,-,-,-,A,Annual,A,Annual,PCT,Percent,2017,,,,3.831986942
MFN applied tariffs,TP_A_0030,Trade-weighted MFN applied tariff average - all products,458,MYS,Malaysia,-,,-,-,-,-,-,A,Annual,A,Annual,PCT,Percent,2019,,,,3.841042913
MFN applied tariffs,TP_A_0030,Trade-weighted MFN applied tariff average - all products,458,MYS,Malaysia,-,,-,-,-,-,-,A,Annual,A,Annual,PCT,Percent,2020,,,,3.872689941
MFN applied tariffs,TP_A_0030,Trade-weighted MFN applied tariff average - all products,458,MYS,Malaysia,-,,-,-,-,-,-,A,Annual,A,Annual,PCT,Percent,2021,,,,3.525272292
MFN applied tariffs,TP_A_0030,Trade-weighted MFN applied tariff average - all products,458,MYS,Malaysia,-,,-,-,-,-,-,A,Annual,A,Annual,PCT,Percent,2007,,,,4.670855428
MFN applied tariffs,TP_A_0030,Trade-weighted MFN applied tariff average - all products,458,MYS,Malaysia,-,,-,-,-,-,-,A,Annual,A,Annual,PCT,Percent,2008,,,,4.749685478
MFN applied tariffs,TP_A_0030,Trade-weighted MFN applied tariff average - all products,458,MYS,Malaysia,-,,-,-,-,-,-,A,Annual,A,Annual,PCT,Percent,2009,,,,5.114864304
MFN applied tariffs,TP_A_0030,Trade-weighted MFN applied tariff average - all products,458,MYS,Malaysia,-,,-,-,-,-,-,A,Annual,A,Annual,PCT,Percent,2010,,,,4.339567111
MFN applied tariffs,TP_A_0030,Trade-weighted MFN applied tariff average - all products,458,MYS,Malaysia,-,,-,-,-,-,-,A,Annual,A,Annual,PCT,Percent,2012,,,,5.029789565
MFN applied tariffs,TP_A_0030,Trade-weighted MFN applied tariff average - all products,458,MYS,Malaysia,-,,-,-,-,-,-,A,Annual,A,Annual,PCT,Percent,2013,,,,4.312652683
MFN applied tariffs,TP_A_0030,Trade-weighted MFN applied tariff average - all products,462,MDV,Maldives,-,,-,-,-,-,-,A,Annual,A,Annual,PCT,Percent,2006,,,,21.46923949
MFN applied tariffs,TP_A_0030,Trade-weighted MFN applied tariff average - all products,462,MDV,Maldives,-,,-,-,-,-,-,A,Annual,A,Annual,PCT,Percent,2008,,,,21.16374977
MFN applied tariffs,TP_A_0030,Trade-weighted MFN applied tariff average - all products,462,MDV,Maldives,-,,-,-,-,-,-,A,Annual,A,Annual,PCT,Percent,2009,,,,20.56192654
MFN applied tariffs,TP_A_0030,Trade-weighted MFN applied tariff average - all products,462,MDV,Maldives,-,,-,-,-,-,-,A,Annual,A,Annual,PCT,Percent,2010,,,,20.93212695
MFN applied tariffs,TP_A_0030,Trade-weighted MFN applied tariff average - all products,462,MDV,Maldives,-,,-,-,-,-,-,A,Annual,A,Annual,PCT,Percent,2011,,,,21.11684204
MFN applied tariffs,TP_A_0030,Trade-weighted MFN applied tariff average - all products,462,MDV,Maldives,-,,-,-,-,-,-,A,Annual,A,Annual,PCT,Percent,2017,,,,14.67602462
MFN applied tariffs,TP_A_0030,Trade-weighted MFN applied tariff average - all products,462,MDV,Maldives,-,,-,-,-,-,-,A,Annual,A,Annual,PCT,Percent,2018,,,,12.71118004
MFN applied tariffs,TP_A_0030,Trade-weighted MFN applied tariff average - all products,462,MDV,Maldives,-,,-,-,-,-,-,A,Annual,A,Annual,PCT,Percent,2019,,,,12.52509728
MFN applied tariffs,TP_A_0030,Trade-weighted MFN applied tariff average - all products,462,MDV,Maldives,-,,-,-,-,-,-,A,Annual,A,Annual,PCT,Percent,2021,,,,13.2409867
MFN applied tariffs,TP_A_0030,Trade-weighted MFN applied tariff average - all products,462,MDV,Maldives,-,,-,-,-,-,-,A,Annual,A,Annual,PCT,Percent,2022,,,,11.19000241
MFN applied tariffs,TP_A_0030,Trade-weighted MFN applied tariff average - all products,462,MDV,Maldives,-,,-,-,-,-,-,A,Annual,A,Annual,PCT,Percent,2023,,,,10.90645852
MFN applied tariffs,TP_A_0030,Trade-weighted MFN applied tariff average - all products,462,MDV,Maldives,-,,-,-,-,-,-,A,Annual,A,Annual,PCT,Percent,2024,,,,11.1171986
MFN applied tariffs,TP_A_0030,Trade-weighted MFN applied tariff average - all products,466,MLI,Mali,-,,-,-,-,-,-,A,Annual,A,Annual,PCT,Percent,2008,,,,10.09608871
MFN applied tariffs,TP_A_0030,Trade-weighted MFN applied tariff average - all products,466,MLI,Mali,-,,-,-,-,-,-,A,Annual,A,Annual,PCT,Percent,2009,,,,10.58983301
MFN applied tariffs,TP_A_0030,Trade-weighted MFN applied tariff average - all products,466,MLI,Mali,-,,-,-,-,-,-,A,Annual,A,Annual,PCT,Percent,2010,,,,10.57123309
MFN applied tariffs,TP_A_0030,Trade-weighted MFN applied tariff average - all products,466,MLI,Mali,-,,-,-,-,-,-,A,Annual,A,Annual,PCT,Percent,2011,,,,10.23376929
MFN applied tariffs,TP_A_0030,Trade-weighted MFN applied tariff average - all products,466,MLI,Mali,-,,-,-,-,-,-,A,Annual,A,Annual,PCT,Percent,2012,,,,10.21795167
MFN applied tariffs,TP_A_0030,Trade-weighted MFN applied tariff average - all products,466,MLI,Mali,-,,-,-,-,-,-,A,Annual,A,Annual,PCT,Percent,2013,,,,9.807804982
MFN applied tariffs,TP_A_0030,Trade-weighted MFN applied tariff average - all products,466,MLI,Mali,-,,-,-,-,-,-,A,Annual,A,Annual,PCT,Percent,2014,,,,9.807804982
MFN applied tariffs,TP_A_0030,Trade-weighted MFN applied tariff average - all products,466,MLI,Mali,-,,-,-,-,-,-,A,Annual,A,Annual,PCT,Percent,2018,,,,10.53132174
MFN applied tariffs,TP_A_0030,Trade-weighted MFN applied tariff average - all products,466,MLI,Mali,-,,-,-,-,-,-,A,Annual,A,Annual,PCT,Percent,2019,,,,10.53132174
MFN applied tariffs,TP_A_0030,Trade-weighted MFN applied tariff average - all products,466,MLI,Mali,-,,-,-,-,-,-,A,Annual,A,Annual,PCT,Percent,2020,,,,10.52387462
MFN applied tariffs,TP_A_0030,Trade-weighted MFN applied tariff average - all products,466,MLI,Mali,-,,-,-,-,-,-,A,Annual,A,Annual,PCT,Percent,2021,,,,10.52387031
MFN applied tariffs,TP_A_0030,Trade-weighted MFN applied tariff average - all products,478,MRT,Mauritania,-,,-,-,-,-,-,A,Annual,A,Annual,PCT,Percent,2007,,,,10.04041808
MFN applied tariffs,TP_A_0030,Trade-weighted MFN applied tariff average - all products,478,MRT,Mauritania,-,,-,-,-,-,-,A,Annual,A,Annual,PCT,Percent,2010,,,,7.985820378
MFN applied tariffs,TP_A_0030,Trade-weighted MFN applied tariff average - all products,478,MRT,Mauritania,-,,-,-,-,-,-,A,Annual,A,Annual,PCT,Percent,2014,,,,7.733379568
MFN applied tariffs,TP_A_0030,Trade-weighted MFN applied tariff average - all products,478,MRT,Mauritania,-,,-,-,-,-,-,A,Annual,A,Annual,PCT,Percent,2015,,,,8.188357696
MFN applied tariffs,TP_A_0030,Trade-weighted MFN applied tariff average - all products,478,MRT,Mauritania,-,,-,-,-,-,-,A,Annual,A,Annual,PCT,Percent,2018,,,,8.091003584
MFN applied tariffs,TP_A_0030,Trade-weighted MFN applied tariff average - all products,478,MRT,Mauritania,-,,-,-,-,-,-,A,Annual,A,Annual,PCT,Percent,2019,,,,9.740204463
MFN applied tariffs,TP_A_0030,Trade-weighted MFN applied tariff average - all products,478,MRT,Mauritania,-,,-,-,-,-,-,A,Annual,A,Annual,PCT,Percent,2021,,,,8.486674634
MFN applied tariffs,TP_A_0030,Trade-weighted MFN applied tariff average - all products,478,MRT,Mauritania,-,,-,-,-,-,-,A,Annual,A,Annual,PCT,Percent,2023,,,,10.18216489
MFN applied tariffs,TP_A_0030,Trade-weighted MFN applied tariff average - all products,480,MUS,Mauritius,-,,-,-,-,-,-,A,Annual,A,Annual,PCT,Percent,2006,,,,2.040876905
MFN applied tariffs,TP_A_0030,Trade-weighted MFN applied tariff average - all products,480,MUS,Mauritius,-,,-,-,-,-,-,A,Annual,A,Annual,PCT,Percent,2007,,,,2.087053601
MFN applied tariffs,TP_A_0030,Trade-weighted MFN applied tariff average - all products,480,MUS,Mauritius,-,,-,-,-,-,-,A,Annual,A,Annual,PCT,Percent,2020,,,,1.281980168
MFN applied tariffs,TP_A_0030,Trade-weighted MFN applied tariff average - all products,480,MUS,Mauritius,-,,-,-,-,-,-,A,Annual,A,Annual,PCT,Percent,2021,,,,1.114798409
MFN applied tariffs,TP_A_0030,Trade-weighted MFN applied tariff average - all products,480,MUS,Mauritius,-,,-,-,-,-,-,A,Annual,A,Annual,PCT,Percent,2022,,,,1.31137414
MFN applied tariffs,TP_A_0030,Trade-weighted MFN applied tariff average - all products,480,MUS,Mauritius,-,,-,-,-,-,-,A,Annual,A,Annual,PCT,Percent,2023,,,,1.254217148
MFN applied tariffs,TP_A_0030,Trade-weighted MFN applied tariff average - all products,480,MUS,Mauritius,-,,-,-,-,-,-,A,Annual,A,Annual,PCT,Percent,2024,,,,1.488705435
MFN applied tariffs,TP_A_0030,Trade-weighted MFN applied tariff average - all products,480,MUS,Mauritius,-,,-,-,-,-,-,A,Annual,A,Annual,PCT,Percent,2014,,,,0.915236497209737
MFN applied tariffs,TP_A_0030,Trade-weighted MFN applied tariff average - all products,480,MUS,Mauritius,-,,-,-,-,-,-,A,Annual,A,Annual,PCT,Percent,2015,,,,0.871190895194549
MFN applied tariffs,TP_A_0030,Trade-weighted MFN applied tariff average - all products,480,MUS,Mauritius,-,,-,-,-,-,-,A,Annual,A,Annual,PCT,Percent,2016,,,,0.89464663225134
MFN applied tariffs,TP_A_0030,Trade-weighted MFN applied tariff average - all products,480,MUS,Mauritius,-,,-,-,-,-,-,A,Annual,A,Annual,PCT,Percent,2017,,,,1.021971908
MFN applied tariffs,TP_A_0030,Trade-weighted MFN applied tariff average - all products,480,MUS,Mauritius,-,,-,-,-,-,-,A,Annual,A,Annual,PCT,Percent,2018,,,,0.90276914017897
MFN applied tariffs,TP_A_0030,Trade-weighted MFN applied tariff average - all products,480,MUS,Mauritius,-,,-,-,-,-,-,A,Annual,A,Annual,PCT,Percent,2019,,,,1.045430067
MFN applied tariffs,TP_A_0030,Trade-weighted MFN applied tariff average - all products,480,MUS,Mauritius,-,,-,-,-,-,-,A,Annual,A,Annual,PCT,Percent,2008,,,,2.596952568
MFN applied tariffs,TP_A_0030,Trade-weighted MFN applied tariff average - all products,480,MUS,Mauritius,-,,-,-,-,-,-,A,Annual,A,Annual,PCT,Percent,2009,,,,1.719381291
MFN applied tariffs,TP_A_0030,Trade-weighted MFN applied tariff average - all products,480,MUS,Mauritius,-,,-,-,-,-,-,A,Annual,A,Annual,PCT,Percent,2010,,,,1.310105421
MFN applied tariffs,TP_A_0030,Trade-weighted MFN applied tariff average - all products,480,MUS,Mauritius,-,,-,-,-,-,-,A,Annual,A,Annual,PCT,Percent,2011,,,,1.351506267
MFN applied tariffs,TP_A_0030,Trade-weighted MFN applied tariff average - all products,480,MUS,Mauritius,-,,-,-,-,-,-,A,Annual,A,Annual,PCT,Percent,2012,,,,0.970317924512514
MFN applied tariffs,TP_A_0030,Trade-weighted MFN applied tariff average - all products,480,MUS,Mauritius,-,,-,-,-,-,-,A,Annual,A,Annual,PCT,Percent,2013,,,,0.949451518160921
MFN applied tariffs,TP_A_0030,Trade-weighted MFN applied tariff average - all products,484,MEX,Mexico,-,,-,-,-,-,-,A,Annual,A,Annual,PCT,Percent,2006,,,,11.92143301
MFN applied tariffs,TP_A_0030,Trade-weighted MFN applied tariff average - all products,484,MEX,Mexico,-,,-,-,-,-,-,A,Annual,A,Annual,PCT,Percent,2019,,,,4.176177074
MFN applied tariffs,TP_A_0030,Trade-weighted MFN applied tariff average - all products,484,MEX,Mexico,-,,-,-,-,-,-,A,Annual,A,Annual,PCT,Percent,2020,,,,4.186419899
MFN applied tariffs,TP_A_0030,Trade-weighted MFN applied tariff average - all products,484,MEX,Mexico,-,,-,-,-,-,-,A,Annual,A,Annual,PCT,Percent,2021,,,,4.101166814
MFN applied tariffs,TP_A_0030,Trade-weighted MFN applied tariff average - all products,484,MEX,Mexico,-,,-,-,-,-,-,A,Annual,A,Annual,PCT,Percent,2022,,,,4.135698634
MFN applied tariffs,TP_A_0030,Trade-weighted MFN applied tariff average - all products,484,MEX,Mexico,-,,-,-,-,-,-,A,Annual,A,Annual,PCT,Percent,2023,,,,3.885152698
MFN applied tariffs,TP_A_0030,Trade-weighted MFN applied tariff average - all products,484,MEX,Mexico,-,,-,-,-,-,-,A,Annual,A,Annual,PCT,Percent,2024,,,,5.425183027
MFN applied tariffs,TP_A_0030,Trade-weighted MFN applied tariff average - all products,484,MEX,Mexico,-,,-,-,-,-,-,A,Annual,A,Annual,PCT,Percent,2013,,,,5.425543775
MFN applied tariffs,TP_A_0030,Trade-weighted MFN applied tariff average - all products,484,MEX,Mexico,-,,-,-,-,-,-,A,Annual,A,Annual,PCT,Percent,2014,,,,4.967346794
MFN applied tariffs,TP_A_0030,Trade-weighted MFN applied tariff average - all products,484,MEX,Mexico,-,,-,-,-,-,-,A,Annual,A,Annual,PCT,Percent,2015,,,,4.745480426
MFN applied tariffs,TP_A_0030,Trade-weighted MFN applied tariff average - all products,484,MEX,Mexico,-,,-,-,-,-,-,A,Annual,A,Annual,PCT,Percent,2016,,,,4.549497425
MFN applied tariffs,TP_A_0030,Trade-weighted MFN applied tariff average - all products,484,MEX,Mexico,-,,-,-,-,-,-,A,Annual,A,Annual,PCT,Percent,2017,,,,4.394314992
MFN applied tariffs,TP_A_0030,Trade-weighted MFN applied tariff average - all products,484,MEX,Mexico,-,,-,-,-,-,-,A,Annual,A,Annual,PCT,Percent,2018,,,,4.389658057
MFN applied tariffs,TP_A_0030,Trade-weighted MFN applied tariff average - all products,484,MEX,Mexico,-,,-,-,-,-,-,A,Annual,A,Annual,PCT,Percent,2007,,,,11.12478046
MFN applied tariffs,TP_A_0030,Trade-weighted MFN applied tariff average - all products,484,MEX,Mexico,-,,-,-,-,-,-,A,Annual,A,Annual,PCT,Percent,2008,,,,11.77712909
MFN applied tariffs,TP_A_0030,Trade-weighted MFN applied tariff average - all products,484,MEX,Mexico,-,,-,-,-,-,-,A,Annual,A,Annual,PCT,Percent,2009,,,,11.06829887
MFN applied tariffs,TP_A_0030,Trade-weighted MFN applied tariff average - all products,484,MEX,Mexico,-,,-,-,-,-,-,A,Annual,A,Annual,PCT,Percent,2010,,,,8.424251202
MFN applied tariffs,TP_A_0030,Trade-weighted MFN applied tariff average - all products,484,MEX,Mexico,-,,-,-,-,-,-,A,Annual,A,Annual,PCT,Percent,2011,,,,5.803096436
MFN applied tariffs,TP_A_0030,Trade-weighted MFN applied tariff average - all products,484,MEX,Mexico,-,,-,-,-,-,-,A,Annual,A,Annual,PCT,Percent,2012,,,,5.435879846
MFN applied tariffs,TP_A_0030,Trade-weighted MFN applied tariff average - all products,496,MNG,Mongolia,-,,-,-,-,-,-,A,Annual,A,Annual,PCT,Percent,2016,,,,5.077043223
MFN applied tariffs,TP_A_0030,Trade-weighted MFN applied tariff average - all products,496,MNG,Mongolia,-,,-,-,-,-,-,A,Annual,A,Annual,PCT,Percent,2017,,,,5.197357033
MFN applied tariffs,TP_A_0030,Trade-weighted MFN applied tariff average - all products,496,MNG,Mongolia,-,,-,-,-,-,-,A,Annual,A,Annual,PCT,Percent,2018,,,,5.029718846
MFN applied tariffs,TP_A_0030,Trade-weighted MFN applied tariff average - all products,496,MNG,Mongolia,-,,-,-,-,-,-,A,Annual,A,Annual,PCT,Percent,2019,,,,5.211379443
MFN applied tariffs,TP_A_0030,Trade-weighted MFN applied tariff average - all products,496,MNG,Mongolia,-,,-,-,-,-,-,A,Annual,A,Annual,PCT,Percent,2020,,,,5.301324437
MFN applied tariffs,TP_A_0030,Trade-weighted MFN applied tariff average - all products,496,MNG,Mongolia,-,,-,-,-,-,-,A,Annual,A,Annual,PCT,Percent,2021,,,,5.413622818
MFN applied tariffs,TP_A_0030,Trade-weighted MFN applied tariff average - all products,496,MNG,Mongolia,-,,-,-,-,-,-,A,Annual,A,Annual,PCT,Percent,2006,,,,4.290472933
MFN applied tariffs,TP_A_0030,Trade-weighted MFN applied tariff average - all products,496,MNG,Mongolia,-,,-,-,-,-,-,A,Annual,A,Annual,PCT,Percent,2007,,,,5.070520196
MFN applied tariffs,TP_A_0030,Trade-weighted MFN applied tariff average - all products,496,MNG,Mongolia,-,,-,-,-,-,-,A,Annual,A,Annual,PCT,Percent,2008,,,,5.098249941
MFN applied tariffs,TP_A_0030,Trade-weighted MFN applied tariff average - all products,496,MNG,Mongolia,-,,-,-,-,-,-,A,Annual,A,Annual,PCT,Percent,2009,,,,5.100969668
MFN applied tariffs,TP_A_0030,Trade-weighted MFN applied tariff average - all products,496,MNG,Mongolia,-,,-,-,-,-,-,A,Annual,A,Annual,PCT,Percent,2013,,,,5.027659533
MFN applied tariffs,TP_A_0030,Trade-weighted MFN applied tariff average - all products,496,MNG,Mongolia,-,,-,-,-,-,-,A,Annual,A,Annual,PCT,Percent,2015,,,,4.565975168
MFN applied tariffs,TP_A_0030,Trade-weighted MFN applied tariff average - all products,496,MNG,Mongolia,-,,-,-,-,-,-,A,Annual,A,Annual,PCT,Percent,2022,,,,5.344812856
MFN applied tariffs,TP_A_0030,Trade-weighted MFN applied tariff average - all products,496,MNG,Mongolia,-,,-,-,-,-,-,A,Annual,A,Annual,PCT,Percent,2023,,,,5.346683124
MFN applied tariffs,TP_A_0030,Trade-weighted MFN applied tariff average - all products,496,MNG,Mongolia,-,,-,-,-,-,-,A,Annual,A,Annual,PCT,Percent,2024,,,,5.27971253
MFN applied tariffs,TP_A_0030,Trade-weighted MFN applied tariff average - all products,498,MDA,"Moldova, Republic of",-,,-,-,-,-,-,A,Annual,A,Annual,PCT,Percent,2006,,,,3.772046182
MFN applied tariffs,TP_A_0030,Trade-weighted MFN applied tariff average - all products,498,MDA,"Moldova, Republic of",-,,-,-,-,-,-,A,Annual,A,Annual,PCT,Percent,2008,,,,2.710529164
MFN applied tariffs,TP_A_0030,Trade-weighted MFN applied tariff average - all products,498,MDA,"Moldova, Republic of",-,,-,-,-,-,-,A,Annual,A,Annual,PCT,Percent,2009,,,,2.710529164
MFN applied tariffs,TP_A_0030,Trade-weighted MFN applied tariff average - all products,498,MDA,"Moldova, Republic of",-,,-,-,-,-,-,A,Annual,A,Annual,PCT,Percent,2016,,,,4.34468084
MFN applied tariffs,TP_A_0030,Trade-weighted MFN applied tariff average - all products,498,MDA,"Moldova, Republic of",-,,-,-,-,-,-,A,Annual,A,Annual,PCT,Percent,2017,,,,4.498191477
MFN applied tariffs,TP_A_0030,Trade-weighted MFN applied tariff average - all products,498,MDA,"Moldova, Republic of",-,,-,-,-,-,-,A,Annual,A,Annual,PCT,Percent,2018,,,,4.272611348
MFN applied tariffs,TP_A_0030,Trade-weighted MFN applied tariff average - all products,498,MDA,"Moldova, Republic of",-,,-,-,-,-,-,A,Annual,A,Annual,PCT,Percent,2019,,,,4.11098659
MFN applied tariffs,TP_A_0030,Trade-weighted MFN applied tariff average - all products,498,MDA,"Moldova, Republic of",-,,-,-,-,-,-,A,Annual,A,Annual,PCT,Percent,2020,,,,4.207356288
MFN applied tariffs,TP_A_0030,Trade-weighted MFN applied tariff average - all products,498,MDA,"Moldova, Republic of",-,,-,-,-,-,-,A,Annual,A,Annual,PCT,Percent,2021,,,,4.709149537
MFN applied tariffs,TP_A_0030,Trade-weighted MFN applied tariff average - all products,498,MDA,"Moldova, Republic of",-,,-,-,-,-,-,A,Annual,A,Annual,PCT,Percent,2010,,,,3.749686038
MFN applied tariffs,TP_A_0030,Trade-weighted MFN applied tariff average - all products,498,MDA,"Moldova, Republic of",-,,-,-,-,-,-,A,Annual,A,Annual,PCT,Percent,2011,,,,3.692112111
MFN applied tariffs,TP_A_0030,Trade-weighted MFN applied tariff average - all products,498,MDA,"Moldova, Republic of",-,,-,-,-,-,-,A,Annual,A,Annual,PCT,Percent,2012,,,,3.703330954
MFN applied tariffs,TP_A_0030,Trade-weighted MFN applied tariff average - all products,498,MDA,"Moldova, Republic of",-,,-,-,-,-,-,A,Annual,A,Annual,PCT,Percent,2013,,,,3.631584039
MFN applied tariffs,TP_A_0030,Trade-weighted MFN applied tariff average - all products,498,MDA,"Moldova, Republic of",-,,-,-,-,-,-,A,Annual,A,Annual,PCT,Percent,2014,,,,3.390848669
MFN applied tariffs,TP_A_0030,Trade-weighted MFN applied tariff average - all products,498,MDA,"Moldova, Republic of",-,,-,-,-,-,-,A,Annual,A,Annual,PCT,Percent,2015,,,,4.536400882
MFN applied tariffs,TP_A_0030,Trade-weighted MFN applied tariff average - all products,498,MDA,"Moldova, Republic of",-,,-,-,-,-,-,A,Annual,A,Annual,PCT,Percent,2022,,,,3.935706562
MFN applied tariffs,TP_A_0030,Trade-weighted MFN applied tariff average - all products,498,MDA,"Moldova, Republic of",-,,-,-,-,-,-,A,Annual,A,Annual,PCT,Percent,2024,,,,4.126053656
MFN applied tariffs,TP_A_0030,Trade-weighted MFN applied tariff average - all products,504,MAR,Morocco,-,,-,-,-,-,-,A,Annual,A,Annual,PCT,Percent,2006,,,,18.87862692
MFN applied tariffs,TP_A_0030,Trade-weighted MFN applied tariff average - all products,504,MAR,Morocco,-,,-,-,-,-,-,A,Annual,A,Annual,PCT,Percent,2007,,,,16.46390625
MFN applied tariffs,TP_A_0030,Trade-weighted MFN applied tariff average - all products,504,MAR,Morocco,-,,-,-,-,-,-,A,Annual,A,Annual,PCT,Percent,2008,,,,17.08532499
MFN applied tariffs,TP_A_0030,Trade-weighted MFN applied tariff average - all products,504,MAR,Morocco,-,,-,-,-,-,-,A,Annual,A,Annual,PCT,Percent,2009,,,,16.34389188
MFN applied tariffs,TP_A_0030,Trade-weighted MFN applied tariff average - all products,504,MAR,Morocco,-,,-,-,-,-,-,A,Annual,A,Annual,PCT,Percent,2024,,,,12.55382971
MFN applied tariffs,TP_A_0030,Trade-weighted MFN applied tariff average - all products,504,MAR,Morocco,-,,-,-,-,-,-,A,Annual,A,Annual,PCT,Percent,2017,,,,9.881261269
MFN applied tariffs,TP_A_0030,Trade-weighted MFN applied tariff average - all products,504,MAR,Morocco,-,,-,-,-,-,-,A,Annual,A,Annual,PCT,Percent,2019,,,,9.684479638
MFN applied tariffs,TP_A_0030,Trade-weighted MFN applied tariff average - all products,504,MAR,Morocco,-,,-,-,-,-,-,A,Annual,A,Annual,PCT,Percent,2020,,,,10.73492818
MFN applied tariffs,TP_A_0030,Trade-weighted MFN applied tariff average - all products,504,MAR,Morocco,-,,-,-,-,-,-,A,Annual,A,Annual,PCT,Percent,2021,,,,12.82161711
MFN applied tariffs,TP_A_0030,Trade-weighted MFN applied tariff average - all products,504,MAR,Morocco,-,,-,-,-,-,-,A,Annual,A,Annual,PCT,Percent,2022,,,,11.25706121
MFN applied tariffs,TP_A_0030,Trade-weighted MFN applied tariff average - all products,504,MAR,Morocco,-,,-,-,-,-,-,A,Annual,A,Annual,PCT,Percent,2023,,,,13.90931571
MFN applied tariffs,TP_A_0030,Trade-weighted MFN applied tariff average - all products,504,MAR,Morocco,-,,-,-,-,-,-,A,Annual,A,Annual,PCT,Percent,2010,,,,13.93970372
MFN applied tariffs,TP_A_0030,Trade-weighted MFN applied tariff average - all products,504,MAR,Morocco,-,,-,-,-,-,-,A,Annual,A,Annual,PCT,Percent,2011,,,,13.11831092
MFN applied tariffs,TP_A_0030,Trade-weighted MFN applied tariff average - all products,504,MAR,Morocco,-,,-,-,-,-,-,A,Annual,A,Annual,PCT,Percent,2012,,,,9.695915421
MFN applied tariffs,TP_A_0030,Trade-weighted MFN applied tariff average - all products,504,MAR,Morocco,-,,-,-,-,-,-,A,Annual,A,Annual,PCT,Percent,2014,,,,10.05449595
MFN applied tariffs,TP_A_0030,Trade-weighted MFN applied tariff average - all products,504,MAR,Morocco,-,,-,-,-,-,-,A,Annual,A,Annual,PCT,Percent,2015,,,,9.328862167
MFN applied tariffs,TP_A_0030,Trade-weighted MFN applied tariff average - all products,504,MAR,Morocco,-,,-,-,-,-,-,A,Annual,A,Annual,PCT,Percent,2016,,,,9.32319665
MFN applied tariffs,TP_A_0030,Trade-weighted MFN applied tariff average - all products,508,MOZ,Mozambique,-,,-,-,-,-,-,A,Annual,A,Annual,PCT,Percent,2006,,,,9.092808878
MFN applied tariffs,TP_A_0030,Trade-weighted MFN applied tariff average - all products,508,MOZ,Mozambique,-,,-,-,-,-,-,A,Annual,A,Annual,PCT,Percent,2007,,,,7.257023559
MFN applied tariffs,TP_A_0030,Trade-weighted MFN applied tariff average - all products,508,MOZ,Mozambique,-,,-,-,-,-,-,A,Annual,A,Annual,PCT,Percent,2008,,,,7.269941131
MFN applied tariffs,TP_A_0030,Trade-weighted MFN applied tariff average - all products,508,MOZ,Mozambique,-,,-,-,-,-,-,A,Annual,A,Annual,PCT,Percent,2009,,,,8.099445798
MFN applied tariffs,TP_A_0030,Trade-weighted MFN applied tariff average - all products,508,MOZ,Mozambique,-,,-,-,-,-,-,A,Annual,A,Annual,PCT,Percent,2010,,,,7.407942791
MFN applied tariffs,TP_A_0030,Trade-weighted MFN applied tariff average - all products,508,MOZ,Mozambique,-,,-,-,-,-,-,A,Annual,A,Annual,PCT,Percent,2021,,,,7.137070277
MFN applied tariffs,TP_A_0030,Trade-weighted MFN applied tariff average - all products,508,MOZ,Mozambique,-,,-,-,-,-,-,A,Annual,A,Annual,PCT,Percent,2022,,,,7.167701396
MFN applied tariffs,TP_A_0030,Trade-weighted MFN applied tariff average - all products,508,MOZ,Mozambique,-,,-,-,-,-,-,A,Annual,A,Annual,PCT,Percent,2023,,,,5.504966934
MFN applied tariffs,TP_A_0030,Trade-weighted MFN applied tariff average - all products,508,MOZ,Mozambique,-,,-,-,-,-,-,A,Annual,A,Annual,PCT,Percent,2024,,,,6.904376364
MFN applied tariffs,TP_A_0030,Trade-weighted MFN applied tariff average - all products,508,MOZ,Mozambique,-,,-,-,-,-,-,A,Annual,A,Annual,PCT,Percent,2011,,,,7.158031789
MFN applied tariffs,TP_A_0030,Trade-weighted MFN applied tariff average - all products,508,MOZ,Mozambique,-,,-,-,-,-,-,A,Annual,A,Annual,PCT,Percent,2012,,,,7.095752253
MFN applied tariffs,TP_A_0030,Trade-weighted MFN applied tariff average - all products,508,MOZ,Mozambique,-,,-,-,-,-,-,A,Annual,A,Annual,PCT,Percent,2014,,,,7.229511607
MFN applied tariffs,TP_A_0030,Trade-weighted MFN applied tariff average - all products,508,MOZ,Mozambique,-,,-,-,-,-,-,A,Annual,A,Annual,PCT,Percent,2016,,,,6.979246311
MFN applied tariffs,TP_A_0030,Trade-weighted MFN applied tariff average - all products,508,MOZ,Mozambique,-,,-,-,-,-,-,A,Annual,A,Annual,PCT,Percent,2018,,,,6.904281699
MFN applied tariffs,TP_A_0030,Trade-weighted MFN applied tariff average - all products,508,MOZ,Mozambique,-,,-,-,-,-,-,A,Annual,A,Annual,PCT,Percent,2019,,,,7.240302857
MFN applied tariffs,TP_A_0030,Trade-weighted MFN applied tariff average - all products,512,OMN,Oman,-,,-,-,-,-,-,A,Annual,A,Annual,PCT,Percent,2006,,,,5.479136672
MFN applied tariffs,TP_A_0030,Trade-weighted MFN applied tariff average - all products,512,OMN,Oman,-,,-,-,-,-,-,A,Annual,A,Annual,PCT,Percent,2007,,,,5.22683084
MFN applied tariffs,TP_A_0030,Trade-weighted MFN applied tariff average - all products,512,OMN,Oman,-,,-,-,-,-,-,A,Annual,A,Annual,PCT,Percent,2017,,,,6.758669773
MFN applied tariffs,TP_A_0030,Trade-weighted MFN applied tariff average - all products,512,OMN,Oman,-,,-,-,-,-,-,A,Annual,A,Annual,PCT,Percent,2018,,,,6.181819526
MFN applied tariffs,TP_A_0030,Trade-weighted MFN applied tariff average - all products,512,OMN,Oman,-,,-,-,-,-,-,A,Annual,A,Annual,PCT,Percent,2019,,,,5.780185116
MFN applied tariffs,TP_A_0030,Trade-weighted MFN applied tariff average - all products,512,OMN,Oman,-,,-,-,-,-,-,A,Annual,A,Annual,PCT,Percent,2023,,,,5.879304045
MFN applied tariffs,TP_A_0030,Trade-weighted MFN applied tariff average - all products,512,OMN,Oman,-,,-,-,-,-,-,A,Annual,A,Annual,PCT,Percent,2024,,,,5.756241473
MFN applied tariffs,TP_A_0030,Trade-weighted MFN applied tariff average - all products,512,OMN,Oman,-,,-,-,-,-,-,A,Annual,A,Annual,PCT,Percent,2008,,,,5.074157886
MFN applied tariffs,TP_A_0030,Trade-weighted MFN applied tariff average - all products,512,OMN,Oman,-,,-,-,-,-,-,A,Annual,A,Annual,PCT,Percent,2009,,,,5.043304114
MFN applied tariffs,TP_A_0030,Trade-weighted MFN applied tariff average - all products,512,OMN,Oman,-,,-,-,-,-,-,A,Annual,A,Annual,PCT,Percent,2012,,,,5.40732146
MFN applied tariffs,TP_A_0030,Trade-weighted MFN applied tariff average - all products,512,OMN,Oman,-,,-,-,-,-,-,A,Annual,A,Annual,PCT,Percent,2014,,,,5.189214429
MFN applied tariffs,TP_A_0030,Trade-weighted MFN applied tariff average - all products,512,OMN,Oman,-,,-,-,-,-,-,A,Annual,A,Annual,PCT,Percent,2015,,,,5.285001475
MFN applied tariffs,TP_A_0030,Trade-weighted MFN applied tariff average - all products,512,OMN,Oman,-,,-,-,-,-,-,A,Annual,A,Annual,PCT,Percent,2016,,,,5.804959998
MFN applied tariffs,TP_A_0030,Trade-weighted MFN applied tariff average - all products,516,NAM,Namibia,-,,-,-,-,-,-,A,Annual,A,Annual,PCT,Percent,2007,,,,10.77364922
MFN applied tariffs,TP_A_0030,Trade-weighted MFN applied tariff average - all products,516,NAM,Namibia,-,,-,-,-,-,-,A,Annual,A,Annual,PCT,Percent,2021,,,,6.624658163
MFN applied tariffs,TP_A_0030,Trade-weighted MFN applied tariff average - all products,516,NAM,Namibia,-,,-,-,-,-,-,A,Annual,A,Annual,PCT,Percent,2022,,,,6.468434488
MFN applied tariffs,TP_A_0030,Trade-weighted MFN applied tariff average - all products,516,NAM,Namibia,-,,-,-,-,-,-,A,Annual,A,Annual,PCT,Percent,2023,,,,7.492552466
MFN applied tariffs,TP_A_0030,Trade-weighted MFN applied tariff average - all products,516,NAM,Namibia,-,,-,-,-,-,-,A,Annual,A,Annual,PCT,Percent,2024,,,,7.597671481
MFN applied tariffs,TP_A_0030,Trade-weighted MFN applied tariff average - all products,516,NAM,Namibia,-,,-,-,-,-,-,A,Annual,A,Annual,PCT,Percent,2015,,,,7.458875286
MFN applied tariffs,TP_A_0030,Trade-weighted MFN applied tariff average - all products,516,NAM,Namibia,-,,-,-,-,-,-,A,Annual,A,Annual,PCT,Percent,2016,,,,8.145319954
MFN applied tariffs,TP_A_0030,Trade-weighted MFN applied tariff average - all products,516,NAM,Namibia,-,,-,-,-,-,-,A,Annual,A,Annual,PCT,Percent,2017,,,,7.732969786
MFN applied tariffs,TP_A_0030,Trade-weighted MFN applied tariff average - all products,516,NAM,Namibia,-,,-,-,-,-,-,A,Annual,A,Annual,PCT,Percent,2018,,,,8.37286261
MFN applied tariffs,TP_A_0030,Trade-weighted MFN applied tariff average - all products,516,NAM,Namibia,-,,-,-,-,-,-,A,Annual,A,Annual,PCT,Percent,2019,,,,6.883917352
MFN applied tariffs,TP_A_0030,Trade-weighted MFN applied tariff average - all products,516,NAM,Namibia,-,,-,-,-,-,-,A,Annual,A,Annual,PCT,Percent,2020,,,,6.87876556
MFN applied tariffs,TP_A_0030,Trade-weighted MFN applied tariff average - all products,516,NAM,Namibia,-,,-,-,-,-,-,A,Annual,A,Annual,PCT,Percent,2008,,,,10.46308488
MFN applied tariffs,TP_A_0030,Trade-weighted MFN applied tariff average - all products,516,NAM,Namibia,-,,-,-,-,-,-,A,Annual,A,Annual,PCT,Percent,2009,,,,9.320141179
MFN applied tariffs,TP_A_0030,Trade-weighted MFN applied tariff average - all products,516,NAM,Namibia,-,,-,-,-,-,-,A,Annual,A,Annual,PCT,Percent,2010,,,,8.894665429
MFN applied tariffs,TP_A_0030,Trade-weighted MFN applied tariff average - all products,516,NAM,Namibia,-,,-,-,-,-,-,A,Annual,A,Annual,PCT,Percent,2012,,,,9.345174096
MFN applied tariffs,TP_A_0030,Trade-weighted MFN applied tariff average - all products,516,NAM,Namibia,-,,-,-,-,-,-,A,Annual,A,Annual,PCT,Percent,2013,,,,7.992005572
MFN applied tariffs,TP_A_0030,Trade-weighted MFN applied tariff average - all products,516,NAM,Namibia,-,,-,-,-,-,-,A,Annual,A,Annual,PCT,Percent,2014,,,,7.68458719
MFN applied tariffs,TP_A_0030,Trade-weighted MFN applied tariff average - all products,524,NPL,Nepal,-,,-,-,-,-,-,A,Annual,A,Annual,PCT,Percent,2010,,,,11.48010182
MFN applied tariffs,TP_A_0030,Trade-weighted MFN applied tariff average - all products,524,NPL,Nepal,-,,-,-,-,-,-,A,Annual,A,Annual,PCT,Percent,2011,,,,13.0790162
MFN applied tariffs,TP_A_0030,Trade-weighted MFN applied tariff average - all products,524,NPL,Nepal,-,,-,-,-,-,-,A,Annual,A,Annual,PCT,Percent,2012,,,,11.50583499
MFN applied tariffs,TP_A_0030,Trade-weighted MFN applied tariff average - all products,524,NPL,Nepal,-,,-,-,-,-,-,A,Annual,A,Annual,PCT,Percent,2013,,,,13.60334691
MFN applied tariffs,TP_A_0030,Trade-weighted MFN applied tariff average - all products,524,NPL,Nepal,-,,-,-,-,-,-,A,Annual,A,Annual,PCT,Percent,2014,,,,12.73529722
MFN applied tariffs,TP_A_0030,Trade-weighted MFN applied tariff average - all products,524,NPL,Nepal,-,,-,-,-,-,-,A,Annual,A,Annual,PCT,Percent,2015,,,,12.65114504
MFN applied tariffs,TP_A_0030,Trade-weighted MFN applied tariff average - all products,524,NPL,Nepal,-,,-,-,-,-,-,A,Annual,A,Annual,PCT,Percent,2016,,,,13.69525461
MFN applied tariffs,TP_A_0030,Trade-weighted MFN applied tariff average - all products,524,NPL,Nepal,-,,-,-,-,-,-,A,Annual,A,Annual,PCT,Percent,2018,,,,13.37210048
MFN applied tariffs,TP_A_0030,Trade-weighted MFN applied tariff average - all products,524,NPL,Nepal,-,,-,-,-,-,-,A,Annual,A,Annual,PCT,Percent,2019,,,,13.69264466
MFN applied tariffs,TP_A_0030,Trade-weighted MFN applied tariff average - all products,524,NPL,Nepal,-,,-,-,-,-,-,A,Annual,A,Annual,PCT,Percent,2021,,,,13.58642528
MFN applied tariffs,TP_A_0030,Trade-weighted MFN applied tariff average - all products,524,NPL,Nepal,-,,-,-,-,-,-,A,Annual,A,Annual,PCT,Percent,2022,,,,13.36428457
MFN applied tariffs,TP_A_0030,Trade-weighted MFN applied tariff average - all products,524,NPL,Nepal,-,,-,-,-,-,-,A,Annual,A,Annual,PCT,Percent,2023,,,,13.29661892
MFN applied tariffs,TP_A_0030,Trade-weighted MFN applied tariff average - all products,524,NPL,Nepal,-,,-,-,-,-,-,A,Annual,A,Annual,PCT,Percent,2024,,,,13.22915739
MFN applied tariffs,TP_A_0030,Trade-weighted MFN applied tariff average - all products,548,VUT,Vanuatu,-,,-,-,-,-,-,A,Annual,A,Annual,PCT,Percent,2008,,,,23.28281606
MFN applied tariffs,TP_A_0030,Trade-weighted MFN applied tariff average - all products,548,VUT,Vanuatu,-,,-,-,-,-,-,A,Annual,A,Annual,PCT,Percent,2009,,,,19.71708985
MFN applied tariffs,TP_A_0030,Trade-weighted MFN applied tariff average - all products,548,VUT,Vanuatu,-,,-,-,-,-,-,A,Annual,A,Annual,PCT,Percent,2012,,,,11.67089775
MFN applied tariffs,TP_A_0030,Trade-weighted MFN applied tariff average - all products,554,NZL,New Zealand,-,,-,-,-,-,-,A,Annual,A,Annual,PCT,Percent,2006,,,,4.548457626
MFN applied tariffs,TP_A_0030,Trade-weighted MFN applied tariff average - all products,554,NZL,New Zealand,-,,-,-,-,-,-,A,Annual,A,Annual,PCT,Percent,2007,,,,3.512600995
MFN applied tariffs,TP_A_0030,Trade-weighted MFN applied tariff average - all products,554,NZL,New Zealand,-,,-,-,-,-,-,A,Annual,A,Annual,PCT,Percent,2008,,,,3.180120447
MFN applied tariffs,TP_A_0030,Trade-weighted MFN applied tariff average - all products,554,NZL,New Zealand,-,,-,-,-,-,-,A,Annual,A,Annual,PCT,Percent,2009,,,,2.249445675
MFN applied tariffs,TP_A_0030,Trade-weighted MFN applied tariff average - all products,554,NZL,New Zealand,-,,-,-,-,-,-,A,Annual,A,Annual,PCT,Percent,2017,,,,2.673690585
MFN applied tariffs,TP_A_0030,Trade-weighted MFN applied tariff average - all products,554,NZL,New Zealand,-,,-,-,-,-,-,A,Annual,A,Annual,PCT,Percent,2018,,,,2.604533067
MFN applied tariffs,TP_A_0030,Trade-weighted MFN applied tariff average - all products,554,NZL,New Zealand,-,,-,-,-,-,-,A,Annual,A,Annual,PCT,Percent,2019,,,,2.415364247
MFN applied tariffs,TP_A_0030,Trade-weighted MFN applied tariff average - all products,554,NZL,New Zealand,-,,-,-,-,-,-,A,Annual,A,Annual,PCT,Percent,2020,,,,2.490987239
MFN applied tariffs,TP_A_0030,Trade-weighted MFN applied tariff average - all products,554,NZL,New Zealand,-,,-,-,-,-,-,A,Annual,A,Annual,PCT,Percent,2021,,,,2.337576198
MFN applied tariffs,TP_A_0030,Trade-weighted MFN applied tariff average - all products,554,NZL,New Zealand,-,,-,-,-,-,-,A,Annual,A,Annual,PCT,Percent,2022,,,,2.565116086
MFN applied tariffs,TP_A_0030,Trade-weighted MFN applied tariff average - all products,554,NZL,New Zealand,-,,-,-,-,-,-,A,Annual,A,Annual,PCT,Percent,2011,,,,2.226753127
MFN applied tariffs,TP_A_0030,Trade-weighted MFN applied tariff average - all products,554,NZL,New Zealand,-,,-,-,-,-,-,A,Annual,A,Annual,PCT,Percent,2012,,,,2.034774518
MFN applied tariffs,TP_A_0030,Trade-weighted MFN applied tariff average - all products,554,NZL,New Zealand,-,,-,-,-,-,-,A,Annual,A,Annual,PCT,Percent,2013,,,,2.295983928
MFN applied tariffs,TP_A_0030,Trade-weighted MFN applied tariff average - all products,554,NZL,New Zealand,-,,-,-,-,-,-,A,Annual,A,Annual,PCT,Percent,2014,,,,2.281140802
MFN applied tariffs,TP_A_0030,Trade-weighted MFN applied tariff average - all products,554,NZL,New Zealand,-,,-,-,-,-,-,A,Annual,A,Annual,PCT,Percent,2015,,,,2.274637871
MFN applied tariffs,TP_A_0030,Trade-weighted MFN applied tariff average - all products,554,NZL,New Zealand,-,,-,-,-,-,-,A,Annual,A,Annual,PCT,Percent,2016,,,,2.549953212
MFN applied tariffs,TP_A_0030,Trade-weighted MFN applied tariff average - all products,554,NZL,New Zealand,-,,-,-,-,-,-,A,Annual,A,Annual,PCT,Percent,2023,,,,2.255991838
MFN applied tariffs,TP_A_0030,Trade-weighted MFN applied tariff average - all products,554,NZL,New Zealand,-,,-,-,-,-,-,A,Annual,A,Annual,PCT,Percent,2024,,,,2.238734967
MFN applied tariffs,TP_A_0030,Trade-weighted MFN applied tariff average - all products,558,NIC,Nicaragua,-,,-,-,-,-,-,A,Annual,A,Annual,PCT,Percent,2005,,,,5.41699703
MFN applied tariffs,TP_A_0030,Trade-weighted MFN applied tariff average - all products,558,NIC,Nicaragua,-,,-,-,-,-,-,A,Annual,A,Annual,PCT,Percent,2007,,,,5.878157877
MFN applied tariffs,TP_A_0030,Trade-weighted MFN applied tariff average - all products,558,NIC,Nicaragua,-,,-,-,-,-,-,A,Annual,A,Annual,PCT,Percent,2009,,,,5.474648527
MFN applied tariffs,TP_A_0030,Trade-weighted MFN applied tariff average - all products,558,NIC,Nicaragua,-,,-,-,-,-,-,A,Annual,A,Annual,PCT,Percent,2010,,,,5.762537266
MFN applied tariffs,TP_A_0030,Trade-weighted MFN applied tariff average - all products,558,NIC,Nicaragua,-,,-,-,-,-,-,A,Annual,A,Annual,PCT,Percent,2023,,,,5.897848406
MFN applied tariffs,TP_A_0030,Trade-weighted MFN applied tariff average - all products,558,NIC,Nicaragua,-,,-,-,-,-,-,A,Annual,A,Annual,PCT,Percent,2024,,,,6.48351009
MFN applied tariffs,TP_A_0030,Trade-weighted MFN applied tariff average - all products,558,NIC,Nicaragua,-,,-,-,-,-,-,A,Annual,A,Annual,PCT,Percent,2017,,,,6.155715028
MFN applied tariffs,TP_A_0030,Trade-weighted MFN applied tariff average - all products,558,NIC,Nicaragua,-,,-,-,-,-,-,A,Annual,A,Annual,PCT,Percent,2018,,,,6.037388393
MFN applied tariffs,TP_A_0030,Trade-weighted MFN applied tariff average - all products,558,NIC,Nicaragua,-,,-,-,-,-,-,A,Annual,A,Annual,PCT,Percent,2019,,,,5.801000143
MFN applied tariffs,TP_A_0030,Trade-weighted MFN applied tariff average - all products,558,NIC,Nicaragua,-,,-,-,-,-,-,A,Annual,A,Annual,PCT,Percent,2020,,,,6.096327655
MFN applied tariffs,TP_A_0030,Trade-weighted MFN applied tariff average - all products,558,NIC,Nicaragua,-,,-,-,-,-,-,A,Annual,A,Annual,PCT,Percent,2021,,,,6.802957658
MFN applied tariffs,TP_A_0030,Trade-weighted MFN applied tariff average - all products,558,NIC,Nicaragua,-,,-,-,-,-,-,A,Annual,A,Annual,PCT,Percent,2022,,,,6.319900038
MFN applied tariffs,TP_A_0030,Trade-weighted MFN applied tariff average - all products,558,NIC,Nicaragua,-,,-,-,-,-,-,A,Annual,A,Annual,PCT,Percent,2011,,,,5.356837569
MFN applied tariffs,TP_A_0030,Trade-weighted MFN applied tariff average - all products,558,NIC,Nicaragua,-,,-,-,-,-,-,A,Annual,A,Annual,PCT,Percent,2012,,,,5.452506611
MFN applied tariffs,TP_A_0030,Trade-weighted MFN applied tariff average - all products,558,NIC,Nicaragua,-,,-,-,-,-,-,A,Annual,A,Annual,PCT,Percent,2013,,,,5.443848105
MFN applied tariffs,TP_A_0030,Trade-weighted MFN applied tariff average - all products,558,NIC,Nicaragua,-,,-,-,-,-,-,A,Annual,A,Annual,PCT,Percent,2014,,,,5.587507354
MFN applied tariffs,TP_A_0030,Trade-weighted MFN applied tariff average - all products,558,NIC,Nicaragua,-,,-,-,-,-,-,A,Annual,A,Annual,PCT,Percent,2015,,,,5.671440963
MFN applied tariffs,TP_A_0030,Trade-weighted MFN applied tariff average - all products,558,NIC,Nicaragua,-,,-,-,-,-,-,A,Annual,A,Annual,PCT,Percent,2016,,,,5.961306047
MFN applied tariffs,TP_A_0030,Trade-weighted MFN applied tariff average - all products,562,NER,Niger,-,,-,-,-,-,-,A,Annual,A,Annual,PCT,Percent,2007,,,,11.90007123
MFN applied tariffs,TP_A_0030,Trade-weighted MFN applied tariff average - all products,562,NER,Niger,-,,-,-,-,-,-,A,Annual,A,Annual,PCT,Percent,2008,,,,11.12209701
MFN applied tariffs,TP_A_0030,Trade-weighted MFN applied tariff average - all products,562,NER,Niger,-,,-,-,-,-,-,A,Annual,A,Annual,PCT,Percent,2009,,,,10.21547343
MFN applied tariffs,TP_A_0030,Trade-weighted MFN applied tariff average - all products,562,NER,Niger,-,,-,-,-,-,-,A,Annual,A,Annual,PCT,Percent,2010,,,,10.76332093
MFN applied tariffs,TP_A_0030,Trade-weighted MFN applied tariff average - all products,562,NER,Niger,-,,-,-,-,-,-,A,Annual,A,Annual,PCT,Percent,2024,,,,9.62164204
MFN applied tariffs,TP_A_0030,Trade-weighted MFN applied tariff average - all products,562,NER,Niger,-,,-,-,-,-,-,A,Annual,A,Annual,PCT,Percent,2017,,,,10.94349368
MFN applied tariffs,TP_A_0030,Trade-weighted MFN applied tariff average - all products,562,NER,Niger,-,,-,-,-,-,-,A,Annual,A,Annual,PCT,Percent,2018,,,,11.8907993
MFN applied tariffs,TP_A_0030,Trade-weighted MFN applied tariff average - all products,562,NER,Niger,-,,-,-,-,-,-,A,Annual,A,Annual,PCT,Percent,2019,,,,12.04013705
MFN applied tariffs,TP_A_0030,Trade-weighted MFN applied tariff average - all products,562,NER,Niger,-,,-,-,-,-,-,A,Annual,A,Annual,PCT,Percent,2020,,,,11.1704975
MFN applied tariffs,TP_A_0030,Trade-weighted MFN applied tariff average - all products,562,NER,Niger,-,,-,-,-,-,-,A,Annual,A,Annual,PCT,Percent,2021,,,,11.03530648
MFN applied tariffs,TP_A_0030,Trade-weighted MFN applied tariff average - all products,562,NER,Niger,-,,-,-,-,-,-,A,Annual,A,Annual,PCT,Percent,2023,,,,10.52524214
MFN applied tariffs,TP_A_0030,Trade-weighted MFN applied tariff average - all products,562,NER,Niger,-,,-,-,-,-,-,A,Annual,A,Annual,PCT,Percent,2011,,,,11.09058248
MFN applied tariffs,TP_A_0030,Trade-weighted MFN applied tariff average - all products,562,NER,Niger,-,,-,-,-,-,-,A,Annual,A,Annual,PCT,Percent,2012,,,,10.86040782
MFN applied tariffs,TP_A_0030,Trade-weighted MFN applied tariff average - all products,562,NER,Niger,-,,-,-,-,-,-,A,Annual,A,Annual,PCT,Percent,2013,,,,11.53911097
MFN applied tariffs,TP_A_0030,Trade-weighted MFN applied tariff average - all products,562,NER,Niger,-,,-,-,-,-,-,A,Annual,A,Annual,PCT,Percent,2014,,,,11.88702243
MFN applied tariffs,TP_A_0030,Trade-weighted MFN applied tariff average - all products,562,NER,Niger,-,,-,-,-,-,-,A,Annual,A,Annual,PCT,Percent,2015,,,,11.28513719
MFN applied tariffs,TP_A_0030,Trade-weighted MFN applied tariff average - all products,562,NER,Niger,-,,-,-,-,-,-,A,Annual,A,Annual,PCT,Percent,2016,,,,10.45149136
MFN applied tariffs,TP_A_0030,Trade-weighted MFN applied tariff average - all products,566,NGA,Nigeria,-,,-,-,-,-,-,A,Annual,A,Annual,PCT,Percent,2008,,,,8.897062741
MFN applied tariffs,TP_A_0030,Trade-weighted MFN applied tariff average - all products,566,NGA,Nigeria,-,,-,-,-,-,-,A,Annual,A,Annual,PCT,Percent,2009,,,,10.55404278
MFN applied tariffs,TP_A_0030,Trade-weighted MFN applied tariff average - all products,566,NGA,Nigeria,-,,-,-,-,-,-,A,Annual,A,Annual,PCT,Percent,2010,,,,10.56233509
MFN applied tariffs,TP_A_0030,Trade-weighted MFN applied tariff average - all products,566,NGA,Nigeria,-,,-,-,-,-,-,A,Annual,A,Annual,PCT,Percent,2011,,,,10.16601405
MFN applied tariffs,TP_A_0030,Trade-weighted MFN applied tariff average - all products,566,NGA,Nigeria,-,,-,-,-,-,-,A,Annual,A,Annual,PCT,Percent,2013,,,,10.07160375
MFN applied tariffs,TP_A_0030,Trade-weighted MFN applied tariff average - all products,566,NGA,Nigeria,-,,-,-,-,-,-,A,Annual,A,Annual,PCT,Percent,2014,,,,10.28959709
MFN applied tariffs,TP_A_0030,Trade-weighted MFN applied tariff average - all products,566,NGA,Nigeria,-,,-,-,-,-,-,A,Annual,A,Annual,PCT,Percent,2015,,,,10.65252856
MFN applied tariffs,TP_A_0030,Trade-weighted MFN applied tariff average - all products,566,NGA,Nigeria,-,,-,-,-,-,-,A,Annual,A,Annual,PCT,Percent,2016,,,,8.838120864
MFN applied tariffs,TP_A_0030,Trade-weighted MFN applied tariff average - all products,566,NGA,Nigeria,-,,-,-,-,-,-,A,Annual,A,Annual,PCT,Percent,2019,,,,8.30219278
MFN applied tariffs,TP_A_0030,Trade-weighted MFN applied tariff average - all products,566,NGA,Nigeria,-,,-,-,-,-,-,A,Annual,A,Annual,PCT,Percent,2020,,,,8.180891039
MFN applied tariffs,TP_A_0030,Trade-weighted MFN applied tariff average - all products,566,NGA,Nigeria,-,,-,-,-,-,-,A,Annual,A,Annual,PCT,Percent,2021,,,,8.450041287
MFN applied tariffs,TP_A_0030,Trade-weighted MFN applied tariff average - all products,566,NGA,Nigeria,-,,-,-,-,-,-,A,Annual,A,Annual,PCT,Percent,2022,,,,8.724532407
MFN applied tariffs,TP_A_0030,Trade-weighted MFN applied tariff average - all products,566,NGA,Nigeria,-,,-,-,-,-,-,A,Annual,A,Annual,PCT,Percent,2023,,,,8.700355418
MFN applied tariffs,TP_A_0030,Trade-weighted MFN applied tariff average - all products,566,NGA,Nigeria,-,,-,-,-,-,-,A,Annual,A,Annual,PCT,Percent,2024,,,,10.3275311
MFN applied tariffs,TP_A_0030,Trade-weighted MFN applied tariff average - all products,578,NOR,Norway,-,,-,-,-,-,-,A,Annual,A,Annual,PCT,Percent,2006,,,,2.704283642
MFN applied tariffs,TP_A_0030,Trade-weighted MFN applied tariff average - all products,578,NOR,Norway,-,,-,-,-,-,-,A,Annual,A,Annual,PCT,Percent,2007,,,,2.308343598
MFN applied tariffs,TP_A_0030,Trade-weighted MFN applied tariff average - all products,578,NOR,Norway,-,,-,-,-,-,-,A,Annual,A,Annual,PCT,Percent,2008,,,,2.336646727
MFN applied tariffs,TP_A_0030,Trade-weighted MFN applied tariff average - all products,578,NOR,Norway,-,,-,-,-,-,-,A,Annual,A,Annual,PCT,Percent,2021,,,,2.665912356
MFN applied tariffs,TP_A_0030,Trade-weighted MFN applied tariff average - all products,578,NOR,Norway,-,,-,-,-,-,-,A,Annual,A,Annual,PCT,Percent,2022,,,,2.619886022
MFN applied tariffs,TP_A_0030,Trade-weighted MFN applied tariff average - all products,578,NOR,Norway,-,,-,-,-,-,-,A,Annual,A,Annual,PCT,Percent,2023,,,,2.536926471
MFN applied tariffs,TP_A_0030,Trade-weighted MFN applied tariff average - all products,578,NOR,Norway,-,,-,-,-,-,-,A,Annual,A,Annual,PCT,Percent,2024,,,,2.195148016
MFN applied tariffs,TP_A_0030,Trade-weighted MFN applied tariff average - all products,578,NOR,Norway,-,,-,-,-,-,-,A,Annual,A,Annual,PCT,Percent,2015,,,,3.362069078
MFN applied tariffs,TP_A_0030,Trade-weighted MFN applied tariff average - all products,578,NOR,Norway,-,,-,-,-,-,-,A,Annual,A,Annual,PCT,Percent,2016,,,,2.817006271
MFN applied tariffs,TP_A_0030,Trade-weighted MFN applied tariff average - all products,578,NOR,Norway,-,,-,-,-,-,-,A,Annual,A,Annual,PCT,Percent,2017,,,,2.999610867
MFN applied tariffs,TP_A_0030,Trade-weighted MFN applied tariff average - all products,578,NOR,Norway,-,,-,-,-,-,-,A,Annual,A,Annual,PCT,Percent,2018,,,,2.738532135
MFN applied tariffs,TP_A_0030,Trade-weighted MFN applied tariff average - all products,578,NOR,Norway,-,,-,-,-,-,-,A,Annual,A,Annual,PCT,Percent,2019,,,,3.006804191
MFN applied tariffs,TP_A_0030,Trade-weighted MFN applied tariff average - all products,578,NOR,Norway,-,,-,-,-,-,-,A,Annual,A,Annual,PCT,Percent,2020,,,,2.312429028
MFN applied tariffs,TP_A_0030,Trade-weighted MFN applied tariff average - all products,578,NOR,Norway,-,,-,-,-,-,-,A,Annual,A,Annual,PCT,Percent,2009,,,,2.653995607
MFN applied tariffs,TP_A_0030,Trade-weighted MFN applied tariff average - all products,578,NOR,Norway,-,,-,-,-,-,-,A,Annual,A,Annual,PCT,Percent,2010,,,,3.102876803
MFN applied tariffs,TP_A_0030,Trade-weighted MFN applied tariff average - all products,578,NOR,Norway,-,,-,-,-,-,-,A,Annual,A,Annual,PCT,Percent,2011,,,,2.980043822
MFN applied tariffs,TP_A_0030,Trade-weighted MFN applied tariff average - all products,578,NOR,Norway,-,,-,-,-,-,-,A,Annual,A,Annual,PCT,Percent,2012,,,,2.750287439
MFN applied tariffs,TP_A_0030,Trade-weighted MFN applied tariff average - all products,578,NOR,Norway,-,,-,-,-,-,-,A,Annual,A,Annual,PCT,Percent,2013,,,,3.329215372
MFN applied tariffs,TP_A_0030,Trade-weighted MFN applied tariff average - all products,578,NOR,Norway,-,,-,-,-,-,-,A,Annual,A,Annual,PCT,Percent,2014,,,,3.605693269
MFN applied tariffs,TP_A_0030,Trade-weighted MFN applied tariff average - all products,585,PLW,Palau,-,,-,-,-,-,-,A,Annual,A,Annual,PCT,Percent,2015,,,,4.181115267
MFN applied tariffs,TP_A_0030,Trade-weighted MFN applied tariff average - all products,585,PLW,Palau,-,,-,-,-,-,-,A,Annual,A,Annual,PCT,Percent,2016,,,,6.09748779
MFN applied tariffs,TP_A_0030,Trade-weighted MFN applied tariff average - all products,585,PLW,Palau,-,,-,-,-,-,-,A,Annual,A,Annual,PCT,Percent,2017,,,,5.82057158
MFN applied tariffs,TP_A_0030,Trade-weighted MFN applied tariff average - all products,585,PLW,Palau,-,,-,-,-,-,-,A,Annual,A,Annual,PCT,Percent,2018,,,,6.408259622
MFN applied tariffs,TP_A_0030,Trade-weighted MFN applied tariff average - all products,585,PLW,Palau,-,,-,-,-,-,-,A,Annual,A,Annual,PCT,Percent,2019,,,,6.579832745
MFN applied tariffs,TP_A_0030,Trade-weighted MFN applied tariff average - all products,586,PAK,Pakistan,-,,-,-,-,-,-,A,Annual,A,Annual,PCT,Percent,2006,,,,13.07903148
MFN applied tariffs,TP_A_0030,Trade-weighted MFN applied tariff average - all products,586,PAK,Pakistan,-,,-,-,-,-,-,A,Annual,A,Annual,PCT,Percent,2007,,,,12.81761268
MFN applied tariffs,TP_A_0030,Trade-weighted MFN applied tariff average - all products,586,PAK,Pakistan,-,,-,-,-,-,-,A,Annual,A,Annual,PCT,Percent,2008,,,,10.61924474
MFN applied tariffs,TP_A_0030,Trade-weighted MFN applied tariff average - all products,586,PAK,Pakistan,-,,-,-,-,-,-,A,Annual,A,Annual,PCT,Percent,2023,,,,7.591953821
MFN applied tariffs,TP_A_0030,Trade-weighted MFN applied tariff average - all products,586,PAK,Pakistan,-,,-,-,-,-,-,A,Annual,A,Annual,PCT,Percent,2024,,,,7.294402937
MFN applied tariffs,TP_A_0030,Trade-weighted MFN applied tariff average - all products,586,PAK,Pakistan,-,,-,-,-,-,-,A,Annual,A,Annual,PCT,Percent,2015,,,,9.942694668
MFN applied tariffs,TP_A_0030,Trade-weighted MFN applied tariff average - all products,586,PAK,Pakistan,-,,-,-,-,-,-,A,Annual,A,Annual,PCT,Percent,2016,,,,11.15881676
MFN applied tariffs,TP_A_0030,Trade-weighted MFN applied tariff average - all products,586,PAK,Pakistan,-,,-,-,-,-,-,A,Annual,A,Annual,PCT,Percent,2018,,,,10.93793996
MFN applied tariffs,TP_A_0030,Trade-weighted MFN applied tariff average - all products,586,PAK,Pakistan,-,,-,-,-,-,-,A,Annual,A,Annual,PCT,Percent,2019,,,,9.571883173
MFN applied tariffs,TP_A_0030,Trade-weighted MFN applied tariff average - all products,586,PAK,Pakistan,-,,-,-,-,-,-,A,Annual,A,Annual,PCT,Percent,2021,,,,9.599756763
MFN applied tariffs,TP_A_0030,Trade-weighted MFN applied tariff average - all products,586,PAK,Pakistan,-,,-,-,-,-,-,A,Annual,A,Annual,PCT,Percent,2022,,,,8.721849236
MFN applied tariffs,TP_A_0030,Trade-weighted MFN applied tariff average - all products,586,PAK,Pakistan,-,,-,-,-,-,-,A,Annual,A,Annual,PCT,Percent,2009,,,,9.48705845
MFN applied tariffs,TP_A_0030,Trade-weighted MFN applied tariff average - all products,586,PAK,Pakistan,-,,-,-,-,-,-,A,Annual,A,Annual,PCT,Percent,2010,,,,9.770032278
MFN applied tariffs,TP_A_0030,Trade-weighted MFN applied tariff average - all products,586,PAK,Pakistan,-,,-,-,-,-,-,A,Annual,A,Annual,PCT,Percent,2011,,,,10.14488628
MFN applied tariffs,TP_A_0030,Trade-weighted MFN applied tariff average - all products,586,PAK,Pakistan,-,,-,-,-,-,-,A,Annual,A,Annual,PCT,Percent,2012,,,,9.73446921
MFN applied tariffs,TP_A_0030,Trade-weighted MFN applied tariff average - all products,586,PAK,Pakistan,-,,-,-,-,-,-,A,Annual,A,Annual,PCT,Percent,2013,,,,9.972115233
MFN applied tariffs,TP_A_0030,Trade-weighted MFN applied tariff average - all products,586,PAK,Pakistan,-,,-,-,-,-,-,A,Annual,A,Annual,PCT,Percent,2014,,,,9.24518123
MFN applied tariffs,TP_A_0030,Trade-weighted MFN applied tariff average - all products,591,PAN,Panama,-,,-,-,-,-,-,A,Annual,A,Annual,PCT,Percent,2007,,,,7.342391191
MFN applied tariffs,TP_A_0030,Trade-weighted MFN applied tariff average - all products,591,PAN,Panama,-,,-,-,-,-,-,A,Annual,A,Annual,PCT,Percent,2008,,,,7.48530517
MFN applied tariffs,TP_A_0030,Trade-weighted MFN applied tariff average - all products,591,PAN,Panama,-,,-,-,-,-,-,A,Annual,A,Annual,PCT,Percent,2009,,,,7.304330998
MFN applied tariffs,TP_A_0030,Trade-weighted MFN applied tariff average - all products,591,PAN,Panama,-,,-,-,-,-,-,A,Annual,A,Annual,PCT,Percent,2011,,,,7.862147359
MFN applied tariffs,TP_A_0030,Trade-weighted MFN applied tariff average - all products,591,PAN,Panama,-,,-,-,-,-,-,A,Annual,A,Annual,PCT,Percent,2019,,,,6.369768628
MFN applied tariffs,TP_A_0030,Trade-weighted MFN applied tariff average - all products,591,PAN,Panama,-,,-,-,-,-,-,A,Annual,A,Annual,PCT,Percent,2021,,,,5.991421914
MFN applied tariffs,TP_A_0030,Trade-weighted MFN applied tariff average - all products,591,PAN,Panama,-,,-,-,-,-,-,A,Annual,A,Annual,PCT,Percent,2023,,,,5.737381894
MFN applied tariffs,TP_A_0030,Trade-weighted MFN applied tariff average - all products,591,PAN,Panama,-,,-,-,-,-,-,A,Annual,A,Annual,PCT,Percent,2024,,,,4.880072692
MFN applied tariffs,TP_A_0030,Trade-weighted MFN applied tariff average - all products,591,PAN,Panama,-,,-,-,-,-,-,A,Annual,A,Annual,PCT,Percent,2012,,,,5.841053433
MFN applied tariffs,TP_A_0030,Trade-weighted MFN applied tariff average - all products,591,PAN,Panama,-,,-,-,-,-,-,A,Annual,A,Annual,PCT,Percent,2013,,,,5.449994348
MFN applied tariffs,TP_A_0030,Trade-weighted MFN applied tariff average - all products,591,PAN,Panama,-,,-,-,-,-,-,A,Annual,A,Annual,PCT,Percent,2014,,,,6.079350961
MFN applied tariffs,TP_A_0030,Trade-weighted MFN applied tariff average - all products,591,PAN,Panama,-,,-,-,-,-,-,A,Annual,A,Annual,PCT,Percent,2015,,,,6.279326851
MFN applied tariffs,TP_A_0030,Trade-weighted MFN applied tariff average - all products,591,PAN,Panama,-,,-,-,-,-,-,A,Annual,A,Annual,PCT,Percent,2017,,,,6.38709838
MFN applied tariffs,TP_A_0030,Trade-weighted MFN applied tariff average - all products,591,PAN,Panama,-,,-,-,-,-,-,A,Annual,A,Annual,PCT,Percent,2018,,,,6.386997702
MFN applied tariffs,TP_A_0030,Trade-weighted MFN applied tariff average - all products,598,PNG,Papua New Guinea,-,,-,-,-,-,-,A,Annual,A,Annual,PCT,Percent,2006,,,,1.890603756
MFN applied tariffs,TP_A_0030,Trade-weighted MFN applied tariff average - all products,598,PNG,Papua New Guinea,-,,-,-,-,-,-,A,Annual,A,Annual,PCT,Percent,2013,,,,2.167418967
MFN applied tariffs,TP_A_0030,Trade-weighted MFN applied tariff average - all products,598,PNG,Papua New Guinea,-,,-,-,-,-,-,A,Annual,A,Annual,PCT,Percent,2014,,,,2.279528524
MFN applied tariffs,TP_A_0030,Trade-weighted MFN applied tariff average - all products,598,PNG,Papua New Guinea,-,,-,-,-,-,-,A,Annual,A,Annual,PCT,Percent,2023,,,,2.618367693
MFN applied tariffs,TP_A_0030,Trade-weighted MFN applied tariff average - all products,598,PNG,Papua New Guinea,-,,-,-,-,-,-,A,Annual,A,Annual,PCT,Percent,2024,,,,2.350085574
MFN applied tariffs,TP_A_0030,Trade-weighted MFN applied tariff average - all products,600,PRY,Paraguay,-,,-,-,-,-,-,A,Annual,A,Annual,PCT,Percent,2006,,,,6.464853356
MFN applied tariffs,TP_A_0030,Trade-weighted MFN applied tariff average - all products,600,PRY,Paraguay,-,,-,-,-,-,-,A,Annual,A,Annual,PCT,Percent,2007,,,,7.810592826
MFN applied tariffs,TP_A_0030,Trade-weighted MFN applied tariff average - all products,600,PRY,Paraguay,-,,-,-,-,-,-,A,Annual,A,Annual,PCT,Percent,2008,,,,6.421678414
MFN applied tariffs,TP_A_0030,Trade-weighted MFN applied tariff average - all products,600,PRY,Paraguay,-,,-,-,-,-,-,A,Annual,A,Annual,PCT,Percent,2021,,,,6.364551797
MFN applied tariffs,TP_A_0030,Trade-weighted MFN applied tariff average - all products,600,PRY,Paraguay,-,,-,-,-,-,-,A,Annual,A,Annual,PCT,Percent,2023,,,,5.930003946
MFN applied tariffs,TP_A_0030,Trade-weighted MFN applied tariff average - all products,600,PRY,Paraguay,-,,-,-,-,-,-,A,Annual,A,Annual,PCT,Percent,2024,,,,5.773664768
MFN applied tariffs,TP_A_0030,Trade-weighted MFN applied tariff average - all products,600,PRY,Paraguay,-,,-,-,-,-,-,A,Annual,A,Annual,PCT,Percent,2015,,,,6.527799834
MFN applied tariffs,TP_A_0030,Trade-weighted MFN applied tariff average - all products,600,PRY,Paraguay,-,,-,-,-,-,-,A,Annual,A,Annual,PCT,Percent,2016,,,,6.790700018
MFN applied tariffs,TP_A_0030,Trade-weighted MFN applied tariff average - all products,600,PRY,Paraguay,-,,-,-,-,-,-,A,Annual,A,Annual,PCT,Percent,2017,,,,6.566494826
MFN applied tariffs,TP_A_0030,Trade-weighted MFN applied tariff average - all products,600,PRY,Paraguay,-,,-,-,-,-,-,A,Annual,A,Annual,PCT,Percent,2018,,,,6.96427556
MFN applied tariffs,TP_A_0030,Trade-weighted MFN applied tariff average - all products,600,PRY,Paraguay,-,,-,-,-,-,-,A,Annual,A,Annual,PCT,Percent,2019,,,,6.82017278
MFN applied tariffs,TP_A_0030,Trade-weighted MFN applied tariff average - all products,600,PRY,Paraguay,-,,-,-,-,-,-,A,Annual,A,Annual,PCT,Percent,2020,,,,6.513931761
MFN applied tariffs,TP_A_0030,Trade-weighted MFN applied tariff average - all products,600,PRY,Paraguay,-,,-,-,-,-,-,A,Annual,A,Annual,PCT,Percent,2009,,,,6.34476128
MFN applied tariffs,TP_A_0030,Trade-weighted MFN applied tariff average - all products,600,PRY,Paraguay,-,,-,-,-,-,-,A,Annual,A,Annual,PCT,Percent,2010,,,,6.381235023
MFN applied tariffs,TP_A_0030,Trade-weighted MFN applied tariff average - all products,600,PRY,Paraguay,-,,-,-,-,-,-,A,Annual,A,Annual,PCT,Percent,2011,,,,6.5016679
MFN applied tariffs,TP_A_0030,Trade-weighted MFN applied tariff average - all products,600,PRY,Paraguay,-,,-,-,-,-,-,A,Annual,A,Annual,PCT,Percent,2012,,,,6.605472885
MFN applied tariffs,TP_A_0030,Trade-weighted MFN applied tariff average - all products,600,PRY,Paraguay,-,,-,-,-,-,-,A,Annual,A,Annual,PCT,Percent,2013,,,,6.198937541
MFN applied tariffs,TP_A_0030,Trade-weighted MFN applied tariff average - all products,600,PRY,Paraguay,-,,-,-,-,-,-,A,Annual,A,Annual,PCT,Percent,2014,,,,6.371904021
MFN applied tariffs,TP_A_0030,Trade-weighted MFN applied tariff average - all products,604,PER,Peru,-,,-,-,-,-,-,A,Annual,A,Annual,PCT,Percent,2017,,,,1.86698529
MFN applied tariffs,TP_A_0030,Trade-weighted MFN applied tariff average - all products,604,PER,Peru,-,,-,-,-,-,-,A,Annual,A,Annual,PCT,Percent,2018,,,,1.811515713
MFN applied tariffs,TP_A_0030,Trade-weighted MFN applied tariff average - all products,604,PER,Peru,-,,-,-,-,-,-,A,Annual,A,Annual,PCT,Percent,2019,,,,1.814763808
MFN applied tariffs,TP_A_0030,Trade-weighted MFN applied tariff average - all products,604,PER,Peru,-,,-,-,-,-,-,A,Annual,A,Annual,PCT,Percent,2021,,,,1.932303176
MFN applied tariffs,TP_A_0030,Trade-weighted MFN applied tariff average - all products,604,PER,Peru,-,,-,-,-,-,-,A,Annual,A,Annual,PCT,Percent,2022,,,,1.752999829
MFN applied tariffs,TP_A_0030,Trade-weighted MFN applied tariff average - all products,604,PER,Peru,-,,-,-,-,-,-,A,Annual,A,Annual,PCT,Percent,2023,,,,1.72175228
MFN applied tariffs,TP_A_0030,Trade-weighted MFN applied tariff average - all products,604,PER,Peru,-,,-,-,-,-,-,A,Annual,A,Annual,PCT,Percent,2009,,,,2.604563807
MFN applied tariffs,TP_A_0030,Trade-weighted MFN applied tariff average - all products,604,PER,Peru,-,,-,-,-,-,-,A,Annual,A,Annual,PCT,Percent,2010,,,,2.770311121
MFN applied tariffs,TP_A_0030,Trade-weighted MFN applied tariff average - all products,604,PER,Peru,-,,-,-,-,-,-,A,Annual,A,Annual,PCT,Percent,2011,,,,1.84468937
MFN applied tariffs,TP_A_0030,Trade-weighted MFN applied tariff average - all products,604,PER,Peru,-,,-,-,-,-,-,A,Annual,A,Annual,PCT,Percent,2013,,,,1.73244574
MFN applied tariffs,TP_A_0030,Trade-weighted MFN applied tariff average - all products,604,PER,Peru,-,,-,-,-,-,-,A,Annual,A,Annual,PCT,Percent,2014,,,,1.820773152
MFN applied tariffs,TP_A_0030,Trade-weighted MFN applied tariff average - all products,604,PER,Peru,-,,-,-,-,-,-,A,Annual,A,Annual,PCT,Percent,2015,,,,1.823904775
MFN applied tariffs,TP_A_0030,Trade-weighted MFN applied tariff average - all products,604,PER,Peru,-,,-,-,-,-,-,A,Annual,A,Annual,PCT,Percent,2006,,,,7.121368925
MFN applied tariffs,TP_A_0030,Trade-weighted MFN applied tariff average - all products,604,PER,Peru,-,,-,-,-,-,-,A,Annual,A,Annual,PCT,Percent,2007,,,,6.867600227
MFN applied tariffs,TP_A_0030,Trade-weighted MFN applied tariff average - all products,604,PER,Peru,-,,-,-,-,-,-,A,Annual,A,Annual,PCT,Percent,2008,,,,7.056961383
MFN applied tariffs,TP_A_0030,Trade-weighted MFN applied tariff average - all products,608,PHL,Philippines,-,,-,-,-,-,-,A,Annual,A,Annual,PCT,Percent,2024,,,,6.049457725
MFN applied tariffs,TP_A_0030,Trade-weighted MFN applied tariff average - all products,608,PHL,Philippines,-,,-,-,-,-,-,A,Annual,A,Annual,PCT,Percent,2018,,,,5.703748073
MFN applied tariffs,TP_A_0030,Trade-weighted MFN applied tariff average - all products,608,PHL,Philippines,-,,-,-,-,-,-,A,Annual,A,Annual,PCT,Percent,2019,,,,5.376475904
MFN applied tariffs,TP_A_0030,Trade-weighted MFN applied tariff average - all products,608,PHL,Philippines,-,,-,-,-,-,-,A,Annual,A,Annual,PCT,Percent,2020,,,,5.626179134
MFN applied tariffs,TP_A_0030,Trade-weighted MFN applied tariff average - all products,608,PHL,Philippines,-,,-,-,-,-,-,A,Annual,A,Annual,PCT,Percent,2021,,,,5.320245502
MFN applied tariffs,TP_A_0030,Trade-weighted MFN applied tariff average - all products,608,PHL,Philippines,-,,-,-,-,-,-,A,Annual,A,Annual,PCT,Percent,2022,,,,5.333581201
MFN applied tariffs,TP_A_0030,Trade-weighted MFN applied tariff average - all products,608,PHL,Philippines,-,,-,-,-,-,-,A,Annual,A,Annual,PCT,Percent,2023,,,,5.395870692
MFN applied tariffs,TP_A_0030,Trade-weighted MFN applied tariff average - all products,608,PHL,Philippines,-,,-,-,-,-,-,A,Annual,A,Annual,PCT,Percent,2012,,,,4.546597124
MFN applied tariffs,TP_A_0030,Trade-weighted MFN applied tariff average - all products,608,PHL,Philippines,-,,-,-,-,-,-,A,Annual,A,Annual,PCT,Percent,2013,,,,4.269350268
MFN applied tariffs,TP_A_0030,Trade-weighted MFN applied tariff average - all products,608,PHL,Philippines,-,,-,-,-,-,-,A,Annual,A,Annual,PCT,Percent,2014,,,,4.339731473
MFN applied tariffs,TP_A_0030,Trade-weighted MFN applied tariff average - all products,608,PHL,Philippines,-,,-,-,-,-,-,A,Annual,A,Annual,PCT,Percent,2015,,,,4.750814168
MFN applied tariffs,TP_A_0030,Trade-weighted MFN applied tariff average - all products,608,PHL,Philippines,-,,-,-,-,-,-,A,Annual,A,Annual,PCT,Percent,2016,,,,5.262386428
MFN applied tariffs,TP_A_0030,Trade-weighted MFN applied tariff average - all products,608,PHL,Philippines,-,,-,-,-,-,-,A,Annual,A,Annual,PCT,Percent,2017,,,,5.970651727
MFN applied tariffs,TP_A_0030,Trade-weighted MFN applied tariff average - all products,608,PHL,Philippines,-,,-,-,-,-,-,A,Annual,A,Annual,PCT,Percent,2006,,,,3.652134825
MFN applied tariffs,TP_A_0030,Trade-weighted MFN applied tariff average - all products,608,PHL,Philippines,-,,-,-,-,-,-,A,Annual,A,Annual,PCT,Percent,2007,,,,4.168551056
MFN applied tariffs,TP_A_0030,Trade-weighted MFN applied tariff average - all products,608,PHL,Philippines,-,,-,-,-,-,-,A,Annual,A,Annual,PCT,Percent,2008,,,,4.475845455
MFN applied tariffs,TP_A_0030,Trade-weighted MFN applied tariff average - all products,608,PHL,Philippines,-,,-,-,-,-,-,A,Annual,A,Annual,PCT,Percent,2009,,,,5.89042261
MFN applied tariffs,TP_A_0030,Trade-weighted MFN applied tariff average - all products,608,PHL,Philippines,-,,-,-,-,-,-,A,Annual,A,Annual,PCT,Percent,2010,,,,5.114157133
MFN applied tariffs,TP_A_0030,Trade-weighted MFN applied tariff average - all products,608,PHL,Philippines,-,,-,-,-,-,-,A,Annual,A,Annual,PCT,Percent,2011,,,,5.62350815
MFN applied tariffs,TP_A_0030,Trade-weighted MFN applied tariff average - all products,624,GNB,Guinea-Bissau,-,,-,-,-,-,-,A,Annual,A,Annual,PCT,Percent,2009,,,,13.53487702
MFN applied tariffs,TP_A_0030,Trade-weighted MFN applied tariff average - all products,624,GNB,Guinea-Bissau,-,,-,-,-,-,-,A,Annual,A,Annual,PCT,Percent,2010,,,,13.53487702
MFN applied tariffs,TP_A_0030,Trade-weighted MFN applied tariff average - all products,626,TLS,Timor-Leste,-,,-,-,-,-,-,A,Annual,A,Annual,PCT,Percent,2014,,,,2.5
MFN applied tariffs,TP_A_0030,Trade-weighted MFN applied tariff average - all products,626,TLS,Timor-Leste,-,,-,-,-,-,-,A,Annual,A,Annual,PCT,Percent,2015,,,,2.5
MFN applied tariffs,TP_A_0030,Trade-weighted MFN applied tariff average - all products,626,TLS,Timor-Leste,-,,-,-,-,-,-,A,Annual,A,Annual,PCT,Percent,2023,,,,2.558664954
MFN applied tariffs,TP_A_0030,Trade-weighted MFN applied tariff average - all products,634,QAT,Qatar,-,,-,-,-,-,-,A,Annual,A,Annual,PCT,Percent,2019,,,,4.267468897
MFN applied tariffs,TP_A_0030,Trade-weighted MFN applied tariff average - all products,634,QAT,Qatar,-,,-,-,-,-,-,A,Annual,A,Annual,PCT,Percent,2020,,,,4.311329177
MFN applied tariffs,TP_A_0030,Trade-weighted MFN applied tariff average - all products,634,QAT,Qatar,-,,-,-,-,-,-,A,Annual,A,Annual,PCT,Percent,2021,,,,4.161052944
MFN applied tariffs,TP_A_0030,Trade-weighted MFN applied tariff average - all products,634,QAT,Qatar,-,,-,-,-,-,-,A,Annual,A,Annual,PCT,Percent,2023,,,,4.196455174
MFN applied tariffs,TP_A_0030,Trade-weighted MFN applied tariff average - all products,634,QAT,Qatar,-,,-,-,-,-,-,A,Annual,A,Annual,PCT,Percent,2024,,,,4.119842868
MFN applied tariffs,TP_A_0030,Trade-weighted MFN applied tariff average - all products,634,QAT,Qatar,-,,-,-,-,-,-,A,Annual,A,Annual,PCT,Percent,2013,,,,4.594701504
MFN applied tariffs,TP_A_0030,Trade-weighted MFN applied tariff average - all products,634,QAT,Qatar,-,,-,-,-,-,-,A,Annual,A,Annual,PCT,Percent,2014,,,,4.465480518
MFN applied tariffs,TP_A_0030,Trade-weighted MFN applied tariff average - all products,634,QAT,Qatar,-,,-,-,-,-,-,A,Annual,A,Annual,PCT,Percent,2015,,,,4.399887414
MFN applied tariffs,TP_A_0030,Trade-weighted MFN applied tariff average - all products,634,QAT,Qatar,-,,-,-,-,-,-,A,Annual,A,Annual,PCT,Percent,2016,,,,4.637593833
MFN applied tariffs,TP_A_0030,Trade-weighted MFN applied tariff average - all products,634,QAT,Qatar,-,,-,-,-,-,-,A,Annual,A,Annual,PCT,Percent,2017,,,,4.520854581
MFN applied tariffs,TP_A_0030,Trade-weighted MFN applied tariff average - all products,634,QAT,Qatar,-,,-,-,-,-,-,A,Annual,A,Annual,PCT,Percent,2018,,,,4.658158387
MFN applied tariffs,TP_A_0030,Trade-weighted MFN applied tariff average - all products,634,QAT,Qatar,-,,-,-,-,-,-,A,Annual,A,Annual,PCT,Percent,2006,,,,5.404865951
MFN applied tariffs,TP_A_0030,Trade-weighted MFN applied tariff average - all products,634,QAT,Qatar,-,,-,-,-,-,-,A,Annual,A,Annual,PCT,Percent,2007,,,,4.692741034
MFN applied tariffs,TP_A_0030,Trade-weighted MFN applied tariff average - all products,634,QAT,Qatar,-,,-,-,-,-,-,A,Annual,A,Annual,PCT,Percent,2008,,,,5.082944805
MFN applied tariffs,TP_A_0030,Trade-weighted MFN applied tariff average - all products,634,QAT,Qatar,-,,-,-,-,-,-,A,Annual,A,Annual,PCT,Percent,2009,,,,5.200419004
MFN applied tariffs,TP_A_0030,Trade-weighted MFN applied tariff average - all products,634,QAT,Qatar,-,,-,-,-,-,-,A,Annual,A,Annual,PCT,Percent,2011,,,,5.135466041
MFN applied tariffs,TP_A_0030,Trade-weighted MFN applied tariff average - all products,634,QAT,Qatar,-,,-,-,-,-,-,A,Annual,A,Annual,PCT,Percent,2012,,,,4.830774588
MFN applied tariffs,TP_A_0030,Trade-weighted MFN applied tariff average - all products,642,ROM,Romania,-,,-,-,-,-,-,A,Annual,A,Annual,PCT,Percent,2005,,,,13.44337551
MFN applied tariffs,TP_A_0030,Trade-weighted MFN applied tariff average - all products,643,RUS,Russian Federation,-,,-,-,-,-,-,A,Annual,A,Annual,PCT,Percent,2018,,,,5.572627547
MFN applied tariffs,TP_A_0030,Trade-weighted MFN applied tariff average - all products,643,RUS,Russian Federation,-,,-,-,-,-,-,A,Annual,A,Annual,PCT,Percent,2019,,,,5.464509214
MFN applied tariffs,TP_A_0030,Trade-weighted MFN applied tariff average - all products,643,RUS,Russian Federation,-,,-,-,-,-,-,A,Annual,A,Annual,PCT,Percent,2020,,,,5.451365321
MFN applied tariffs,TP_A_0030,Trade-weighted MFN applied tariff average - all products,643,RUS,Russian Federation,-,,-,-,-,-,-,A,Annual,A,Annual,PCT,Percent,2021,,,,5.268648042
MFN applied tariffs,TP_A_0030,Trade-weighted MFN applied tariff average - all products,643,RUS,Russian Federation,-,,-,-,-,-,-,A,Annual,A,Annual,PCT,Percent,2022,,,,5.336082986
MFN applied tariffs,TP_A_0030,Trade-weighted MFN applied tariff average - all products,643,RUS,Russian Federation,-,,-,-,-,-,-,A,Annual,A,Annual,PCT,Percent,2023,,,,5.278098559
MFN applied tariffs,TP_A_0030,Trade-weighted MFN applied tariff average - all products,643,RUS,Russian Federation,-,,-,-,-,-,-,A,Annual,A,Annual,PCT,Percent,2012,,,,9.881697442
MFN applied tariffs,TP_A_0030,Trade-weighted MFN applied tariff average - all products,643,RUS,Russian Federation,-,,-,-,-,-,-,A,Annual,A,Annual,PCT,Percent,2013,,,,9.067288541
MFN applied tariffs,TP_A_0030,Trade-weighted MFN applied tariff average - all products,643,RUS,Russian Federation,-,,-,-,-,-,-,A,Annual,A,Annual,PCT,Percent,2014,,,,9.099782413
MFN applied tariffs,TP_A_0030,Trade-weighted MFN applied tariff average - all products,643,RUS,Russian Federation,-,,-,-,-,-,-,A,Annual,A,Annual,PCT,Percent,2015,,,,8.105827842
MFN applied tariffs,TP_A_0030,Trade-weighted MFN applied tariff average - all products,643,RUS,Russian Federation,-,,-,-,-,-,-,A,Annual,A,Annual,PCT,Percent,2016,,,,5.913778673
MFN applied tariffs,TP_A_0030,Trade-weighted MFN applied tariff average - all products,643,RUS,Russian Federation,-,,-,-,-,-,-,A,Annual,A,Annual,PCT,Percent,2017,,,,5.653445475
MFN applied tariffs,TP_A_0030,Trade-weighted MFN applied tariff average - all products,643,RUS,Russian Federation,-,,-,-,-,-,-,A,Annual,A,Annual,PCT,Percent,2005,,,,12.90433663
MFN applied tariffs,TP_A_0030,Trade-weighted MFN applied tariff average - all products,643,RUS,Russian Federation,-,,-,-,-,-,-,A,Annual,A,Annual,PCT,Percent,2007,,,,11.8077204
MFN applied tariffs,TP_A_0030,Trade-weighted MFN applied tariff average - all products,643,RUS,Russian Federation,-,,-,-,-,-,-,A,Annual,A,Annual,PCT,Percent,2008,,,,11.43509269
MFN applied tariffs,TP_A_0030,Trade-weighted MFN applied tariff average - all products,643,RUS,Russian Federation,-,,-,-,-,-,-,A,Annual,A,Annual,PCT,Percent,2009,,,,10.26479839
MFN applied tariffs,TP_A_0030,Trade-weighted MFN applied tariff average - all products,643,RUS,Russian Federation,-,,-,-,-,-,-,A,Annual,A,Annual,PCT,Percent,2010,,,,9.951318979
MFN applied tariffs,TP_A_0030,Trade-weighted MFN applied tariff average - all products,643,RUS,Russian Federation,-,,-,-,-,-,-,A,Annual,A,Annual,PCT,Percent,2011,,,,9.472354091
MFN applied tariffs,TP_A_0030,Trade-weighted MFN applied tariff average - all products,646,RWA,Rwanda,-,,-,-,-,-,-,A,Annual,A,Annual,PCT,Percent,2021,,,,17.45183581
MFN applied tariffs,TP_A_0030,Trade-weighted MFN applied tariff average - all products,646,RWA,Rwanda,-,,-,-,-,-,-,A,Annual,A,Annual,PCT,Percent,2022,,,,15.60253327
MFN applied tariffs,TP_A_0030,Trade-weighted MFN applied tariff average - all products,646,RWA,Rwanda,-,,-,-,-,-,-,A,Annual,A,Annual,PCT,Percent,2023,,,,17.42547598
MFN applied tariffs,TP_A_0030,Trade-weighted MFN applied tariff average - all products,646,RWA,Rwanda,-,,-,-,-,-,-,A,Annual,A,Annual,PCT,Percent,2024,,,,14.14261862
MFN applied tariffs,TP_A_0030,Trade-weighted MFN applied tariff average - all products,646,RWA,Rwanda,-,,-,-,-,-,-,A,Annual,A,Annual,PCT,Percent,2014,,,,14.16118922
MFN applied tariffs,TP_A_0030,Trade-weighted MFN applied tariff average - all products,646,RWA,Rwanda,-,,-,-,-,-,-,A,Annual,A,Annual,PCT,Percent,2015,,,,14.90042614
MFN applied tariffs,TP_A_0030,Trade-weighted MFN applied tariff average - all products,646,RWA,Rwanda,-,,-,-,-,-,-,A,Annual,A,Annual,PCT,Percent,2016,,,,16.04775212
MFN applied tariffs,TP_A_0030,Trade-weighted MFN applied tariff average - all products,646,RWA,Rwanda,-,,-,-,-,-,-,A,Annual,A,Annual,PCT,Percent,2017,,,,14.94012753
MFN applied tariffs,TP_A_0030,Trade-weighted MFN applied tariff average - all products,646,RWA,Rwanda,-,,-,-,-,-,-,A,Annual,A,Annual,PCT,Percent,2018,,,,14.35165016
MFN applied tariffs,TP_A_0030,Trade-weighted MFN applied tariff average - all products,646,RWA,Rwanda,-,,-,-,-,-,-,A,Annual,A,Annual,PCT,Percent,2020,,,,13.42177787
MFN applied tariffs,TP_A_0030,Trade-weighted MFN applied tariff average - all products,646,RWA,Rwanda,-,,-,-,-,-,-,A,Annual,A,Annual,PCT,Percent,2008,,,,18.14953257
MFN applied tariffs,TP_A_0030,Trade-weighted MFN applied tariff average - all products,646,RWA,Rwanda,-,,-,-,-,-,-,A,Annual,A,Annual,PCT,Percent,2009,,,,17.82963757
MFN applied tariffs,TP_A_0030,Trade-weighted MFN applied tariff average - all products,646,RWA,Rwanda,-,,-,-,-,-,-,A,Annual,A,Annual,PCT,Percent,2010,,,,11.64760576
MFN applied tariffs,TP_A_0030,Trade-weighted MFN applied tariff average - all products,646,RWA,Rwanda,-,,-,-,-,-,-,A,Annual,A,Annual,PCT,Percent,2011,,,,11.65660285
MFN applied tariffs,TP_A_0030,Trade-weighted MFN applied tariff average - all products,646,RWA,Rwanda,-,,-,-,-,-,-,A,Annual,A,Annual,PCT,Percent,2012,,,,14.28816762
MFN applied tariffs,TP_A_0030,Trade-weighted MFN applied tariff average - all products,646,RWA,Rwanda,-,,-,-,-,-,-,A,Annual,A,Annual,PCT,Percent,2013,,,,14.24416737
MFN applied tariffs,TP_A_0030,Trade-weighted MFN applied tariff average - all products,659,KNA,Saint Kitts and Nevis,-,,-,-,-,-,-,A,Annual,A,Annual,PCT,Percent,2007,,,,13.93404852
MFN applied tariffs,TP_A_0030,Trade-weighted MFN applied tariff average - all products,659,KNA,Saint Kitts and Nevis,-,,-,-,-,-,-,A,Annual,A,Annual,PCT,Percent,2008,,,,14.26188659
MFN applied tariffs,TP_A_0030,Trade-weighted MFN applied tariff average - all products,659,KNA,Saint Kitts and Nevis,-,,-,-,-,-,-,A,Annual,A,Annual,PCT,Percent,2009,,,,15.25601887
MFN applied tariffs,TP_A_0030,Trade-weighted MFN applied tariff average - all products,659,KNA,Saint Kitts and Nevis,-,,-,-,-,-,-,A,Annual,A,Annual,PCT,Percent,2010,,,,15.46303564
MFN applied tariffs,TP_A_0030,Trade-weighted MFN applied tariff average - all products,659,KNA,Saint Kitts and Nevis,-,,-,-,-,-,-,A,Annual,A,Annual,PCT,Percent,2011,,,,14.44366872
MFN applied tariffs,TP_A_0030,Trade-weighted MFN applied tariff average - all products,659,KNA,Saint Kitts and Nevis,-,,-,-,-,-,-,A,Annual,A,Annual,PCT,Percent,2013,,,,14.47834964
MFN applied tariffs,TP_A_0030,Trade-weighted MFN applied tariff average - all products,659,KNA,Saint Kitts and Nevis,-,,-,-,-,-,-,A,Annual,A,Annual,PCT,Percent,2018,,,,15.22539739
MFN applied tariffs,TP_A_0030,Trade-weighted MFN applied tariff average - all products,659,KNA,Saint Kitts and Nevis,-,,-,-,-,-,-,A,Annual,A,Annual,PCT,Percent,2019,,,,15.28173996
MFN applied tariffs,TP_A_0030,Trade-weighted MFN applied tariff average - all products,662,LCA,Saint Lucia,-,,-,-,-,-,-,A,Annual,A,Annual,PCT,Percent,2007,,,,11.5851881
MFN applied tariffs,TP_A_0030,Trade-weighted MFN applied tariff average - all products,662,LCA,Saint Lucia,-,,-,-,-,-,-,A,Annual,A,Annual,PCT,Percent,2015,,,,12.62103699
MFN applied tariffs,TP_A_0030,Trade-weighted MFN applied tariff average - all products,662,LCA,Saint Lucia,-,,-,-,-,-,-,A,Annual,A,Annual,PCT,Percent,2016,,,,11.73282855
MFN applied tariffs,TP_A_0030,Trade-weighted MFN applied tariff average - all products,662,LCA,Saint Lucia,-,,-,-,-,-,-,A,Annual,A,Annual,PCT,Percent,2019,,,,12.23440156
MFN applied tariffs,TP_A_0030,Trade-weighted MFN applied tariff average - all products,662,LCA,Saint Lucia,-,,-,-,-,-,-,A,Annual,A,Annual,PCT,Percent,2020,,,,14.16835549
MFN applied tariffs,TP_A_0030,Trade-weighted MFN applied tariff average - all products,662,LCA,Saint Lucia,-,,-,-,-,-,-,A,Annual,A,Annual,PCT,Percent,2021,,,,12.52845129
MFN applied tariffs,TP_A_0030,Trade-weighted MFN applied tariff average - all products,670,VCT,Saint Vincent and the Grenadines,-,,-,-,-,-,-,A,Annual,A,Annual,PCT,Percent,-,,,,11.95596599
MFN applied tariffs,TP_A_0030,Trade-weighted MFN applied tariff average - all products,670,VCT,Saint Vincent and the Grenadines,-,,-,-,-,-,-,A,Annual,A,Annual,PCT,Percent,2007,,,,11.59171561
MFN applied tariffs,TP_A_0030,Trade-weighted MFN applied tariff average - all products,670,VCT,Saint Vincent and the Grenadines,-,,-,-,-,-,-,A,Annual,A,Annual,PCT,Percent,2011,,,,10.81901424
MFN applied tariffs,TP_A_0030,Trade-weighted MFN applied tariff average - all products,670,VCT,Saint Vincent and the Grenadines,-,,-,-,-,-,-,A,Annual,A,Annual,PCT,Percent,2013,,,,12.43958905
MFN applied tariffs,TP_A_0030,Trade-weighted MFN applied tariff average - all products,670,VCT,Saint Vincent and the Grenadines,-,,-,-,-,-,-,A,Annual,A,Annual,PCT,Percent,2016,,,,12.98000791
MFN applied tariffs,TP_A_0030,Trade-weighted MFN applied tariff average - all products,670,VCT,Saint Vincent and the Grenadines,-,,-,-,-,-,-,A,Annual,A,Annual,PCT,Percent,2017,,,,13.14198125
MFN applied tariffs,TP_A_0030,Trade-weighted MFN applied tariff average - all products,670,VCT,Saint Vincent and the Grenadines,-,,-,-,-,-,-,A,Annual,A,Annual,PCT,Percent,2018,,,,13.83013505
MFN applied tariffs,TP_A_0030,Trade-weighted MFN applied tariff average - all products,670,VCT,Saint Vincent and the Grenadines,-,,-,-,-,-,-,A,Annual,A,Annual,PCT,Percent,2019,,,,13.61349907
MFN applied tariffs,TP_A_0030,Trade-weighted MFN applied tariff average - all products,670,VCT,Saint Vincent and the Grenadines,-,,-,-,-,-,-,A,Annual,A,Annual,PCT,Percent,2020,,,,12.61608718
MFN applied tariffs,TP_A_0030,Trade-weighted MFN applied tariff average - all products,670,VCT,Saint Vincent and the Grenadines,-,,-,-,-,-,-,A,Annual,A,Annual,PCT,Percent,2021,,,,13.57606588
MFN applied tariffs,TP_A_0030,Trade-weighted MFN applied tariff average - all products,670,VCT,Saint Vincent and the Grenadines,-,,-,-,-,-,-,A,Annual,A,Annual,PCT,Percent,2023,,,,13.05504283
MFN applied tariffs,TP_A_0030,Trade-weighted MFN applied tariff average - all products,678,STP,Sao Tom� and Principe,-,,-,-,-,-,-,A,Annual,A,Annual,PCT,Percent,2014,,,,9.076707712
MFN applied tariffs,TP_A_0030,Trade-weighted MFN applied tariff average - all products,678,STP,Sao Tom� and Principe,-,,-,-,-,-,-,A,Annual,A,Annual,PCT,Percent,2015,,,,8.262624788
MFN applied tariffs,TP_A_0030,Trade-weighted MFN applied tariff average - all products,678,STP,Sao Tom� and Principe,-,,-,-,-,-,-,A,Annual,A,Annual,PCT,Percent,2016,,,,9.196257037
MFN applied tariffs,TP_A_0030,Trade-weighted MFN applied tariff average - all products,678,STP,Sao Tom� and Principe,-,,-,-,-,-,-,A,Annual,A,Annual,PCT,Percent,2018,,,,9.582514152
MFN applied tariffs,TP_A_0030,Trade-weighted MFN applied tariff average - all products,678,STP,Sao Tom� and Principe,-,,-,-,-,-,-,A,Annual,A,Annual,PCT,Percent,2019,,,,10.04570429
MFN applied tariffs,TP_A_0030,Trade-weighted MFN applied tariff average - all products,682,SAU,"Saudi Arabia, Kingdom of",-,,-,-,-,-,-,A,Annual,A,Annual,PCT,Percent,2007,,,,5.333731959
MFN applied tariffs,TP_A_0030,Trade-weighted MFN applied tariff average - all products,682,SAU,"Saudi Arabia, Kingdom of",-,,-,-,-,-,-,A,Annual,A,Annual,PCT,Percent,2008,,,,4.631089582
MFN applied tariffs,TP_A_0030,Trade-weighted MFN applied tariff average - all products,682,SAU,"Saudi Arabia, Kingdom of",-,,-,-,-,-,-,A,Annual,A,Annual,PCT,Percent,2017,,,,6.9559594
MFN applied tariffs,TP_A_0030,Trade-weighted MFN applied tariff average - all products,682,SAU,"Saudi Arabia, Kingdom of",-,,-,-,-,-,-,A,Annual,A,Annual,PCT,Percent,2018,,,,4.59818557
MFN applied tariffs,TP_A_0030,Trade-weighted MFN applied tariff average - all products,682,SAU,"Saudi Arabia, Kingdom of",-,,-,-,-,-,-,A,Annual,A,Annual,PCT,Percent,2020,,,,5.118983097
MFN applied tariffs,TP_A_0030,Trade-weighted MFN applied tariff average - all products,682,SAU,"Saudi Arabia, Kingdom of",-,,-,-,-,-,-,A,Annual,A,Annual,PCT,Percent,2021,,,,5.403373352
MFN applied tariffs,TP_A_0030,Trade-weighted MFN applied tariff average - all products,682,SAU,"Saudi Arabia, Kingdom of",-,,-,-,-,-,-,A,Annual,A,Annual,PCT,Percent,2023,,,,6.069527802
MFN applied tariffs,TP_A_0030,Trade-weighted MFN applied tariff average - all products,682,SAU,"Saudi Arabia, Kingdom of",-,,-,-,-,-,-,A,Annual,A,Annual,PCT,Percent,2024,,,,5.64862569
MFN applied tariffs,TP_A_0030,Trade-weighted MFN applied tariff average - all products,682,SAU,"Saudi Arabia, Kingdom of",-,,-,-,-,-,-,A,Annual,A,Annual,PCT,Percent,2009,,,,5.68650291
MFN applied tariffs,TP_A_0030,Trade-weighted MFN applied tariff average - all products,682,SAU,"Saudi Arabia, Kingdom of",-,,-,-,-,-,-,A,Annual,A,Annual,PCT,Percent,2011,,,,5.544561234
MFN applied tariffs,TP_A_0030,Trade-weighted MFN applied tariff average - all products,682,SAU,"Saudi Arabia, Kingdom of",-,,-,-,-,-,-,A,Annual,A,Annual,PCT,Percent,2012,,,,4.726739309
MFN applied tariffs,TP_A_0030,Trade-weighted MFN applied tariff average - all products,682,SAU,"Saudi Arabia, Kingdom of",-,,-,-,-,-,-,A,Annual,A,Annual,PCT,Percent,2013,,,,4.731374414
MFN applied tariffs,TP_A_0030,Trade-weighted MFN applied tariff average - all products,682,SAU,"Saudi Arabia, Kingdom of",-,,-,-,-,-,-,A,Annual,A,Annual,PCT,Percent,2014,,,,4.42395064
MFN applied tariffs,TP_A_0030,Trade-weighted MFN applied tariff average - all products,682,SAU,"Saudi Arabia, Kingdom of",-,,-,-,-,-,-,A,Annual,A,Annual,PCT,Percent,2015,,,,5.4906126
MFN applied tariffs,TP_A_0030,Trade-weighted MFN applied tariff average - all products,686,SEN,Senegal,-,,-,-,-,-,-,A,Annual,A,Annual,PCT,Percent,2024,,,,8.996411967
MFN applied tariffs,TP_A_0030,Trade-weighted MFN applied tariff average - all products,686,SEN,Senegal,-,,-,-,-,-,-,A,Annual,A,Annual,PCT,Percent,2018,,,,9.554245084
MFN applied tariffs,TP_A_0030,Trade-weighted MFN applied tariff average - all products,686,SEN,Senegal,-,,-,-,-,-,-,A,Annual,A,Annual,PCT,Percent,2019,,,,9.303087626
MFN applied tariffs,TP_A_0030,Trade-weighted MFN applied tariff average - all products,686,SEN,Senegal,-,,-,-,-,-,-,A,Annual,A,Annual,PCT,Percent,2020,,,,9.631854963
MFN applied tariffs,TP_A_0030,Trade-weighted MFN applied tariff average - all products,686,SEN,Senegal,-,,-,-,-,-,-,A,Annual,A,Annual,PCT,Percent,2021,,,,9.816770591
MFN applied tariffs,TP_A_0030,Trade-weighted MFN applied tariff average - all products,686,SEN,Senegal,-,,-,-,-,-,-,A,Annual,A,Annual,PCT,Percent,2022,,,,9.405641044
MFN applied tariffs,TP_A_0030,Trade-weighted MFN applied tariff average - all products,686,SEN,Senegal,-,,-,-,-,-,-,A,Annual,A,Annual,PCT,Percent,2023,,,,8.93434149
MFN applied tariffs,TP_A_0030,Trade-weighted MFN applied tariff average - all products,686,SEN,Senegal,-,,-,-,-,-,-,A,Annual,A,Annual,PCT,Percent,2012,,,,9.093928253
MFN applied tariffs,TP_A_0030,Trade-weighted MFN applied tariff average - all products,686,SEN,Senegal,-,,-,-,-,-,-,A,Annual,A,Annual,PCT,Percent,2013,,,,8.662555496
MFN applied tariffs,TP_A_0030,Trade-weighted MFN applied tariff average - all products,686,SEN,Senegal,-,,-,-,-,-,-,A,Annual,A,Annual,PCT,Percent,2014,,,,8.885599325
MFN applied tariffs,TP_A_0030,Trade-weighted MFN applied tariff average - all products,686,SEN,Senegal,-,,-,-,-,-,-,A,Annual,A,Annual,PCT,Percent,2015,,,,9.426673866
MFN applied tariffs,TP_A_0030,Trade-weighted MFN applied tariff average - all products,686,SEN,Senegal,-,,-,-,-,-,-,A,Annual,A,Annual,PCT,Percent,2016,,,,9.206340533
MFN applied tariffs,TP_A_0030,Trade-weighted MFN applied tariff average - all products,686,SEN,Senegal,-,,-,-,-,-,-,A,Annual,A,Annual,PCT,Percent,2017,,,,9.206340533
MFN applied tariffs,TP_A_0030,Trade-weighted MFN applied tariff average - all products,686,SEN,Senegal,-,,-,-,-,-,-,A,Annual,A,Annual,PCT,Percent,2006,,,,9.13449812
MFN applied tariffs,TP_A_0030,Trade-weighted MFN applied tariff average - all products,686,SEN,Senegal,-,,-,-,-,-,-,A,Annual,A,Annual,PCT,Percent,2007,,,,9.790448572
MFN applied tariffs,TP_A_0030,Trade-weighted MFN applied tariff average - all products,686,SEN,Senegal,-,,-,-,-,-,-,A,Annual,A,Annual,PCT,Percent,2008,,,,9.475263072
MFN applied tariffs,TP_A_0030,Trade-weighted MFN applied tariff average - all products,686,SEN,Senegal,-,,-,-,-,-,-,A,Annual,A,Annual,PCT,Percent,2009,,,,8.877594755
MFN applied tariffs,TP_A_0030,Trade-weighted MFN applied tariff average - all products,686,SEN,Senegal,-,,-,-,-,-,-,A,Annual,A,Annual,PCT,Percent,2010,,,,9.455287265
MFN applied tariffs,TP_A_0030,Trade-weighted MFN applied tariff average - all products,686,SEN,Senegal,-,,-,-,-,-,-,A,Annual,A,Annual,PCT,Percent,2011,,,,9.20464397
MFN applied tariffs,TP_A_0030,Trade-weighted MFN applied tariff average - all products,690,SYC,Seychelles,-,,-,-,-,-,-,A,Annual,A,Annual,PCT,Percent,2024,,,,4.395193151
MFN applied tariffs,TP_A_0030,Trade-weighted MFN applied tariff average - all products,690,SYC,Seychelles,-,,-,-,-,-,-,A,Annual,A,Annual,PCT,Percent,-,,,,21.8275133
MFN applied tariffs,TP_A_0030,Trade-weighted MFN applied tariff average - all products,690,SYC,Seychelles,-,,-,-,-,-,-,A,Annual,A,Annual,PCT,Percent,2007,,,,33.22060229
MFN applied tariffs,TP_A_0030,Trade-weighted MFN applied tariff average - all products,690,SYC,Seychelles,-,,-,-,-,-,-,A,Annual,A,Annual,PCT,Percent,2010,,,,23.01970648
MFN applied tariffs,TP_A_0030,Trade-weighted MFN applied tariff average - all products,690,SYC,Seychelles,-,,-,-,-,-,-,A,Annual,A,Annual,PCT,Percent,2016,,,,2.981918031
MFN applied tariffs,TP_A_0030,Trade-weighted MFN applied tariff average - all products,690,SYC,Seychelles,-,,-,-,-,-,-,A,Annual,A,Annual,PCT,Percent,2017,,,,2.974539722
MFN applied tariffs,TP_A_0030,Trade-weighted MFN applied tariff average - all products,690,SYC,Seychelles,-,,-,-,-,-,-,A,Annual,A,Annual,PCT,Percent,2018,,,,4.524165345
MFN applied tariffs,TP_A_0030,Trade-weighted MFN applied tariff average - all products,690,SYC,Seychelles,-,,-,-,-,-,-,A,Annual,A,Annual,PCT,Percent,2019,,,,5.510225941
MFN applied tariffs,TP_A_0030,Trade-weighted MFN applied tariff average - all products,690,SYC,Seychelles,-,,-,-,-,-,-,A,Annual,A,Annual,PCT,Percent,2020,,,,4.366548881
MFN applied tariffs,TP_A_0030,Trade-weighted MFN applied tariff average - all products,690,SYC,Seychelles,-,,-,-,-,-,-,A,Annual,A,Annual,PCT,Percent,2021,,,,4.722385542
MFN applied tariffs,TP_A_0030,Trade-weighted MFN applied tariff average - all products,690,SYC,Seychelles,-,,-,-,-,-,-,A,Annual,A,Annual,PCT,Percent,2022,,,,4.850917718
MFN applied tariffs,TP_A_0030,Trade-weighted MFN applied tariff average - all products,690,SYC,Seychelles,-,,-,-,-,-,-,A,Annual,A,Annual,PCT,Percent,2023,,,,2.440249032
MFN applied tariffs,TP_A_0030,Trade-weighted MFN applied tariff average - all products,694,SLE,Sierra Leone,-,,-,-,-,-,-,A,Annual,A,Annual,PCT,Percent,2019,,,,12.74100771
MFN applied tariffs,TP_A_0030,Trade-weighted MFN applied tariff average - all products,694,SLE,Sierra Leone,-,,-,-,-,-,-,A,Annual,A,Annual,PCT,Percent,2020,,,,13.15764755
MFN applied tariffs,TP_A_0030,Trade-weighted MFN applied tariff average - all products,702,SGP,Singapore,-,,-,-,-,-,-,A,Annual,A,Annual,PCT,Percent,2006,,,,0.0334262415159638
MFN applied tariffs,TP_A_0030,Trade-weighted MFN applied tariff average - all products,702,SGP,Singapore,-,,-,-,-,-,-,A,Annual,A,Annual,PCT,Percent,2007,,,,0.0275653664053612
MFN applied tariffs,TP_A_0030,Trade-weighted MFN applied tariff average - all products,702,SGP,Singapore,-,,-,-,-,-,-,A,Annual,A,Annual,PCT,Percent,2008,,,,0.02734586247886
MFN applied tariffs,TP_A_0030,Trade-weighted MFN applied tariff average - all products,702,SGP,Singapore,-,,-,-,-,-,-,A,Annual,A,Annual,PCT,Percent,2020,,,,0.0321459133296069
MFN applied tariffs,TP_A_0030,Trade-weighted MFN applied tariff average - all products,702,SGP,Singapore,-,,-,-,-,-,-,A,Annual,A,Annual,PCT,Percent,2021,,,,0.0289117460756199
MFN applied tariffs,TP_A_0030,Trade-weighted MFN applied tariff average - all products,702,SGP,Singapore,-,,-,-,-,-,-,A,Annual,A,Annual,PCT,Percent,2022,,,,0.019578790106905
MFN applied tariffs,TP_A_0030,Trade-weighted MFN applied tariff average - all products,702,SGP,Singapore,-,,-,-,-,-,-,A,Annual,A,Annual,PCT,Percent,2023,,,,0.0205675373958956
MFN applied tariffs,TP_A_0030,Trade-weighted MFN applied tariff average - all products,702,SGP,Singapore,-,,-,-,-,-,-,A,Annual,A,Annual,PCT,Percent,2024,,,,0.0207607940519855
MFN applied tariffs,TP_A_0030,Trade-weighted MFN applied tariff average - all products,702,SGP,Singapore,-,,-,-,-,-,-,A,Annual,A,Annual,PCT,Percent,2015,,,,0.411825117131944
MFN applied tariffs,TP_A_0030,Trade-weighted MFN applied tariff average - all products,702,SGP,Singapore,-,,-,-,-,-,-,A,Annual,A,Annual,PCT,Percent,2016,,,,0.484976981561478
MFN applied tariffs,TP_A_0030,Trade-weighted MFN applied tariff average - all products,702,SGP,Singapore,-,,-,-,-,-,-,A,Annual,A,Annual,PCT,Percent,2017,,,,0.037278185830136
MFN applied tariffs,TP_A_0030,Trade-weighted MFN applied tariff average - all products,702,SGP,Singapore,-,,-,-,-,-,-,A,Annual,A,Annual,PCT,Percent,2018,,,,0.0331829480185031
MFN applied tariffs,TP_A_0030,Trade-weighted MFN applied tariff average - all products,702,SGP,Singapore,-,,-,-,-,-,-,A,Annual,A,Annual,PCT,Percent,2019,,,,0.0299772602654977
MFN applied tariffs,TP_A_0030,Trade-weighted MFN applied tariff average - all products,702,SGP,Singapore,-,,-,-,-,-,-,A,Annual,A,Annual,PCT,Percent,2009,,,,0.0481048898656018
MFN applied tariffs,TP_A_0030,Trade-weighted MFN applied tariff average - all products,702,SGP,Singapore,-,,-,-,-,-,-,A,Annual,A,Annual,PCT,Percent,2010,,,,0.0400795481975975
MFN applied tariffs,TP_A_0030,Trade-weighted MFN applied tariff average - all products,702,SGP,Singapore,-,,-,-,-,-,-,A,Annual,A,Annual,PCT,Percent,2011,,,,0.0347404037937014
MFN applied tariffs,TP_A_0030,Trade-weighted MFN applied tariff average - all products,702,SGP,Singapore,-,,-,-,-,-,-,A,Annual,A,Annual,PCT,Percent,2012,,,,0.3657152978065
MFN applied tariffs,TP_A_0030,Trade-weighted MFN applied tariff average - all products,702,SGP,Singapore,-,,-,-,-,-,-,A,Annual,A,Annual,PCT,Percent,2013,,,,0.390860491086958
MFN applied tariffs,TP_A_0030,Trade-weighted MFN applied tariff average - all products,702,SGP,Singapore,-,,-,-,-,-,-,A,Annual,A,Annual,PCT,Percent,2014,,,,0.54563543511015
MFN applied tariffs,TP_A_0030,Trade-weighted MFN applied tariff average - all products,704,VNM,Viet Nam,-,,-,-,-,-,-,A,Annual,A,Annual,PCT,Percent,2007,,,,11.70931927
MFN applied tariffs,TP_A_0030,Trade-weighted MFN applied tariff average - all products,704,VNM,Viet Nam,-,,-,-,-,-,-,A,Annual,A,Annual,PCT,Percent,2022,,,,5.090455591
MFN applied tariffs,TP_A_0030,Trade-weighted MFN applied tariff average - all products,704,VNM,Viet Nam,-,,-,-,-,-,-,A,Annual,A,Annual,PCT,Percent,2023,,,,5.060544844
MFN applied tariffs,TP_A_0030,Trade-weighted MFN applied tariff average - all products,704,VNM,Viet Nam,-,,-,-,-,-,-,A,Annual,A,Annual,PCT,Percent,2024,,,,5.086490925
MFN applied tariffs,TP_A_0030,Trade-weighted MFN applied tariff average - all products,704,VNM,Viet Nam,-,,-,-,-,-,-,A,Annual,A,Annual,PCT,Percent,2016,,,,5.655599332
MFN applied tariffs,TP_A_0030,Trade-weighted MFN applied tariff average - all products,704,VNM,Viet Nam,-,,-,-,-,-,-,A,Annual,A,Annual,PCT,Percent,2017,,,,5.635853911
MFN applied tariffs,TP_A_0030,Trade-weighted MFN applied tariff average - all products,704,VNM,Viet Nam,-,,-,-,-,-,-,A,Annual,A,Annual,PCT,Percent,2018,,,,5.24360572
MFN applied tariffs,TP_A_0030,Trade-weighted MFN applied tariff average - all products,704,VNM,Viet Nam,-,,-,-,-,-,-,A,Annual,A,Annual,PCT,Percent,2019,,,,5.534367145
MFN applied tariffs,TP_A_0030,Trade-weighted MFN applied tariff average - all products,704,VNM,Viet Nam,-,,-,-,-,-,-,A,Annual,A,Annual,PCT,Percent,2020,,,,5.59147536
MFN applied tariffs,TP_A_0030,Trade-weighted MFN applied tariff average - all products,704,VNM,Viet Nam,-,,-,-,-,-,-,A,Annual,A,Annual,PCT,Percent,2021,,,,5.327818536
MFN applied tariffs,TP_A_0030,Trade-weighted MFN applied tariff average - all products,704,VNM,Viet Nam,-,,-,-,-,-,-,A,Annual,A,Annual,PCT,Percent,2009,,,,6.530036076
MFN applied tariffs,TP_A_0030,Trade-weighted MFN applied tariff average - all products,704,VNM,Viet Nam,-,,-,-,-,-,-,A,Annual,A,Annual,PCT,Percent,2010,,,,6.801757617
MFN applied tariffs,TP_A_0030,Trade-weighted MFN applied tariff average - all products,704,VNM,Viet Nam,-,,-,-,-,-,-,A,Annual,A,Annual,PCT,Percent,2012,,,,5.909976271
MFN applied tariffs,TP_A_0030,Trade-weighted MFN applied tariff average - all products,704,VNM,Viet Nam,-,,-,-,-,-,-,A,Annual,A,Annual,PCT,Percent,2013,,,,5.38034718
MFN applied tariffs,TP_A_0030,Trade-weighted MFN applied tariff average - all products,704,VNM,Viet Nam,-,,-,-,-,-,-,A,Annual,A,Annual,PCT,Percent,2014,,,,5.141627131
MFN applied tariffs,TP_A_0030,Trade-weighted MFN applied tariff average - all products,704,VNM,Viet Nam,-,,-,-,-,-,-,A,Annual,A,Annual,PCT,Percent,2015,,,,5.759582475
MFN applied tariffs,TP_A_0030,Trade-weighted MFN applied tariff average - all products,710,ZAF,South Africa,-,,-,-,-,-,-,A,Annual,A,Annual,PCT,Percent,2006,,,,6.087250365
MFN applied tariffs,TP_A_0030,Trade-weighted MFN applied tariff average - all products,710,ZAF,South Africa,-,,-,-,-,-,-,A,Annual,A,Annual,PCT,Percent,2007,,,,6.444183003
MFN applied tariffs,TP_A_0030,Trade-weighted MFN applied tariff average - all products,710,ZAF,South Africa,-,,-,-,-,-,-,A,Annual,A,Annual,PCT,Percent,2008,,,,6.394478031
MFN applied tariffs,TP_A_0030,Trade-weighted MFN applied tariff average - all products,710,ZAF,South Africa,-,,-,-,-,-,-,A,Annual,A,Annual,PCT,Percent,2021,,,,6.257763736
MFN applied tariffs,TP_A_0030,Trade-weighted MFN applied tariff average - all products,710,ZAF,South Africa,-,,-,-,-,-,-,A,Annual,A,Annual,PCT,Percent,2022,,,,6.294118746
MFN applied tariffs,TP_A_0030,Trade-weighted MFN applied tariff average - all products,710,ZAF,South Africa,-,,-,-,-,-,-,A,Annual,A,Annual,PCT,Percent,2023,,,,5.764545585
MFN applied tariffs,TP_A_0030,Trade-weighted MFN applied tariff average - all products,710,ZAF,South Africa,-,,-,-,-,-,-,A,Annual,A,Annual,PCT,Percent,2024,,,,5.59298571
MFN applied tariffs,TP_A_0030,Trade-weighted MFN applied tariff average - all products,710,ZAF,South Africa,-,,-,-,-,-,-,A,Annual,A,Annual,PCT,Percent,2015,,,,5.679599468
MFN applied tariffs,TP_A_0030,Trade-weighted MFN applied tariff average - all products,710,ZAF,South Africa,-,,-,-,-,-,-,A,Annual,A,Annual,PCT,Percent,2016,,,,6.254147991
MFN applied tariffs,TP_A_0030,Trade-weighted MFN applied tariff average - all products,710,ZAF,South Africa,-,,-,-,-,-,-,A,Annual,A,Annual,PCT,Percent,2017,,,,6.580806881
MFN applied tariffs,TP_A_0030,Trade-weighted MFN applied tariff average - all products,710,ZAF,South Africa,-,,-,-,-,-,-,A,Annual,A,Annual,PCT,Percent,2018,,,,6.521416416
MFN applied tariffs,TP_A_0030,Trade-weighted MFN applied tariff average - all products,710,ZAF,South Africa,-,,-,-,-,-,-,A,Annual,A,Annual,PCT,Percent,2019,,,,6.239145901
MFN applied tariffs,TP_A_0030,Trade-weighted MFN applied tariff average - all products,710,ZAF,South Africa,-,,-,-,-,-,-,A,Annual,A,Annual,PCT,Percent,2020,,,,6.415755787
MFN applied tariffs,TP_A_0030,Trade-weighted MFN applied tariff average - all products,710,ZAF,South Africa,-,,-,-,-,-,-,A,Annual,A,Annual,PCT,Percent,2009,,,,4.960348718
MFN applied tariffs,TP_A_0030,Trade-weighted MFN applied tariff average - all products,710,ZAF,South Africa,-,,-,-,-,-,-,A,Annual,A,Annual,PCT,Percent,2010,,,,5.657294944
MFN applied tariffs,TP_A_0030,Trade-weighted MFN applied tariff average - all products,710,ZAF,South Africa,-,,-,-,-,-,-,A,Annual,A,Annual,PCT,Percent,2011,,,,5.890060667
MFN applied tariffs,TP_A_0030,Trade-weighted MFN applied tariff average - all products,710,ZAF,South Africa,-,,-,-,-,-,-,A,Annual,A,Annual,PCT,Percent,2012,,,,5.90286289
MFN applied tariffs,TP_A_0030,Trade-weighted MFN applied tariff average - all products,710,ZAF,South Africa,-,,-,-,-,-,-,A,Annual,A,Annual,PCT,Percent,2013,,,,5.623528793
MFN applied tariffs,TP_A_0030,Trade-weighted MFN applied tariff average - all products,710,ZAF,South Africa,-,,-,-,-,-,-,A,Annual,A,Annual,PCT,Percent,2014,,,,5.746501021
MFN applied tariffs,TP_A_0030,Trade-weighted MFN applied tariff average - all products,716,ZWE,Zimbabwe,-,,-,-,-,-,-,A,Annual,A,Annual,PCT,Percent,2007,,,,12.44053379
MFN applied tariffs,TP_A_0030,Trade-weighted MFN applied tariff average - all products,716,ZWE,Zimbabwe,-,,-,-,-,-,-,A,Annual,A,Annual,PCT,Percent,2008,,,,17.11185763
MFN applied tariffs,TP_A_0030,Trade-weighted MFN applied tariff average - all products,716,ZWE,Zimbabwe,-,,-,-,-,-,-,A,Annual,A,Annual,PCT,Percent,2017,,,,16.80532292
MFN applied tariffs,TP_A_0030,Trade-weighted MFN applied tariff average - all products,716,ZWE,Zimbabwe,-,,-,-,-,-,-,A,Annual,A,Annual,PCT,Percent,2020,,,,67.71516082
MFN applied tariffs,TP_A_0030,Trade-weighted MFN applied tariff average - all products,716,ZWE,Zimbabwe,-,,-,-,-,-,-,A,Annual,A,Annual,PCT,Percent,2021,,,,14.83167181
MFN applied tariffs,TP_A_0030,Trade-weighted MFN applied tariff average - all products,716,ZWE,Zimbabwe,-,,-,-,-,-,-,A,Annual,A,Annual,PCT,Percent,2010,,,,17.07274783
MFN applied tariffs,TP_A_0030,Trade-weighted MFN applied tariff average - all products,716,ZWE,Zimbabwe,-,,-,-,-,-,-,A,Annual,A,Annual,PCT,Percent,2011,,,,15.37048304
MFN applied tariffs,TP_A_0030,Trade-weighted MFN applied tariff average - all products,716,ZWE,Zimbabwe,-,,-,-,-,-,-,A,Annual,A,Annual,PCT,Percent,2012,,,,14.94296728
MFN applied tariffs,TP_A_0030,Trade-weighted MFN applied tariff average - all products,716,ZWE,Zimbabwe,-,,-,-,-,-,-,A,Annual,A,Annual,PCT,Percent,2014,,,,13.63801332
MFN applied tariffs,TP_A_0030,Trade-weighted MFN applied tariff average - all products,716,ZWE,Zimbabwe,-,,-,-,-,-,-,A,Annual,A,Annual,PCT,Percent,2015,,,,13.71360659
MFN applied tariffs,TP_A_0030,Trade-weighted MFN applied tariff average - all products,716,ZWE,Zimbabwe,-,,-,-,-,-,-,A,Annual,A,Annual,PCT,Percent,2016,,,,12.30920686
MFN applied tariffs,TP_A_0030,Trade-weighted MFN applied tariff average - all products,736,SDN,Sudan,-,,-,-,-,-,-,A,Annual,A,Annual,PCT,Percent,2006,,,,15.55913477
MFN applied tariffs,TP_A_0030,Trade-weighted MFN applied tariff average - all products,736,SDN,Sudan,-,,-,-,-,-,-,A,Annual,A,Annual,PCT,Percent,2008,,,,14.04616762
MFN applied tariffs,TP_A_0030,Trade-weighted MFN applied tariff average - all products,736,SDN,Sudan,-,,-,-,-,-,-,A,Annual,A,Annual,PCT,Percent,2009,,,,14.04385559
MFN applied tariffs,TP_A_0030,Trade-weighted MFN applied tariff average - all products,736,SDN,Sudan,-,,-,-,-,-,-,A,Annual,A,Annual,PCT,Percent,2010,,,,18.23123892
MFN applied tariffs,TP_A_0030,Trade-weighted MFN applied tariff average - all products,736,SDN,Sudan,-,,-,-,-,-,-,A,Annual,A,Annual,PCT,Percent,2011,,,,18.23123892
MFN applied tariffs,TP_A_0030,Trade-weighted MFN applied tariff average - all products,736,SDN,Sudan,-,,-,-,-,-,-,A,Annual,A,Annual,PCT,Percent,2013,,,,16.29712783
MFN applied tariffs,TP_A_0030,Trade-weighted MFN applied tariff average - all products,736,SDN,Sudan,-,,-,-,-,-,-,A,Annual,A,Annual,PCT,Percent,2017,,,,16.04856338
MFN applied tariffs,TP_A_0030,Trade-weighted MFN applied tariff average - all products,740,SUR,Suriname,-,,-,-,-,-,-,A,Annual,A,Annual,PCT,Percent,2011,,,,10.29070442
MFN applied tariffs,TP_A_0030,Trade-weighted MFN applied tariff average - all products,740,SUR,Suriname,-,,-,-,-,-,-,A,Annual,A,Annual,PCT,Percent,2013,,,,10.77728561
MFN applied tariffs,TP_A_0030,Trade-weighted MFN applied tariff average - all products,740,SUR,Suriname,-,,-,-,-,-,-,A,Annual,A,Annual,PCT,Percent,2016,,,,10.23007978
MFN applied tariffs,TP_A_0030,Trade-weighted MFN applied tariff average - all products,740,SUR,Suriname,-,,-,-,-,-,-,A,Annual,A,Annual,PCT,Percent,2018,,,,10.66686742
MFN applied tariffs,TP_A_0030,Trade-weighted MFN applied tariff average - all products,740,SUR,Suriname,-,,-,-,-,-,-,A,Annual,A,Annual,PCT,Percent,2019,,,,12.17465414
MFN applied tariffs,TP_A_0030,Trade-weighted MFN applied tariff average - all products,740,SUR,Suriname,-,,-,-,-,-,-,A,Annual,A,Annual,PCT,Percent,2021,,,,10.36237353
MFN applied tariffs,TP_A_0030,Trade-weighted MFN applied tariff average - all products,740,SUR,Suriname,-,,-,-,-,-,-,A,Annual,A,Annual,PCT,Percent,2023,,,,9.81823164
MFN applied tariffs,TP_A_0030,Trade-weighted MFN applied tariff average - all products,740,SUR,Suriname,-,,-,-,-,-,-,A,Annual,A,Annual,PCT,Percent,2024,,,,9.91473581
MFN applied tariffs,TP_A_0030,Trade-weighted MFN applied tariff average - all products,748,SWZ,Eswatini,-,,-,-,-,-,-,A,Annual,A,Annual,PCT,Percent,2024,,,,8.167518851
MFN applied tariffs,TP_A_0030,Trade-weighted MFN applied tariff average - all products,748,SWZ,Eswatini,-,,-,-,-,-,-,A,Annual,A,Annual,PCT,Percent,2018,,,,9.666272548
MFN applied tariffs,TP_A_0030,Trade-weighted MFN applied tariff average - all products,748,SWZ,Eswatini,-,,-,-,-,-,-,A,Annual,A,Annual,PCT,Percent,2019,,,,9.263727503
MFN applied tariffs,TP_A_0030,Trade-weighted MFN applied tariff average - all products,748,SWZ,Eswatini,-,,-,-,-,-,-,A,Annual,A,Annual,PCT,Percent,2020,,,,9.111298912
MFN applied tariffs,TP_A_0030,Trade-weighted MFN applied tariff average - all products,748,SWZ,Eswatini,-,,-,-,-,-,-,A,Annual,A,Annual,PCT,Percent,2021,,,,8.829972051
MFN applied tariffs,TP_A_0030,Trade-weighted MFN applied tariff average - all products,748,SWZ,Eswatini,-,,-,-,-,-,-,A,Annual,A,Annual,PCT,Percent,2022,,,,8.179762913
MFN applied tariffs,TP_A_0030,Trade-weighted MFN applied tariff average - all products,748,SWZ,Eswatini,-,,-,-,-,-,-,A,Annual,A,Annual,PCT,Percent,2023,,,,8.166542032
MFN applied tariffs,TP_A_0030,Trade-weighted MFN applied tariff average - all products,748,SWZ,Eswatini,-,,-,-,-,-,-,A,Annual,A,Annual,PCT,Percent,2007,,,,10.65901112
MFN applied tariffs,TP_A_0030,Trade-weighted MFN applied tariff average - all products,748,SWZ,Eswatini,-,,-,-,-,-,-,A,Annual,A,Annual,PCT,Percent,2008,,,,8.668210168
MFN applied tariffs,TP_A_0030,Trade-weighted MFN applied tariff average - all products,748,SWZ,Eswatini,-,,-,-,-,-,-,A,Annual,A,Annual,PCT,Percent,2009,,,,8.900701917
MFN applied tariffs,TP_A_0030,Trade-weighted MFN applied tariff average - all products,748,SWZ,Eswatini,-,,-,-,-,-,-,A,Annual,A,Annual,PCT,Percent,2015,,,,9.193436807
MFN applied tariffs,TP_A_0030,Trade-weighted MFN applied tariff average - all products,748,SWZ,Eswatini,-,,-,-,-,-,-,A,Annual,A,Annual,PCT,Percent,2016,,,,8.962390144
MFN applied tariffs,TP_A_0030,Trade-weighted MFN applied tariff average - all products,748,SWZ,Eswatini,-,,-,-,-,-,-,A,Annual,A,Annual,PCT,Percent,2017,,,,9.307751747
MFN applied tariffs,TP_A_0030,Trade-weighted MFN applied tariff average - all products,756,CHE,Switzerland,-,,-,-,-,-,-,A,Annual,A,Annual,PCT,Percent,2006,,,,2.553932162
MFN applied tariffs,TP_A_0030,Trade-weighted MFN applied tariff average - all products,756,CHE,Switzerland,-,,-,-,-,-,-,A,Annual,A,Annual,PCT,Percent,2007,,,,1.905571508
MFN applied tariffs,TP_A_0030,Trade-weighted MFN applied tariff average - all products,756,CHE,Switzerland,-,,-,-,-,-,-,A,Annual,A,Annual,PCT,Percent,2008,,,,2.100472512
MFN applied tariffs,TP_A_0030,Trade-weighted MFN applied tariff average - all products,756,CHE,Switzerland,-,,-,-,-,-,-,A,Annual,A,Annual,PCT,Percent,2009,,,,3.448862361
MFN applied tariffs,TP_A_0030,Trade-weighted MFN applied tariff average - all products,756,CHE,Switzerland,-,,-,-,-,-,-,A,Annual,A,Annual,PCT,Percent,2010,,,,2.974289283
MFN applied tariffs,TP_A_0030,Trade-weighted MFN applied tariff average - all products,756,CHE,Switzerland,-,,-,-,-,-,-,A,Annual,A,Annual,PCT,Percent,2023,,,,1.735301962
MFN applied tariffs,TP_A_0030,Trade-weighted MFN applied tariff average - all products,756,CHE,Switzerland,-,,-,-,-,-,-,A,Annual,A,Annual,PCT,Percent,2024,,,,1.511839063
MFN applied tariffs,TP_A_0030,Trade-weighted MFN applied tariff average - all products,756,CHE,Switzerland,-,,-,-,-,-,-,A,Annual,A,Annual,PCT,Percent,2017,,,,1.85280403
MFN applied tariffs,TP_A_0030,Trade-weighted MFN applied tariff average - all products,756,CHE,Switzerland,-,,-,-,-,-,-,A,Annual,A,Annual,PCT,Percent,2018,,,,1.94183386
MFN applied tariffs,TP_A_0030,Trade-weighted MFN applied tariff average - all products,756,CHE,Switzerland,-,,-,-,-,-,-,A,Annual,A,Annual,PCT,Percent,2019,,,,1.955029416
MFN applied tariffs,TP_A_0030,Trade-weighted MFN applied tariff average - all products,756,CHE,Switzerland,-,,-,-,-,-,-,A,Annual,A,Annual,PCT,Percent,2020,,,,1.70587854
MFN applied tariffs,TP_A_0030,Trade-weighted MFN applied tariff average - all products,756,CHE,Switzerland,-,,-,-,-,-,-,A,Annual,A,Annual,PCT,Percent,2021,,,,1.654563374
MFN applied tariffs,TP_A_0030,Trade-weighted MFN applied tariff average - all products,756,CHE,Switzerland,-,,-,-,-,-,-,A,Annual,A,Annual,PCT,Percent,2022,,,,1.835496164
MFN applied tariffs,TP_A_0030,Trade-weighted MFN applied tariff average - all products,756,CHE,Switzerland,-,,-,-,-,-,-,A,Annual,A,Annual,PCT,Percent,2011,,,,3.317956391
MFN applied tariffs,TP_A_0030,Trade-weighted MFN applied tariff average - all products,756,CHE,Switzerland,-,,-,-,-,-,-,A,Annual,A,Annual,PCT,Percent,2012,,,,2.916158062
MFN applied tariffs,TP_A_0030,Trade-weighted MFN applied tariff average - all products,756,CHE,Switzerland,-,,-,-,-,-,-,A,Annual,A,Annual,PCT,Percent,2013,,,,2.79190656
MFN applied tariffs,TP_A_0030,Trade-weighted MFN applied tariff average - all products,756,CHE,Switzerland,-,,-,-,-,-,-,A,Annual,A,Annual,PCT,Percent,2014,,,,2.884956983
MFN applied tariffs,TP_A_0030,Trade-weighted MFN applied tariff average - all products,756,CHE,Switzerland,-,,-,-,-,-,-,A,Annual,A,Annual,PCT,Percent,2015,,,,2.126477144
MFN applied tariffs,TP_A_0030,Trade-weighted MFN applied tariff average - all products,756,CHE,Switzerland,-,,-,-,-,-,-,A,Annual,A,Annual,PCT,Percent,2016,,,,2.045581399
MFN applied tariffs,TP_A_0030,Trade-weighted MFN applied tariff average - all products,760,SYR,Syrian Arab Republic,-,,-,-,-,-,-,A,Annual,A,Annual,PCT,Percent,2009,,,,7.640014939
MFN applied tariffs,TP_A_0030,Trade-weighted MFN applied tariff average - all products,762,TJK,Tajikistan,-,,-,-,-,-,-,A,Annual,A,Annual,PCT,Percent,2021,,,,6.394285882
MFN applied tariffs,TP_A_0030,Trade-weighted MFN applied tariff average - all products,764,THA,Thailand,-,,-,-,-,-,-,A,Annual,A,Annual,PCT,Percent,2006,,,,3.582224278
MFN applied tariffs,TP_A_0030,Trade-weighted MFN applied tariff average - all products,764,THA,Thailand,-,,-,-,-,-,-,A,Annual,A,Annual,PCT,Percent,2007,,,,4.763331644
MFN applied tariffs,TP_A_0030,Trade-weighted MFN applied tariff average - all products,764,THA,Thailand,-,,-,-,-,-,-,A,Annual,A,Annual,PCT,Percent,2017,,,,5.303801712
MFN applied tariffs,TP_A_0030,Trade-weighted MFN applied tariff average - all products,764,THA,Thailand,-,,-,-,-,-,-,A,Annual,A,Annual,PCT,Percent,2019,,,,5.047003421
MFN applied tariffs,TP_A_0030,Trade-weighted MFN applied tariff average - all products,764,THA,Thailand,-,,-,-,-,-,-,A,Annual,A,Annual,PCT,Percent,2020,,,,6.746818661
MFN applied tariffs,TP_A_0030,Trade-weighted MFN applied tariff average - all products,764,THA,Thailand,-,,-,-,-,-,-,A,Annual,A,Annual,PCT,Percent,2021,,,,7.110515397
MFN applied tariffs,TP_A_0030,Trade-weighted MFN applied tariff average - all products,764,THA,Thailand,-,,-,-,-,-,-,A,Annual,A,Annual,PCT,Percent,2022,,,,6.129385425
MFN applied tariffs,TP_A_0030,Trade-weighted MFN applied tariff average - all products,764,THA,Thailand,-,,-,-,-,-,-,A,Annual,A,Annual,PCT,Percent,2023,,,,6.258665883
MFN applied tariffs,TP_A_0030,Trade-weighted MFN applied tariff average - all products,764,THA,Thailand,-,,-,-,-,-,-,A,Annual,A,Annual,PCT,Percent,2009,,,,4.2559666
MFN applied tariffs,TP_A_0030,Trade-weighted MFN applied tariff average - all products,764,THA,Thailand,-,,-,-,-,-,-,A,Annual,A,Annual,PCT,Percent,2010,,,,4.76711982
MFN applied tariffs,TP_A_0030,Trade-weighted MFN applied tariff average - all products,764,THA,Thailand,-,,-,-,-,-,-,A,Annual,A,Annual,PCT,Percent,2011,,,,4.794914005
MFN applied tariffs,TP_A_0030,Trade-weighted MFN applied tariff average - all products,764,THA,Thailand,-,,-,-,-,-,-,A,Annual,A,Annual,PCT,Percent,2013,,,,6.173247494
MFN applied tariffs,TP_A_0030,Trade-weighted MFN applied tariff average - all products,764,THA,Thailand,-,,-,-,-,-,-,A,Annual,A,Annual,PCT,Percent,2014,,,,6.561560143
MFN applied tariffs,TP_A_0030,Trade-weighted MFN applied tariff average - all products,764,THA,Thailand,-,,-,-,-,-,-,A,Annual,A,Annual,PCT,Percent,2015,,,,6.819845882
MFN applied tariffs,TP_A_0030,Trade-weighted MFN applied tariff average - all products,764,THA,Thailand,-,,-,-,-,-,-,A,Annual,A,Annual,PCT,Percent,2024,,,,7.381014308
MFN applied tariffs,TP_A_0030,Trade-weighted MFN applied tariff average - all products,768,TGO,Togo,-,,-,-,-,-,-,A,Annual,A,Annual,PCT,Percent,2006,,,,10.40003266
MFN applied tariffs,TP_A_0030,Trade-weighted MFN applied tariff average - all products,768,TGO,Togo,-,,-,-,-,-,-,A,Annual,A,Annual,PCT,Percent,2007,,,,10.38032026
MFN applied tariffs,TP_A_0030,Trade-weighted MFN applied tariff average - all products,768,TGO,Togo,-,,-,-,-,-,-,A,Annual,A,Annual,PCT,Percent,2008,,,,11.03539711
MFN applied tariffs,TP_A_0030,Trade-weighted MFN applied tariff average - all products,768,TGO,Togo,-,,-,-,-,-,-,A,Annual,A,Annual,PCT,Percent,2009,,,,11.07600023
MFN applied tariffs,TP_A_0030,Trade-weighted MFN applied tariff average - all products,768,TGO,Togo,-,,-,-,-,-,-,A,Annual,A,Annual,PCT,Percent,2011,,,,11.09558603
MFN applied tariffs,TP_A_0030,Trade-weighted MFN applied tariff average - all products,768,TGO,Togo,-,,-,-,-,-,-,A,Annual,A,Annual,PCT,Percent,2024,,,,12.05659652
MFN applied tariffs,TP_A_0030,Trade-weighted MFN applied tariff average - all products,768,TGO,Togo,-,,-,-,-,-,-,A,Annual,A,Annual,PCT,Percent,2018,,,,12.66885761
MFN applied tariffs,TP_A_0030,Trade-weighted MFN applied tariff average - all products,768,TGO,Togo,-,,-,-,-,-,-,A,Annual,A,Annual,PCT,Percent,2019,,,,12.28614607
MFN applied tariffs,TP_A_0030,Trade-weighted MFN applied tariff average - all products,768,TGO,Togo,-,,-,-,-,-,-,A,Annual,A,Annual,PCT,Percent,2020,,,,12.16779445
MFN applied tariffs,TP_A_0030,Trade-weighted MFN applied tariff average - all products,768,TGO,Togo,-,,-,-,-,-,-,A,Annual,A,Annual,PCT,Percent,2021,,,,11.40302876
MFN applied tariffs,TP_A_0030,Trade-weighted MFN applied tariff average - all products,768,TGO,Togo,-,,-,-,-,-,-,A,Annual,A,Annual,PCT,Percent,2022,,,,12.4533557
MFN applied tariffs,TP_A_0030,Trade-weighted MFN applied tariff average - all products,768,TGO,Togo,-,,-,-,-,-,-,A,Annual,A,Annual,PCT,Percent,2023,,,,11.61227102
MFN applied tariffs,TP_A_0030,Trade-weighted MFN applied tariff average - all products,768,TGO,Togo,-,,-,-,-,-,-,A,Annual,A,Annual,PCT,Percent,2012,,,,11.77706907
MFN applied tariffs,TP_A_0030,Trade-weighted MFN applied tariff average - all products,768,TGO,Togo,-,,-,-,-,-,-,A,Annual,A,Annual,PCT,Percent,2013,,,,9.87983023
MFN applied tariffs,TP_A_0030,Trade-weighted MFN applied tariff average - all products,768,TGO,Togo,-,,-,-,-,-,-,A,Annual,A,Annual,PCT,Percent,2014,,,,9.808190533
MFN applied tariffs,TP_A_0030,Trade-weighted MFN applied tariff average - all products,768,TGO,Togo,-,,-,-,-,-,-,A,Annual,A,Annual,PCT,Percent,2015,,,,11.13598796
MFN applied tariffs,TP_A_0030,Trade-weighted MFN applied tariff average - all products,768,TGO,Togo,-,,-,-,-,-,-,A,Annual,A,Annual,PCT,Percent,2016,,,,11.54496264
MFN applied tariffs,TP_A_0030,Trade-weighted MFN applied tariff average - all products,768,TGO,Togo,-,,-,-,-,-,-,A,Annual,A,Annual,PCT,Percent,2017,,,,11.16323878
MFN applied tariffs,TP_A_0030,Trade-weighted MFN applied tariff average - all products,776,TON,Tonga,-,,-,-,-,-,-,A,Annual,A,Annual,PCT,Percent,-,,,,4.777920665
MFN applied tariffs,TP_A_0030,Trade-weighted MFN applied tariff average - all products,776,TON,Tonga,-,,-,-,-,-,-,A,Annual,A,Annual,PCT,Percent,2011,,,,5.120018325
MFN applied tariffs,TP_A_0030,Trade-weighted MFN applied tariff average - all products,776,TON,Tonga,-,,-,-,-,-,-,A,Annual,A,Annual,PCT,Percent,2012,,,,5.767368613
MFN applied tariffs,TP_A_0030,Trade-weighted MFN applied tariff average - all products,776,TON,Tonga,-,,-,-,-,-,-,A,Annual,A,Annual,PCT,Percent,2013,,,,5.48643863
MFN applied tariffs,TP_A_0030,Trade-weighted MFN applied tariff average - all products,776,TON,Tonga,-,,-,-,-,-,-,A,Annual,A,Annual,PCT,Percent,2014,,,,4.915226799
MFN applied tariffs,TP_A_0030,Trade-weighted MFN applied tariff average - all products,776,TON,Tonga,-,,-,-,-,-,-,A,Annual,A,Annual,PCT,Percent,2015,,,,5.723133294
MFN applied tariffs,TP_A_0030,Trade-weighted MFN applied tariff average - all products,776,TON,Tonga,-,,-,-,-,-,-,A,Annual,A,Annual,PCT,Percent,2016,,,,5.841528272
MFN applied tariffs,TP_A_0030,Trade-weighted MFN applied tariff average - all products,776,TON,Tonga,-,,-,-,-,-,-,A,Annual,A,Annual,PCT,Percent,2017,,,,5.841528272
MFN applied tariffs,TP_A_0030,Trade-weighted MFN applied tariff average - all products,776,TON,Tonga,-,,-,-,-,-,-,A,Annual,A,Annual,PCT,Percent,2023,,,,4.777484792
MFN applied tariffs,TP_A_0030,Trade-weighted MFN applied tariff average - all products,780,TTO,Trinidad and Tobago,-,,-,-,-,-,-,A,Annual,A,Annual,PCT,Percent,2007,,,,6.162522071
MFN applied tariffs,TP_A_0030,Trade-weighted MFN applied tariff average - all products,780,TTO,Trinidad and Tobago,-,,-,-,-,-,-,A,Annual,A,Annual,PCT,Percent,2008,,,,9.799969488
MFN applied tariffs,TP_A_0030,Trade-weighted MFN applied tariff average - all products,780,TTO,Trinidad and Tobago,-,,-,-,-,-,-,A,Annual,A,Annual,PCT,Percent,2011,,,,5.728579663
MFN applied tariffs,TP_A_0030,Trade-weighted MFN applied tariff average - all products,780,TTO,Trinidad and Tobago,-,,-,-,-,-,-,A,Annual,A,Annual,PCT,Percent,2022,,,,8.18976895
MFN applied tariffs,TP_A_0030,Trade-weighted MFN applied tariff average - all products,780,TTO,Trinidad and Tobago,-,,-,-,-,-,-,A,Annual,A,Annual,PCT,Percent,2023,,,,8.118571491
MFN applied tariffs,TP_A_0030,Trade-weighted MFN applied tariff average - all products,784,ARE,United Arab Emirates,-,,-,-,-,-,-,A,Annual,A,Annual,PCT,Percent,2007,,,,5.326087924
MFN applied tariffs,TP_A_0030,Trade-weighted MFN applied tariff average - all products,784,ARE,United Arab Emirates,-,,-,-,-,-,-,A,Annual,A,Annual,PCT,Percent,2009,,,,4.135399726
MFN applied tariffs,TP_A_0030,Trade-weighted MFN applied tariff average - all products,784,ARE,United Arab Emirates,-,,-,-,-,-,-,A,Annual,A,Annual,PCT,Percent,2015,,,,3.946706924
MFN applied tariffs,TP_A_0030,Trade-weighted MFN applied tariff average - all products,784,ARE,United Arab Emirates,-,,-,-,-,-,-,A,Annual,A,Annual,PCT,Percent,2023,,,,3.310723856
MFN applied tariffs,TP_A_0030,Trade-weighted MFN applied tariff average - all products,784,ARE,United Arab Emirates,-,,-,-,-,-,-,A,Annual,A,Annual,PCT,Percent,2024,,,,3.20500806
MFN applied tariffs,TP_A_0030,Trade-weighted MFN applied tariff average - all products,784,ARE,United Arab Emirates,-,,-,-,-,-,-,A,Annual,A,Annual,PCT,Percent,2016,,,,3.81051002
MFN applied tariffs,TP_A_0030,Trade-weighted MFN applied tariff average - all products,784,ARE,United Arab Emirates,-,,-,-,-,-,-,A,Annual,A,Annual,PCT,Percent,2017,,,,4.025897547
MFN applied tariffs,TP_A_0030,Trade-weighted MFN applied tariff average - all products,784,ARE,United Arab Emirates,-,,-,-,-,-,-,A,Annual,A,Annual,PCT,Percent,2018,,,,3.719463931
MFN applied tariffs,TP_A_0030,Trade-weighted MFN applied tariff average - all products,784,ARE,United Arab Emirates,-,,-,-,-,-,-,A,Annual,A,Annual,PCT,Percent,2019,,,,4.294332389
MFN applied tariffs,TP_A_0030,Trade-weighted MFN applied tariff average - all products,784,ARE,United Arab Emirates,-,,-,-,-,-,-,A,Annual,A,Annual,PCT,Percent,2020,,,,3.435965895
MFN applied tariffs,TP_A_0030,Trade-weighted MFN applied tariff average - all products,784,ARE,United Arab Emirates,-,,-,-,-,-,-,A,Annual,A,Annual,PCT,Percent,2021,,,,3.455395846
MFN applied tariffs,TP_A_0030,Trade-weighted MFN applied tariff average - all products,788,TUN,Tunisia,-,,-,-,-,-,-,A,Annual,A,Annual,PCT,Percent,2006,,,,19.81176078
MFN applied tariffs,TP_A_0030,Trade-weighted MFN applied tariff average - all products,788,TUN,Tunisia,-,,-,-,-,-,-,A,Annual,A,Annual,PCT,Percent,2008,,,,20.84921836
MFN applied tariffs,TP_A_0030,Trade-weighted MFN applied tariff average - all products,788,TUN,Tunisia,-,,-,-,-,-,-,A,Annual,A,Annual,PCT,Percent,2010,,,,19.56670456
MFN applied tariffs,TP_A_0030,Trade-weighted MFN applied tariff average - all products,788,TUN,Tunisia,-,,-,-,-,-,-,A,Annual,A,Annual,PCT,Percent,2011,,,,14.35772533
MFN applied tariffs,TP_A_0030,Trade-weighted MFN applied tariff average - all products,788,TUN,Tunisia,-,,-,-,-,-,-,A,Annual,A,Annual,PCT,Percent,2024,,,,15.24752041
MFN applied tariffs,TP_A_0030,Trade-weighted MFN applied tariff average - all products,788,TUN,Tunisia,-,,-,-,-,-,-,A,Annual,A,Annual,PCT,Percent,2012,,,,13.93272526
MFN applied tariffs,TP_A_0030,Trade-weighted MFN applied tariff average - all products,788,TUN,Tunisia,-,,-,-,-,-,-,A,Annual,A,Annual,PCT,Percent,2013,,,,13.1102025
MFN applied tariffs,TP_A_0030,Trade-weighted MFN applied tariff average - all products,788,TUN,Tunisia,-,,-,-,-,-,-,A,Annual,A,Annual,PCT,Percent,2015,,,,12.78656177
MFN applied tariffs,TP_A_0030,Trade-weighted MFN applied tariff average - all products,788,TUN,Tunisia,-,,-,-,-,-,-,A,Annual,A,Annual,PCT,Percent,2016,,,,9.40950836
MFN applied tariffs,TP_A_0030,Trade-weighted MFN applied tariff average - all products,788,TUN,Tunisia,-,,-,-,-,-,-,A,Annual,A,Annual,PCT,Percent,2022,,,,15.89460919
MFN applied tariffs,TP_A_0030,Trade-weighted MFN applied tariff average - all products,788,TUN,Tunisia,-,,-,-,-,-,-,A,Annual,A,Annual,PCT,Percent,2023,,,,14.36137539
MFN applied tariffs,TP_A_0030,Trade-weighted MFN applied tariff average - all products,792,TUR,T�rkiye,-,,-,-,-,-,-,A,Annual,A,Annual,PCT,Percent,2006,,,,3.822163452
MFN applied tariffs,TP_A_0030,Trade-weighted MFN applied tariff average - all products,792,TUR,T�rkiye,-,,-,-,-,-,-,A,Annual,A,Annual,PCT,Percent,2007,,,,4.508956315
MFN applied tariffs,TP_A_0030,Trade-weighted MFN applied tariff average - all products,792,TUR,T�rkiye,-,,-,-,-,-,-,A,Annual,A,Annual,PCT,Percent,2008,,,,3.991087811
MFN applied tariffs,TP_A_0030,Trade-weighted MFN applied tariff average - all products,792,TUR,T�rkiye,-,,-,-,-,-,-,A,Annual,A,Annual,PCT,Percent,2010,,,,4.304896762
MFN applied tariffs,TP_A_0030,Trade-weighted MFN applied tariff average - all products,792,TUR,T�rkiye,-,,-,-,-,-,-,A,Annual,A,Annual,PCT,Percent,2011,,,,4.812077403
MFN applied tariffs,TP_A_0030,Trade-weighted MFN applied tariff average - all products,792,TUR,T�rkiye,-,,-,-,-,-,-,A,Annual,A,Annual,PCT,Percent,2019,,,,4.653672137
MFN applied tariffs,TP_A_0030,Trade-weighted MFN applied tariff average - all products,792,TUR,T�rkiye,-,,-,-,-,-,-,A,Annual,A,Annual,PCT,Percent,2021,,,,4.582861596
MFN applied tariffs,TP_A_0030,Trade-weighted MFN applied tariff average - all products,792,TUR,T�rkiye,-,,-,-,-,-,-,A,Annual,A,Annual,PCT,Percent,2022,,,,7.067371112
MFN applied tariffs,TP_A_0030,Trade-weighted MFN applied tariff average - all products,792,TUR,T�rkiye,-,,-,-,-,-,-,A,Annual,A,Annual,PCT,Percent,2023,,,,6.11261484
MFN applied tariffs,TP_A_0030,Trade-weighted MFN applied tariff average - all products,792,TUR,T�rkiye,-,,-,-,-,-,-,A,Annual,A,Annual,PCT,Percent,2024,,,,6.966716849
MFN applied tariffs,TP_A_0030,Trade-weighted MFN applied tariff average - all products,792,TUR,T�rkiye,-,,-,-,-,-,-,A,Annual,A,Annual,PCT,Percent,2013,,,,5.188089487
MFN applied tariffs,TP_A_0030,Trade-weighted MFN applied tariff average - all products,792,TUR,T�rkiye,-,,-,-,-,-,-,A,Annual,A,Annual,PCT,Percent,2014,,,,5.245569799
MFN applied tariffs,TP_A_0030,Trade-weighted MFN applied tariff average - all products,792,TUR,T�rkiye,-,,-,-,-,-,-,A,Annual,A,Annual,PCT,Percent,2015,,,,5.514477203
MFN applied tariffs,TP_A_0030,Trade-weighted MFN applied tariff average - all products,792,TUR,T�rkiye,-,,-,-,-,-,-,A,Annual,A,Annual,PCT,Percent,2016,,,,5.853808767
MFN applied tariffs,TP_A_0030,Trade-weighted MFN applied tariff average - all products,792,TUR,T�rkiye,-,,-,-,-,-,-,A,Annual,A,Annual,PCT,Percent,2017,,,,5.431995543
MFN applied tariffs,TP_A_0030,Trade-weighted MFN applied tariff average - all products,792,TUR,T�rkiye,-,,-,-,-,-,-,A,Annual,A,Annual,PCT,Percent,2018,,,,4.307257326
MFN applied tariffs,TP_A_0030,Trade-weighted MFN applied tariff average - all products,800,UGA,Uganda,-,,-,-,-,-,-,A,Annual,A,Annual,PCT,Percent,2006,,,,11.64115911
MFN applied tariffs,TP_A_0030,Trade-weighted MFN applied tariff average - all products,800,UGA,Uganda,-,,-,-,-,-,-,A,Annual,A,Annual,PCT,Percent,2019,,,,11.26604938
MFN applied tariffs,TP_A_0030,Trade-weighted MFN applied tariff average - all products,800,UGA,Uganda,-,,-,-,-,-,-,A,Annual,A,Annual,PCT,Percent,2020,,,,13.56592765
MFN applied tariffs,TP_A_0030,Trade-weighted MFN applied tariff average - all products,800,UGA,Uganda,-,,-,-,-,-,-,A,Annual,A,Annual,PCT,Percent,2021,,,,14.75565554
MFN applied tariffs,TP_A_0030,Trade-weighted MFN applied tariff average - all products,800,UGA,Uganda,-,,-,-,-,-,-,A,Annual,A,Annual,PCT,Percent,2022,,,,14.64452052
MFN applied tariffs,TP_A_0030,Trade-weighted MFN applied tariff average - all products,800,UGA,Uganda,-,,-,-,-,-,-,A,Annual,A,Annual,PCT,Percent,2023,,,,13.8034128
MFN applied tariffs,TP_A_0030,Trade-weighted MFN applied tariff average - all products,800,UGA,Uganda,-,,-,-,-,-,-,A,Annual,A,Annual,PCT,Percent,2024,,,,13.47549216
MFN applied tariffs,TP_A_0030,Trade-weighted MFN applied tariff average - all products,800,UGA,Uganda,-,,-,-,-,-,-,A,Annual,A,Annual,PCT,Percent,2013,,,,9.550909058
MFN applied tariffs,TP_A_0030,Trade-weighted MFN applied tariff average - all products,800,UGA,Uganda,-,,-,-,-,-,-,A,Annual,A,Annual,PCT,Percent,2014,,,,10.95795468
MFN applied tariffs,TP_A_0030,Trade-weighted MFN applied tariff average - all products,800,UGA,Uganda,-,,-,-,-,-,-,A,Annual,A,Annual,PCT,Percent,2015,,,,10.96131222
MFN applied tariffs,TP_A_0030,Trade-weighted MFN applied tariff average - all products,800,UGA,Uganda,-,,-,-,-,-,-,A,Annual,A,Annual,PCT,Percent,2016,,,,10.01853327
MFN applied tariffs,TP_A_0030,Trade-weighted MFN applied tariff average - all products,800,UGA,Uganda,-,,-,-,-,-,-,A,Annual,A,Annual,PCT,Percent,2017,,,,11.25926514
MFN applied tariffs,TP_A_0030,Trade-weighted MFN applied tariff average - all products,800,UGA,Uganda,-,,-,-,-,-,-,A,Annual,A,Annual,PCT,Percent,2018,,,,11.96176619
MFN applied tariffs,TP_A_0030,Trade-weighted MFN applied tariff average - all products,800,UGA,Uganda,-,,-,-,-,-,-,A,Annual,A,Annual,PCT,Percent,2007,,,,11.21395901
MFN applied tariffs,TP_A_0030,Trade-weighted MFN applied tariff average - all products,800,UGA,Uganda,-,,-,-,-,-,-,A,Annual,A,Annual,PCT,Percent,2008,,,,11.90085536
MFN applied tariffs,TP_A_0030,Trade-weighted MFN applied tariff average - all products,800,UGA,Uganda,-,,-,-,-,-,-,A,Annual,A,Annual,PCT,Percent,2009,,,,11.09809927
MFN applied tariffs,TP_A_0030,Trade-weighted MFN applied tariff average - all products,800,UGA,Uganda,-,,-,-,-,-,-,A,Annual,A,Annual,PCT,Percent,2010,,,,10.55213788
MFN applied tariffs,TP_A_0030,Trade-weighted MFN applied tariff average - all products,800,UGA,Uganda,-,,-,-,-,-,-,A,Annual,A,Annual,PCT,Percent,2011,,,,10.60337546
MFN applied tariffs,TP_A_0030,Trade-weighted MFN applied tariff average - all products,800,UGA,Uganda,-,,-,-,-,-,-,A,Annual,A,Annual,PCT,Percent,2012,,,,11.2506778
MFN applied tariffs,TP_A_0030,Trade-weighted MFN applied tariff average - all products,804,UKR,Ukraine,-,,-,-,-,-,-,A,Annual,A,Annual,PCT,Percent,2019,,,,2.855427283
MFN applied tariffs,TP_A_0030,Trade-weighted MFN applied tariff average - all products,804,UKR,Ukraine,-,,-,-,-,-,-,A,Annual,A,Annual,PCT,Percent,2020,,,,3.170858873
MFN applied tariffs,TP_A_0030,Trade-weighted MFN applied tariff average - all products,804,UKR,Ukraine,-,,-,-,-,-,-,A,Annual,A,Annual,PCT,Percent,2021,,,,3.507607539
MFN applied tariffs,TP_A_0030,Trade-weighted MFN applied tariff average - all products,804,UKR,Ukraine,-,,-,-,-,-,-,A,Annual,A,Annual,PCT,Percent,2022,,,,3.353964674
MFN applied tariffs,TP_A_0030,Trade-weighted MFN applied tariff average - all products,804,UKR,Ukraine,-,,-,-,-,-,-,A,Annual,A,Annual,PCT,Percent,2023,,,,3.44356034
MFN applied tariffs,TP_A_0030,Trade-weighted MFN applied tariff average - all products,804,UKR,Ukraine,-,,-,-,-,-,-,A,Annual,A,Annual,PCT,Percent,2024,,,,3.528817138
MFN applied tariffs,TP_A_0030,Trade-weighted MFN applied tariff average - all products,804,UKR,Ukraine,-,,-,-,-,-,-,A,Annual,A,Annual,PCT,Percent,2013,,,,2.692669423
MFN applied tariffs,TP_A_0030,Trade-weighted MFN applied tariff average - all products,804,UKR,Ukraine,-,,-,-,-,-,-,A,Annual,A,Annual,PCT,Percent,2014,,,,2.691040411
MFN applied tariffs,TP_A_0030,Trade-weighted MFN applied tariff average - all products,804,UKR,Ukraine,-,,-,-,-,-,-,A,Annual,A,Annual,PCT,Percent,2015,,,,2.711672724
MFN applied tariffs,TP_A_0030,Trade-weighted MFN applied tariff average - all products,804,UKR,Ukraine,-,,-,-,-,-,-,A,Annual,A,Annual,PCT,Percent,2016,,,,2.543325844
MFN applied tariffs,TP_A_0030,Trade-weighted MFN applied tariff average - all products,804,UKR,Ukraine,-,,-,-,-,-,-,A,Annual,A,Annual,PCT,Percent,2017,,,,2.917004433
MFN applied tariffs,TP_A_0030,Trade-weighted MFN applied tariff average - all products,804,UKR,Ukraine,-,,-,-,-,-,-,A,Annual,A,Annual,PCT,Percent,2018,,,,2.821189497
MFN applied tariffs,TP_A_0030,Trade-weighted MFN applied tariff average - all products,804,UKR,Ukraine,-,,-,-,-,-,-,A,Annual,A,Annual,PCT,Percent,2006,,,,5.783148458
MFN applied tariffs,TP_A_0030,Trade-weighted MFN applied tariff average - all products,804,UKR,Ukraine,-,,-,-,-,-,-,A,Annual,A,Annual,PCT,Percent,2008,,,,5.10300526
MFN applied tariffs,TP_A_0030,Trade-weighted MFN applied tariff average - all products,804,UKR,Ukraine,-,,-,-,-,-,-,A,Annual,A,Annual,PCT,Percent,2009,,,,5.850260232
MFN applied tariffs,TP_A_0030,Trade-weighted MFN applied tariff average - all products,804,UKR,Ukraine,-,,-,-,-,-,-,A,Annual,A,Annual,PCT,Percent,2010,,,,2.770215634
MFN applied tariffs,TP_A_0030,Trade-weighted MFN applied tariff average - all products,804,UKR,Ukraine,-,,-,-,-,-,-,A,Annual,A,Annual,PCT,Percent,2011,,,,2.684294673
MFN applied tariffs,TP_A_0030,Trade-weighted MFN applied tariff average - all products,804,UKR,Ukraine,-,,-,-,-,-,-,A,Annual,A,Annual,PCT,Percent,2012,,,,2.683664558
MFN applied tariffs,TP_A_0030,Trade-weighted MFN applied tariff average - all products,807,MKD,North Macedonia,-,,-,-,-,-,-,A,Annual,A,Annual,PCT,Percent,2018,,,,6.442151967
MFN applied tariffs,TP_A_0030,Trade-weighted MFN applied tariff average - all products,807,MKD,North Macedonia,-,,-,-,-,-,-,A,Annual,A,Annual,PCT,Percent,2019,,,,6.306097032
MFN applied tariffs,TP_A_0030,Trade-weighted MFN applied tariff average - all products,807,MKD,North Macedonia,-,,-,-,-,-,-,A,Annual,A,Annual,PCT,Percent,2020,,,,6.100895493
MFN applied tariffs,TP_A_0030,Trade-weighted MFN applied tariff average - all products,807,MKD,North Macedonia,-,,-,-,-,-,-,A,Annual,A,Annual,PCT,Percent,2021,,,,6.059890251
MFN applied tariffs,TP_A_0030,Trade-weighted MFN applied tariff average - all products,807,MKD,North Macedonia,-,,-,-,-,-,-,A,Annual,A,Annual,PCT,Percent,2023,,,,6.070643059
MFN applied tariffs,TP_A_0030,Trade-weighted MFN applied tariff average - all products,807,MKD,North Macedonia,-,,-,-,-,-,-,A,Annual,A,Annual,PCT,Percent,2024,,,,6.088825919
MFN applied tariffs,TP_A_0030,Trade-weighted MFN applied tariff average - all products,807,MKD,North Macedonia,-,,-,-,-,-,-,A,Annual,A,Annual,PCT,Percent,2012,,,,6.219104362
MFN applied tariffs,TP_A_0030,Trade-weighted MFN applied tariff average - all products,807,MKD,North Macedonia,-,,-,-,-,-,-,A,Annual,A,Annual,PCT,Percent,2013,,,,7.304643811
MFN applied tariffs,TP_A_0030,Trade-weighted MFN applied tariff average - all products,807,MKD,North Macedonia,-,,-,-,-,-,-,A,Annual,A,Annual,PCT,Percent,2014,,,,7.721149424
MFN applied tariffs,TP_A_0030,Trade-weighted MFN applied tariff average - all products,807,MKD,North Macedonia,-,,-,-,-,-,-,A,Annual,A,Annual,PCT,Percent,2015,,,,6.739117587
MFN applied tariffs,TP_A_0030,Trade-weighted MFN applied tariff average - all products,807,MKD,North Macedonia,-,,-,-,-,-,-,A,Annual,A,Annual,PCT,Percent,2016,,,,6.457550668
MFN applied tariffs,TP_A_0030,Trade-weighted MFN applied tariff average - all products,807,MKD,North Macedonia,-,,-,-,-,-,-,A,Annual,A,Annual,PCT,Percent,2017,,,,6.482426046
MFN applied tariffs,TP_A_0030,Trade-weighted MFN applied tariff average - all products,807,MKD,North Macedonia,-,,-,-,-,-,-,A,Annual,A,Annual,PCT,Percent,2006,,,,8.414261203
MFN applied tariffs,TP_A_0030,Trade-weighted MFN applied tariff average - all products,807,MKD,North Macedonia,-,,-,-,-,-,-,A,Annual,A,Annual,PCT,Percent,2007,,,,7.45146992
MFN applied tariffs,TP_A_0030,Trade-weighted MFN applied tariff average - all products,807,MKD,North Macedonia,-,,-,-,-,-,-,A,Annual,A,Annual,PCT,Percent,2008,,,,6.032246956
MFN applied tariffs,TP_A_0030,Trade-weighted MFN applied tariff average - all products,807,MKD,North Macedonia,-,,-,-,-,-,-,A,Annual,A,Annual,PCT,Percent,2009,,,,5.896386124
MFN applied tariffs,TP_A_0030,Trade-weighted MFN applied tariff average - all products,807,MKD,North Macedonia,-,,-,-,-,-,-,A,Annual,A,Annual,PCT,Percent,2010,,,,7.272528284
MFN applied tariffs,TP_A_0030,Trade-weighted MFN applied tariff average - all products,807,MKD,North Macedonia,-,,-,-,-,-,-,A,Annual,A,Annual,PCT,Percent,2011,,,,7.066162617
MFN applied tariffs,TP_A_0030,Trade-weighted MFN applied tariff average - all products,818,EGY,Egypt,-,,-,-,-,-,-,A,Annual,A,Annual,PCT,Percent,2017,,,,9.557012679
MFN applied tariffs,TP_A_0030,Trade-weighted MFN applied tariff average - all products,818,EGY,Egypt,-,,-,-,-,-,-,A,Annual,A,Annual,PCT,Percent,2018,,,,10.52283466
MFN applied tariffs,TP_A_0030,Trade-weighted MFN applied tariff average - all products,818,EGY,Egypt,-,,-,-,-,-,-,A,Annual,A,Annual,PCT,Percent,2019,,,,12.39585922
MFN applied tariffs,TP_A_0030,Trade-weighted MFN applied tariff average - all products,818,EGY,Egypt,-,,-,-,-,-,-,A,Annual,A,Annual,PCT,Percent,2009,,,,10.06333894
MFN applied tariffs,TP_A_0030,Trade-weighted MFN applied tariff average - all products,818,EGY,Egypt,-,,-,-,-,-,-,A,Annual,A,Annual,PCT,Percent,2011,,,,9.259508741
MFN applied tariffs,TP_A_0030,Trade-weighted MFN applied tariff average - all products,818,EGY,Egypt,-,,-,-,-,-,-,A,Annual,A,Annual,PCT,Percent,2012,,,,9.653801838
MFN applied tariffs,TP_A_0030,Trade-weighted MFN applied tariff average - all products,818,EGY,Egypt,-,,-,-,-,-,-,A,Annual,A,Annual,PCT,Percent,2014,,,,11.82536984
MFN applied tariffs,TP_A_0030,Trade-weighted MFN applied tariff average - all products,818,EGY,Egypt,-,,-,-,-,-,-,A,Annual,A,Annual,PCT,Percent,2015,,,,10.54426531
MFN applied tariffs,TP_A_0030,Trade-weighted MFN applied tariff average - all products,818,EGY,Egypt,-,,-,-,-,-,-,A,Annual,A,Annual,PCT,Percent,2016,,,,10.56488185
MFN applied tariffs,TP_A_0030,Trade-weighted MFN applied tariff average - all products,826,GBR,United Kingdom,-,,-,-,-,-,-,A,Annual,A,Annual,PCT,Percent,2021,,,,4.109657648
MFN applied tariffs,TP_A_0030,Trade-weighted MFN applied tariff average - all products,826,GBR,United Kingdom,-,,-,-,-,-,-,A,Annual,A,Annual,PCT,Percent,2022,,,,3.183193907
MFN applied tariffs,TP_A_0030,Trade-weighted MFN applied tariff average - all products,826,GBR,United Kingdom,-,,-,-,-,-,-,A,Annual,A,Annual,PCT,Percent,2023,,,,3.253464035
MFN applied tariffs,TP_A_0030,Trade-weighted MFN applied tariff average - all products,826,GBR,United Kingdom,-,,-,-,-,-,-,A,Annual,A,Annual,PCT,Percent,2024,,,,3.550745396
MFN applied tariffs,TP_A_0030,Trade-weighted MFN applied tariff average - all products,834,TZA,Tanzania,-,,-,-,-,-,-,A,Annual,A,Annual,PCT,Percent,2006,,,,9.685426052
MFN applied tariffs,TP_A_0030,Trade-weighted MFN applied tariff average - all products,834,TZA,Tanzania,-,,-,-,-,-,-,A,Annual,A,Annual,PCT,Percent,2007,,,,9.019024352
MFN applied tariffs,TP_A_0030,Trade-weighted MFN applied tariff average - all products,834,TZA,Tanzania,-,,-,-,-,-,-,A,Annual,A,Annual,PCT,Percent,2008,,,,9.685976999
MFN applied tariffs,TP_A_0030,Trade-weighted MFN applied tariff average - all products,834,TZA,Tanzania,-,,-,-,-,-,-,A,Annual,A,Annual,PCT,Percent,2009,,,,9.024814555
MFN applied tariffs,TP_A_0030,Trade-weighted MFN applied tariff average - all products,834,TZA,Tanzania,-,,-,-,-,-,-,A,Annual,A,Annual,PCT,Percent,2010,,,,8.766549396
MFN applied tariffs,TP_A_0030,Trade-weighted MFN applied tariff average - all products,834,TZA,Tanzania,-,,-,-,-,-,-,A,Annual,A,Annual,PCT,Percent,2024,,,,10.60127374
MFN applied tariffs,TP_A_0030,Trade-weighted MFN applied tariff average - all products,834,TZA,Tanzania,-,,-,-,-,-,-,A,Annual,A,Annual,PCT,Percent,2017,,,,8.482603285
MFN applied tariffs,TP_A_0030,Trade-weighted MFN applied tariff average - all products,834,TZA,Tanzania,-,,-,-,-,-,-,A,Annual,A,Annual,PCT,Percent,2018,,,,10.84041983
MFN applied tariffs,TP_A_0030,Trade-weighted MFN applied tariff average - all products,834,TZA,Tanzania,-,,-,-,-,-,-,A,Annual,A,Annual,PCT,Percent,2019,,,,10.26039404
MFN applied tariffs,TP_A_0030,Trade-weighted MFN applied tariff average - all products,834,TZA,Tanzania,-,,-,-,-,-,-,A,Annual,A,Annual,PCT,Percent,2020,,,,10.09970516
MFN applied tariffs,TP_A_0030,Trade-weighted MFN applied tariff average - all products,834,TZA,Tanzania,-,,-,-,-,-,-,A,Annual,A,Annual,PCT,Percent,2021,,,,9.743437416
MFN applied tariffs,TP_A_0030,Trade-weighted MFN applied tariff average - all products,834,TZA,Tanzania,-,,-,-,-,-,-,A,Annual,A,Annual,PCT,Percent,2023,,,,9.12865081
MFN applied tariffs,TP_A_0030,Trade-weighted MFN applied tariff average - all products,834,TZA,Tanzania,-,,-,-,-,-,-,A,Annual,A,Annual,PCT,Percent,2011,,,,8.639748767
MFN applied tariffs,TP_A_0030,Trade-weighted MFN applied tariff average - all products,834,TZA,Tanzania,-,,-,-,-,-,-,A,Annual,A,Annual,PCT,Percent,2012,,,,10.79126852
MFN applied tariffs,TP_A_0030,Trade-weighted MFN applied tariff average - all products,834,TZA,Tanzania,-,,-,-,-,-,-,A,Annual,A,Annual,PCT,Percent,2013,,,,9.666939809
MFN applied tariffs,TP_A_0030,Trade-weighted MFN applied tariff average - all products,834,TZA,Tanzania,-,,-,-,-,-,-,A,Annual,A,Annual,PCT,Percent,2014,,,,8.85173628
MFN applied tariffs,TP_A_0030,Trade-weighted MFN applied tariff average - all products,834,TZA,Tanzania,-,,-,-,-,-,-,A,Annual,A,Annual,PCT,Percent,2015,,,,8.3720412
MFN applied tariffs,TP_A_0030,Trade-weighted MFN applied tariff average - all products,834,TZA,Tanzania,-,,-,-,-,-,-,A,Annual,A,Annual,PCT,Percent,2016,,,,7.765207185
MFN applied tariffs,TP_A_0030,Trade-weighted MFN applied tariff average - all products,840,USA,United States of America,-,,-,-,-,-,-,A,Annual,A,Annual,PCT,Percent,2017,,,,2.399892949
MFN applied tariffs,TP_A_0030,Trade-weighted MFN applied tariff average - all products,840,USA,United States of America,-,,-,-,-,-,-,A,Annual,A,Annual,PCT,Percent,2018,,,,2.301524554
MFN applied tariffs,TP_A_0030,Trade-weighted MFN applied tariff average - all products,840,USA,United States of America,-,,-,-,-,-,-,A,Annual,A,Annual,PCT,Percent,2019,,,,2.300389456
MFN applied tariffs,TP_A_0030,Trade-weighted MFN applied tariff average - all products,840,USA,United States of America,-,,-,-,-,-,-,A,Annual,A,Annual,PCT,Percent,2020,,,,2.374746919
MFN applied tariffs,TP_A_0030,Trade-weighted MFN applied tariff average - all products,840,USA,United States of America,-,,-,-,-,-,-,A,Annual,A,Annual,PCT,Percent,2021,,,,2.263819378
MFN applied tariffs,TP_A_0030,Trade-weighted MFN applied tariff average - all products,840,USA,United States of America,-,,-,-,-,-,-,A,Annual,A,Annual,PCT,Percent,2022,,,,2.237150323
MFN applied tariffs,TP_A_0030,Trade-weighted MFN applied tariff average - all products,840,USA,United States of America,-,,-,-,-,-,-,A,Annual,A,Annual,PCT,Percent,2011,,,,2.116104154
MFN applied tariffs,TP_A_0030,Trade-weighted MFN applied tariff average - all products,840,USA,United States of America,-,,-,-,-,-,-,A,Annual,A,Annual,PCT,Percent,2012,,,,2.13557809
MFN applied tariffs,TP_A_0030,Trade-weighted MFN applied tariff average - all products,840,USA,United States of America,-,,-,-,-,-,-,A,Annual,A,Annual,PCT,Percent,2013,,,,2.099430667
MFN applied tariffs,TP_A_0030,Trade-weighted MFN applied tariff average - all products,840,USA,United States of America,-,,-,-,-,-,-,A,Annual,A,Annual,PCT,Percent,2014,,,,2.178006797
MFN applied tariffs,TP_A_0030,Trade-weighted MFN applied tariff average - all products,840,USA,United States of America,-,,-,-,-,-,-,A,Annual,A,Annual,PCT,Percent,2015,,,,2.212538535
MFN applied tariffs,TP_A_0030,Trade-weighted MFN applied tariff average - all products,840,USA,United States of America,-,,-,-,-,-,-,A,Annual,A,Annual,PCT,Percent,2016,,,,2.373056393
MFN applied tariffs,TP_A_0030,Trade-weighted MFN applied tariff average - all products,840,USA,United States of America,-,,-,-,-,-,-,A,Annual,A,Annual,PCT,Percent,2023,,,,2.203423751
MFN applied tariffs,TP_A_0030,Trade-weighted MFN applied tariff average - all products,840,USA,United States of America,-,,-,-,-,-,-,A,Annual,A,Annual,PCT,Percent,2024,,,,2.180947389
MFN applied tariffs,TP_A_0030,Trade-weighted MFN applied tariff average - all products,840,USA,United States of America,-,,-,-,-,-,-,A,Annual,A,Annual,PCT,Percent,2006,,,,2.531908919
MFN applied tariffs,TP_A_0030,Trade-weighted MFN applied tariff average - all products,840,USA,United States of America,-,,-,-,-,-,-,A,Annual,A,Annual,PCT,Percent,2007,,,,2.119989742
MFN applied tariffs,TP_A_0030,Trade-weighted MFN applied tariff average - all products,840,USA,United States of America,-,,-,-,-,-,-,A,Annual,A,Annual,PCT,Percent,2008,,,,2.197749699
MFN applied tariffs,TP_A_0030,Trade-weighted MFN applied tariff average - all products,840,USA,United States of America,-,,-,-,-,-,-,A,Annual,A,Annual,PCT,Percent,2009,,,,1.96298018
MFN applied tariffs,TP_A_0030,Trade-weighted MFN applied tariff average - all products,840,USA,United States of America,-,,-,-,-,-,-,A,Annual,A,Annual,PCT,Percent,2010,,,,2.143039289
MFN applied tariffs,TP_A_0030,Trade-weighted MFN applied tariff average - all products,854,BFA,Burkina Faso,-,,-,-,-,-,-,A,Annual,A,Annual,PCT,Percent,2006,,,,11.73497725
MFN applied tariffs,TP_A_0030,Trade-weighted MFN applied tariff average - all products,854,BFA,Burkina Faso,-,,-,-,-,-,-,A,Annual,A,Annual,PCT,Percent,2010,,,,10.46483852
MFN applied tariffs,TP_A_0030,Trade-weighted MFN applied tariff average - all products,854,BFA,Burkina Faso,-,,-,-,-,-,-,A,Annual,A,Annual,PCT,Percent,2011,,,,10.47044883
MFN applied tariffs,TP_A_0030,Trade-weighted MFN applied tariff average - all products,854,BFA,Burkina Faso,-,,-,-,-,-,-,A,Annual,A,Annual,PCT,Percent,2012,,,,10.35572178
MFN applied tariffs,TP_A_0030,Trade-weighted MFN applied tariff average - all products,854,BFA,Burkina Faso,-,,-,-,-,-,-,A,Annual,A,Annual,PCT,Percent,2019,,,,9.514984312
MFN applied tariffs,TP_A_0030,Trade-weighted MFN applied tariff average - all products,854,BFA,Burkina Faso,-,,-,-,-,-,-,A,Annual,A,Annual,PCT,Percent,2020,,,,9.497213231
MFN applied tariffs,TP_A_0030,Trade-weighted MFN applied tariff average - all products,854,BFA,Burkina Faso,-,,-,-,-,-,-,A,Annual,A,Annual,PCT,Percent,2021,,,,9.370697413
MFN applied tariffs,TP_A_0030,Trade-weighted MFN applied tariff average - all products,854,BFA,Burkina Faso,-,,-,-,-,-,-,A,Annual,A,Annual,PCT,Percent,2022,,,,9.680649948
MFN applied tariffs,TP_A_0030,Trade-weighted MFN applied tariff average - all products,854,BFA,Burkina Faso,-,,-,-,-,-,-,A,Annual,A,Annual,PCT,Percent,2023,,,,9.259324761
MFN applied tariffs,TP_A_0030,Trade-weighted MFN applied tariff average - all products,854,BFA,Burkina Faso,-,,-,-,-,-,-,A,Annual,A,Annual,PCT,Percent,2024,,,,9.514453733
MFN applied tariffs,TP_A_0030,Trade-weighted MFN applied tariff average - all products,854,BFA,Burkina Faso,-,,-,-,-,-,-,A,Annual,A,Annual,PCT,Percent,2013,,,,10.35572178
MFN applied tariffs,TP_A_0030,Trade-weighted MFN applied tariff average - all products,854,BFA,Burkina Faso,-,,-,-,-,-,-,A,Annual,A,Annual,PCT,Percent,2014,,,,9.848137991
MFN applied tariffs,TP_A_0030,Trade-weighted MFN applied tariff average - all products,854,BFA,Burkina Faso,-,,-,-,-,-,-,A,Annual,A,Annual,PCT,Percent,2015,,,,9.781958001
MFN applied tariffs,TP_A_0030,Trade-weighted MFN applied tariff average - all products,854,BFA,Burkina Faso,-,,-,-,-,-,-,A,Annual,A,Annual,PCT,Percent,2016,,,,9.324545067
MFN applied tariffs,TP_A_0030,Trade-weighted MFN applied tariff average - all products,854,BFA,Burkina Faso,-,,-,-,-,-,-,A,Annual,A,Annual,PCT,Percent,2017,,,,9.759566094
MFN applied tariffs,TP_A_0030,Trade-weighted MFN applied tariff average - all products,854,BFA,Burkina Faso,-,,-,-,-,-,-,A,Annual,A,Annual,PCT,Percent,2018,,,,9.301415531
MFN applied tariffs,TP_A_0030,Trade-weighted MFN applied tariff average - all products,858,URY,Uruguay,-,,-,-,-,-,-,A,Annual,A,Annual,PCT,Percent,2024,,,,8.365175223
MFN applied tariffs,TP_A_0030,Trade-weighted MFN applied tariff average - all products,858,URY,Uruguay,-,,-,-,-,-,-,A,Annual,A,Annual,PCT,Percent,2018,,,,10.38955639
MFN applied tariffs,TP_A_0030,Trade-weighted MFN applied tariff average - all products,858,URY,Uruguay,-,,-,-,-,-,-,A,Annual,A,Annual,PCT,Percent,2019,,,,9.621046276
MFN applied tariffs,TP_A_0030,Trade-weighted MFN applied tariff average - all products,858,URY,Uruguay,-,,-,-,-,-,-,A,Annual,A,Annual,PCT,Percent,2020,,,,9.760639803
MFN applied tariffs,TP_A_0030,Trade-weighted MFN applied tariff average - all products,858,URY,Uruguay,-,,-,-,-,-,-,A,Annual,A,Annual,PCT,Percent,2021,,,,9.640048053
MFN applied tariffs,TP_A_0030,Trade-weighted MFN applied tariff average - all products,858,URY,Uruguay,-,,-,-,-,-,-,A,Annual,A,Annual,PCT,Percent,2022,,,,9.425801691
MFN applied tariffs,TP_A_0030,Trade-weighted MFN applied tariff average - all products,858,URY,Uruguay,-,,-,-,-,-,-,A,Annual,A,Annual,PCT,Percent,2023,,,,8.504960386
MFN applied tariffs,TP_A_0030,Trade-weighted MFN applied tariff average - all products,858,URY,Uruguay,-,,-,-,-,-,-,A,Annual,A,Annual,PCT,Percent,2012,,,,8.515477289
MFN applied tariffs,TP_A_0030,Trade-weighted MFN applied tariff average - all products,858,URY,Uruguay,-,,-,-,-,-,-,A,Annual,A,Annual,PCT,Percent,2013,,,,8.334581344
MFN applied tariffs,TP_A_0030,Trade-weighted MFN applied tariff average - all products,858,URY,Uruguay,-,,-,-,-,-,-,A,Annual,A,Annual,PCT,Percent,2014,,,,8.221343368
MFN applied tariffs,TP_A_0030,Trade-weighted MFN applied tariff average - all products,858,URY,Uruguay,-,,-,-,-,-,-,A,Annual,A,Annual,PCT,Percent,2015,,,,8.20605635
MFN applied tariffs,TP_A_0030,Trade-weighted MFN applied tariff average - all products,858,URY,Uruguay,-,,-,-,-,-,-,A,Annual,A,Annual,PCT,Percent,2016,,,,9.582095149
MFN applied tariffs,TP_A_0030,Trade-weighted MFN applied tariff average - all products,858,URY,Uruguay,-,,-,-,-,-,-,A,Annual,A,Annual,PCT,Percent,2017,,,,10.21405844
MFN applied tariffs,TP_A_0030,Trade-weighted MFN applied tariff average - all products,858,URY,Uruguay,-,,-,-,-,-,-,A,Annual,A,Annual,PCT,Percent,2006,,,,7.615047865
MFN applied tariffs,TP_A_0030,Trade-weighted MFN applied tariff average - all products,858,URY,Uruguay,-,,-,-,-,-,-,A,Annual,A,Annual,PCT,Percent,2007,,,,7.3515678
MFN applied tariffs,TP_A_0030,Trade-weighted MFN applied tariff average - all products,858,URY,Uruguay,-,,-,-,-,-,-,A,Annual,A,Annual,PCT,Percent,2008,,,,7.713599112
MFN applied tariffs,TP_A_0030,Trade-weighted MFN applied tariff average - all products,858,URY,Uruguay,-,,-,-,-,-,-,A,Annual,A,Annual,PCT,Percent,2009,,,,6.628573413
MFN applied tariffs,TP_A_0030,Trade-weighted MFN applied tariff average - all products,858,URY,Uruguay,-,,-,-,-,-,-,A,Annual,A,Annual,PCT,Percent,2010,,,,7.749172163
MFN applied tariffs,TP_A_0030,Trade-weighted MFN applied tariff average - all products,858,URY,Uruguay,-,,-,-,-,-,-,A,Annual,A,Annual,PCT,Percent,2011,,,,8.868154339
MFN applied tariffs,TP_A_0030,Trade-weighted MFN applied tariff average - all products,860,UZB,Uzbekistan,-,,-,-,-,-,-,A,Annual,A,Annual,PCT,Percent,2020,,,,4.69241102
MFN applied tariffs,TP_A_0030,Trade-weighted MFN applied tariff average - all products,860,UZB,Uzbekistan,-,,-,-,-,-,-,A,Annual,A,Annual,PCT,Percent,2021,,,,4.673402701
MFN applied tariffs,TP_A_0030,Trade-weighted MFN applied tariff average - all products,862,VEN,"Venezuela, Bolivarian Republic of",-,,-,-,-,-,-,A,Annual,A,Annual,PCT,Percent,2006,,,,13.72191969
MFN applied tariffs,TP_A_0030,Trade-weighted MFN applied tariff average - all products,862,VEN,"Venezuela, Bolivarian Republic of",-,,-,-,-,-,-,A,Annual,A,Annual,PCT,Percent,2007,,,,14.77879532
MFN applied tariffs,TP_A_0030,Trade-weighted MFN applied tariff average - all products,862,VEN,"Venezuela, Bolivarian Republic of",-,,-,-,-,-,-,A,Annual,A,Annual,PCT,Percent,2008,,,,15.35063039
MFN applied tariffs,TP_A_0030,Trade-weighted MFN applied tariff average - all products,862,VEN,"Venezuela, Bolivarian Republic of",-,,-,-,-,-,-,A,Annual,A,Annual,PCT,Percent,2015,,,,12.55950586
MFN applied tariffs,TP_A_0030,Trade-weighted MFN applied tariff average - all products,862,VEN,"Venezuela, Bolivarian Republic of",-,,-,-,-,-,-,A,Annual,A,Annual,PCT,Percent,2017,,,,12.58982264
MFN applied tariffs,TP_A_0030,Trade-weighted MFN applied tariff average - all products,862,VEN,"Venezuela, Bolivarian Republic of",-,,-,-,-,-,-,A,Annual,A,Annual,PCT,Percent,2009,,,,15.02106012
MFN applied tariffs,TP_A_0030,Trade-weighted MFN applied tariff average - all products,862,VEN,"Venezuela, Bolivarian Republic of",-,,-,-,-,-,-,A,Annual,A,Annual,PCT,Percent,2010,,,,12.19169874
MFN applied tariffs,TP_A_0030,Trade-weighted MFN applied tariff average - all products,862,VEN,"Venezuela, Bolivarian Republic of",-,,-,-,-,-,-,A,Annual,A,Annual,PCT,Percent,2011,,,,11.54866002
MFN applied tariffs,TP_A_0030,Trade-weighted MFN applied tariff average - all products,862,VEN,"Venezuela, Bolivarian Republic of",-,,-,-,-,-,-,A,Annual,A,Annual,PCT,Percent,2012,,,,11.06276823
MFN applied tariffs,TP_A_0030,Trade-weighted MFN applied tariff average - all products,862,VEN,"Venezuela, Bolivarian Republic of",-,,-,-,-,-,-,A,Annual,A,Annual,PCT,Percent,2013,,,,13.89184277
MFN applied tariffs,TP_A_0030,Trade-weighted MFN applied tariff average - all products,862,VEN,"Venezuela, Bolivarian Republic of",-,,-,-,-,-,-,A,Annual,A,Annual,PCT,Percent,2014,,,,14.4875143
MFN applied tariffs,TP_A_0030,Trade-weighted MFN applied tariff average - all products,882,WSM,Samoa,-,,-,-,-,-,-,A,Annual,A,Annual,PCT,Percent,2013,,,,9.416326351
MFN applied tariffs,TP_A_0030,Trade-weighted MFN applied tariff average - all products,882,WSM,Samoa,-,,-,-,-,-,-,A,Annual,A,Annual,PCT,Percent,2014,,,,9.855580105
MFN applied tariffs,TP_A_0030,Trade-weighted MFN applied tariff average - all products,882,WSM,Samoa,-,,-,-,-,-,-,A,Annual,A,Annual,PCT,Percent,2015,,,,9.989636842
MFN applied tariffs,TP_A_0030,Trade-weighted MFN applied tariff average - all products,882,WSM,Samoa,-,,-,-,-,-,-,A,Annual,A,Annual,PCT,Percent,2016,,,,9.846203206
MFN applied tariffs,TP_A_0030,Trade-weighted MFN applied tariff average - all products,882,WSM,Samoa,-,,-,-,-,-,-,A,Annual,A,Annual,PCT,Percent,2017,,,,9.694819622
MFN applied tariffs,TP_A_0030,Trade-weighted MFN applied tariff average - all products,882,WSM,Samoa,-,,-,-,-,-,-,A,Annual,A,Annual,PCT,Percent,2018,,,,9.276569256
MFN applied tariffs,TP_A_0030,Trade-weighted MFN applied tariff average - all products,882,WSM,Samoa,-,,-,-,-,-,-,A,Annual,A,Annual,PCT,Percent,2021,,,,8.866222613
MFN applied tariffs,TP_A_0030,Trade-weighted MFN applied tariff average - all products,887,YEM,Yemen,-,,-,-,-,-,-,A,Annual,A,Annual,PCT,Percent,2006,,,,6.926349835
MFN applied tariffs,TP_A_0030,Trade-weighted MFN applied tariff average - all products,887,YEM,Yemen,-,,-,-,-,-,-,A,Annual,A,Annual,PCT,Percent,2009,,,,5.714995344
MFN applied tariffs,TP_A_0030,Trade-weighted MFN applied tariff average - all products,887,YEM,Yemen,-,,-,-,-,-,-,A,Annual,A,Annual,PCT,Percent,2011,,,,5.714945721
MFN applied tariffs,TP_A_0030,Trade-weighted MFN applied tariff average - all products,887,YEM,Yemen,-,,-,-,-,-,-,A,Annual,A,Annual,PCT,Percent,2012,,,,6.136177418
MFN applied tariffs,TP_A_0030,Trade-weighted MFN applied tariff average - all products,887,YEM,Yemen,-,,-,-,-,-,-,A,Annual,A,Annual,PCT,Percent,2013,,,,5.33744504
MFN applied tariffs,TP_A_0030,Trade-weighted MFN applied tariff average - all products,887,YEM,Yemen,-,,-,-,-,-,-,A,Annual,A,Annual,PCT,Percent,2015,,,,6.228093243
MFN applied tariffs,TP_A_0030,Trade-weighted MFN applied tariff average - all products,887,YEM,Yemen,-,,-,-,-,-,-,A,Annual,A,Annual,PCT,Percent,2016,,,,6.247490633
MFN applied tariffs,TP_A_0030,Trade-weighted MFN applied tariff average - all products,887,YEM,Yemen,-,,-,-,-,-,-,A,Annual,A,Annual,PCT,Percent,2017,,,,6.250883661
MFN applied tariffs,TP_A_0030,Trade-weighted MFN applied tariff average - all products,892,SRB,Serbia,-,,-,-,-,-,-,A,Annual,A,Annual,PCT,Percent,2007,,,,6.01755
MFN applied tariffs,TP_A_0030,Trade-weighted MFN applied tariff average - all products,892,SRB,Serbia,-,,-,-,-,-,-,A,Annual,A,Annual,PCT,Percent,2022,,,,6.652073418
MFN applied tariffs,TP_A_0030,Trade-weighted MFN applied tariff average - all products,892,SRB,Serbia,-,,-,-,-,-,-,A,Annual,A,Annual,PCT,Percent,2023,,,,6.381067124
MFN applied tariffs,TP_A_0030,Trade-weighted MFN applied tariff average - all products,892,SRB,Serbia,-,,-,-,-,-,-,A,Annual,A,Annual,PCT,Percent,2024,,,,6.703414438
MFN applied tariffs,TP_A_0030,Trade-weighted MFN applied tariff average - all products,892,SRB,Serbia,-,,-,-,-,-,-,A,Annual,A,Annual,PCT,Percent,2015,,,,6.176539566
MFN applied tariffs,TP_A_0030,Trade-weighted MFN applied tariff average - all products,892,SRB,Serbia,-,,-,-,-,-,-,A,Annual,A,Annual,PCT,Percent,2016,,,,6.330032713
MFN applied tariffs,TP_A_0030,Trade-weighted MFN applied tariff average - all products,892,SRB,Serbia,-,,-,-,-,-,-,A,Annual,A,Annual,PCT,Percent,2017,,,,6.46384223
MFN applied tariffs,TP_A_0030,Trade-weighted MFN applied tariff average - all products,892,SRB,Serbia,-,,-,-,-,-,-,A,Annual,A,Annual,PCT,Percent,2018,,,,6.380767922
MFN applied tariffs,TP_A_0030,Trade-weighted MFN applied tariff average - all products,892,SRB,Serbia,-,,-,-,-,-,-,A,Annual,A,Annual,PCT,Percent,2019,,,,6.542629543
MFN applied tariffs,TP_A_0030,Trade-weighted MFN applied tariff average - all products,892,SRB,Serbia,-,,-,-,-,-,-,A,Annual,A,Annual,PCT,Percent,2021,,,,7.023348115
MFN applied tariffs,TP_A_0030,Trade-weighted MFN applied tariff average - all products,892,SRB,Serbia,-,,-,-,-,-,-,A,Annual,A,Annual,PCT,Percent,2008,,,,6.065244304
MFN applied tariffs,TP_A_0030,Trade-weighted MFN applied tariff average - all products,892,SRB,Serbia,-,,-,-,-,-,-,A,Annual,A,Annual,PCT,Percent,2009,,,,6.286357964
MFN applied tariffs,TP_A_0030,Trade-weighted MFN applied tariff average - all products,892,SRB,Serbia,-,,-,-,-,-,-,A,Annual,A,Annual,PCT,Percent,2010,,,,6.538176665
MFN applied tariffs,TP_A_0030,Trade-weighted MFN applied tariff average - all products,892,SRB,Serbia,-,,-,-,-,-,-,A,Annual,A,Annual,PCT,Percent,2011,,,,5.853455017
MFN applied tariffs,TP_A_0030,Trade-weighted MFN applied tariff average - all products,892,SRB,Serbia,-,,-,-,-,-,-,A,Annual,A,Annual,PCT,Percent,2013,,,,6.085390408
MFN applied tariffs,TP_A_0030,Trade-weighted MFN applied tariff average - all products,892,SRB,Serbia,-,,-,-,-,-,-,A,Annual,A,Annual,PCT,Percent,2014,,,,6.061005122
MFN applied tariffs,TP_A_0030,Trade-weighted MFN applied tariff average - all products,893,MNE,Montenegro,-,,-,-,-,-,-,A,Annual,A,Annual,PCT,Percent,2010,,,,8.013853448
MFN applied tariffs,TP_A_0030,Trade-weighted MFN applied tariff average - all products,893,MNE,Montenegro,-,,-,-,-,-,-,A,Annual,A,Annual,PCT,Percent,2011,,,,8.002538498
MFN applied tariffs,TP_A_0030,Trade-weighted MFN applied tariff average - all products,893,MNE,Montenegro,-,,-,-,-,-,-,A,Annual,A,Annual,PCT,Percent,2012,,,,7.804829654
MFN applied tariffs,TP_A_0030,Trade-weighted MFN applied tariff average - all products,893,MNE,Montenegro,-,,-,-,-,-,-,A,Annual,A,Annual,PCT,Percent,2019,,,,5.268742092
MFN applied tariffs,TP_A_0030,Trade-weighted MFN applied tariff average - all products,893,MNE,Montenegro,-,,-,-,-,-,-,A,Annual,A,Annual,PCT,Percent,2020,,,,5.644827461
MFN applied tariffs,TP_A_0030,Trade-weighted MFN applied tariff average - all products,893,MNE,Montenegro,-,,-,-,-,-,-,A,Annual,A,Annual,PCT,Percent,2021,,,,5.364805275
MFN applied tariffs,TP_A_0030,Trade-weighted MFN applied tariff average - all products,893,MNE,Montenegro,-,,-,-,-,-,-,A,Annual,A,Annual,PCT,Percent,2022,,,,5.617260392
MFN applied tariffs,TP_A_0030,Trade-weighted MFN applied tariff average - all products,893,MNE,Montenegro,-,,-,-,-,-,-,A,Annual,A,Annual,PCT,Percent,2023,,,,5.236763574
MFN applied tariffs,TP_A_0030,Trade-weighted MFN applied tariff average - all products,893,MNE,Montenegro,-,,-,-,-,-,-,A,Annual,A,Annual,PCT,Percent,2024,,,,5.817990355
MFN applied tariffs,TP_A_0030,Trade-weighted MFN applied tariff average - all products,893,MNE,Montenegro,-,,-,-,-,-,-,A,Annual,A,Annual,PCT,Percent,2013,,,,7.23399786
MFN applied tariffs,TP_A_0030,Trade-weighted MFN applied tariff average - all products,893,MNE,Montenegro,-,,-,-,-,-,-,A,Annual,A,Annual,PCT,Percent,2014,,,,7.773367235
MFN applied tariffs,TP_A_0030,Trade-weighted MFN applied tariff average - all products,893,MNE,Montenegro,-,,-,-,-,-,-,A,Annual,A,Annual,PCT,Percent,2015,,,,7.388731676
MFN applied tariffs,TP_A_0030,Trade-weighted MFN applied tariff average - all products,893,MNE,Montenegro,-,,-,-,-,-,-,A,Annual,A,Annual,PCT,Percent,2016,,,,6.567826676
MFN applied tariffs,TP_A_0030,Trade-weighted MFN applied tariff average - all products,893,MNE,Montenegro,-,,-,-,-,-,-,A,Annual,A,Annual,PCT,Percent,2017,,,,6.254658433
MFN applied tariffs,TP_A_0030,Trade-weighted MFN applied tariff average - all products,893,MNE,Montenegro,-,,-,-,-,-,-,A,Annual,A,Annual,PCT,Percent,2018,,,,5.524327499
MFN applied tariffs,TP_A_0030,Trade-weighted MFN applied tariff average - all products,894,ZMB,Zambia,-,,-,-,-,-,-,A,Annual,A,Annual,PCT,Percent,2012,,,,8.501953391
MFN applied tariffs,TP_A_0030,Trade-weighted MFN applied tariff average - all products,894,ZMB,Zambia,-,,-,-,-,-,-,A,Annual,A,Annual,PCT,Percent,2013,,,,7.823014108
MFN applied tariffs,TP_A_0030,Trade-weighted MFN applied tariff average - all products,894,ZMB,Zambia,-,,-,-,-,-,-,A,Annual,A,Annual,PCT,Percent,2014,,,,8.546717567
MFN applied tariffs,TP_A_0030,Trade-weighted MFN applied tariff average - all products,894,ZMB,Zambia,-,,-,-,-,-,-,A,Annual,A,Annual,PCT,Percent,2015,,,,9.415711748
MFN applied tariffs,TP_A_0030,Trade-weighted MFN applied tariff average - all products,894,ZMB,Zambia,-,,-,-,-,-,-,A,Annual,A,Annual,PCT,Percent,2016,,,,12.02327128
MFN applied tariffs,TP_A_0030,Trade-weighted MFN applied tariff average - all products,894,ZMB,Zambia,-,,-,-,-,-,-,A,Annual,A,Annual,PCT,Percent,2018,,,,8.434173896
MFN applied tariffs,TP_A_0030,Trade-weighted MFN applied tariff average - all products,894,ZMB,Zambia,-,,-,-,-,-,-,A,Annual,A,Annual,PCT,Percent,2005,,,,10.600396
MFN applied tariffs,TP_A_0030,Trade-weighted MFN applied tariff average - all products,894,ZMB,Zambia,-,,-,-,-,-,-,A,Annual,A,Annual,PCT,Percent,2007,,,,11.00529561
MFN applied tariffs,TP_A_0030,Trade-weighted MFN applied tariff average - all products,894,ZMB,Zambia,-,,-,-,-,-,-,A,Annual,A,Annual,PCT,Percent,2008,,,,10.58225424
MFN applied tariffs,TP_A_0030,Trade-weighted MFN applied tariff average - all products,894,ZMB,Zambia,-,,-,-,-,-,-,A,Annual,A,Annual,PCT,Percent,2009,,,,9.702905592
MFN applied tariffs,TP_A_0030,Trade-weighted MFN applied tariff average - all products,894,ZMB,Zambia,-,,-,-,-,-,-,A,Annual,A,Annual,PCT,Percent,2010,,,,8.686932157
MFN applied tariffs,TP_A_0030,Trade-weighted MFN applied tariff average - all products,894,ZMB,Zambia,-,,-,-,-,-,-,A,Annual,A,Annual,PCT,Percent,2011,,,,8.695512193
MFN applied tariffs,TP_A_0030,Trade-weighted MFN applied tariff average - all products,894,ZMB,Zambia,-,,-,-,-,-,-,A,Annual,A,Annual,PCT,Percent,2021,,,,9.920732314
MFN applied tariffs,TP_A_0030,Trade-weighted MFN applied tariff average - all products,894,ZMB,Zambia,-,,-,-,-,-,-,A,Annual,A,Annual,PCT,Percent,2022,,,,10.7707255
MFN applied tariffs,TP_A_0030,Trade-weighted MFN applied tariff average - all products,894,ZMB,Zambia,-,,-,-,-,-,-,A,Annual,A,Annual,PCT,Percent,2023,,,,9.59044707
MFN applied tariffs,TP_A_0030,Trade-weighted MFN applied tariff average - all products,894,ZMB,Zambia,-,,-,-,-,-,-,A,Annual,A,Annual,PCT,Percent,2024,,,,11.09882451
MFN applied tariffs,TP_A_0030,Trade-weighted MFN applied tariff average - all products,918,EEC,European Union,-,,-,-,-,-,-,A,Annual,A,Annual,PCT,Percent,2006,,,,3.402002782
MFN applied tariffs,TP_A_0030,Trade-weighted MFN applied tariff average - all products,918,EEC,European Union,-,,-,-,-,-,-,A,Annual,A,Annual,PCT,Percent,2007,,,,2.950139653
MFN applied tariffs,TP_A_0030,Trade-weighted MFN applied tariff average - all products,918,EEC,European Union,-,,-,-,-,-,-,A,Annual,A,Annual,PCT,Percent,2020,,,,2.940616532
MFN applied tariffs,TP_A_0030,Trade-weighted MFN applied tariff average - all products,918,EEC,European Union,-,,-,-,-,-,-,A,Annual,A,Annual,PCT,Percent,2021,,,,3.178958749
MFN applied tariffs,TP_A_0030,Trade-weighted MFN applied tariff average - all products,918,EEC,European Union,-,,-,-,-,-,-,A,Annual,A,Annual,PCT,Percent,2022,,,,2.893806197
MFN applied tariffs,TP_A_0030,Trade-weighted MFN applied tariff average - all products,918,EEC,European Union,-,,-,-,-,-,-,A,Annual,A,Annual,PCT,Percent,2023,,,,2.692549805
MFN applied tariffs,TP_A_0030,Trade-weighted MFN applied tariff average - all products,918,EEC,European Union,-,,-,-,-,-,-,A,Annual,A,Annual,PCT,Percent,2024,,,,2.843280719
MFN applied tariffs,TP_A_0030,Trade-weighted MFN applied tariff average - all products,918,EEC,European Union,-,,-,-,-,-,-,A,Annual,A,Annual,PCT,Percent,2014,,,,3.607663353
MFN applied tariffs,TP_A_0030,Trade-weighted MFN applied tariff average - all products,918,EEC,European Union,-,,-,-,-,-,-,A,Annual,A,Annual,PCT,Percent,2015,,,,2.74067199
MFN applied tariffs,TP_A_0030,Trade-weighted MFN applied tariff average - all products,918,EEC,European Union,-,,-,-,-,-,-,A,Annual,A,Annual,PCT,Percent,2016,,,,2.967884694
MFN applied tariffs,TP_A_0030,Trade-weighted MFN applied tariff average - all products,918,EEC,European Union,-,,-,-,-,-,-,A,Annual,A,Annual,PCT,Percent,2017,,,,3.179455246
MFN applied tariffs,TP_A_0030,Trade-weighted MFN applied tariff average - all products,918,EEC,European Union,-,,-,-,-,-,-,A,Annual,A,Annual,PCT,Percent,2018,,,,3.023112828
MFN applied tariffs,TP_A_0030,Trade-weighted MFN applied tariff average - all products,918,EEC,European Union,-,,-,-,-,-,-,A,Annual,A,Annual,PCT,Percent,2019,,,,2.998560541
MFN applied tariffs,TP_A_0030,Trade-weighted MFN applied tariff average - all products,918,EEC,European Union,-,,-,-,-,-,-,A,Annual,A,Annual,PCT,Percent,2008,,,,2.735598581
MFN applied tariffs,TP_A_0030,Trade-weighted MFN applied tariff average - all products,918,EEC,European Union,-,,-,-,-,-,-,A,Annual,A,Annual,PCT,Percent,2009,,,,2.867844207
MFN applied tariffs,TP_A_0030,Trade-weighted MFN applied tariff average - all products,918,EEC,European Union,-,,-,-,-,-,-,A,Annual,A,Annual,PCT,Percent,2010,,,,3.184577417
MFN applied tariffs,TP_A_0030,Trade-weighted MFN applied tariff average - all products,918,EEC,European Union,-,,-,-,-,-,-,A,Annual,A,Annual,PCT,Percent,2011,,,,2.836925549
MFN applied tariffs,TP_A_0030,Trade-weighted MFN applied tariff average - all products,918,EEC,European Union,-,,-,-,-,-,-,A,Annual,A,Annual,PCT,Percent,2012,,,,2.667978976
MFN applied tariffs,TP_A_0030,Trade-weighted MFN applied tariff average - all products,918,EEC,European Union,-,,-,-,-,-,-,A,Annual,A,Annual,PCT,Percent,2013,,,,2.603580562
